threshold,unsafe_approval_rate,wasted_refusal_rate,policy
inf,0.0,1.0,P1 minutes left (brief)
25.03124844668531,0.0,0.9998810515046984,P1 minutes left (brief)
12.850507544846819,0.0,0.9973831331033662,P1 minutes left (brief)
12.432555928813489,0.0,0.9971452361127632,P1 minutes left (brief)
6.637777520570718,0.0,0.9820387772094683,P1 minutes left (brief)
6.635124163790711,0.0,0.9818008802188652,P1 minutes left (brief)
6.320196475321653,0.0,0.9795408588081361,P1 minutes left (brief)
6.310011559433049,8.625894936599672e-05,0.9795408588081361,P1 minutes left (brief)
5.637116572298099,8.625894936599672e-05,0.974188176519567,P1 minutes left (brief)
5.623250066139231,8.625894936599672e-05,0.973950279528964,P1 minutes left (brief)
5.5067641090589765,8.625894936599672e-05,0.9718092066135363,P1 minutes left (brief)
5.5047183010304,8.625894936599672e-05,0.9715713096229333,P1 minutes left (brief)
5.398296137338695,8.625894936599672e-05,0.9699060306887118,P1 minutes left (brief)
5.3839292989671215,0.00017251789873199344,0.9699060306887118,P1 minutes left (brief)
5.309832229255565,0.00017251789873199344,0.9681218032591887,P1 minutes left (brief)
5.30668854774511,0.00025877684809799017,0.9681218032591887,P1 minutes left (brief)
5.202479457661152,0.00025877684809799017,0.9659807303437612,P1 minutes left (brief)
5.178965408995409,0.00025877684809799017,0.9657428333531581,P1 minutes left (brief)
5.152036895868956,0.00025877684809799017,0.9650291423813488,P1 minutes left (brief)
5.1402436729884124,0.0003450357974639869,0.9650291423813488,P1 minutes left (brief)
5.085431812766933,0.0003450357974639869,0.9638396574283336,P1 minutes left (brief)
5.082039026544404,0.00043129474682998363,0.9638396574283336,P1 minutes left (brief)
5.078443153436891,0.00043129474682998363,0.963720708933032,P1 minutes left (brief)
5.071425674943764,0.0005175536961959803,0.963720708933032,P1 minutes left (brief)
5.062780999285668,0.0005175536961959803,0.9631259664565244,P1 minutes left (brief)
5.0516528381433154,0.0006900715949279737,0.9631259664565244,P1 minutes left (brief)
5.034461479565111,0.0006900715949279737,0.9625312239800167,P1 minutes left (brief)
5.03337313727457,0.0007763305442939705,0.9625312239800167,P1 minutes left (brief)
4.897622680582747,0.0007763305442939705,0.9600333055786844,P1 minutes left (brief)
4.894109596633934,0.0008625894936599673,0.9600333055786844,P1 minutes left (brief)
4.780586841546902,0.0008625894936599673,0.9572974901867491,P1 minutes left (brief)
4.780311074566076,0.000948848443025964,0.9572974901867491,P1 minutes left (brief)
4.750422148633638,0.000948848443025964,0.9564648507196384,P1 minutes left (brief)
4.730883487728505,0.0011213663417579574,0.9564648507196384,P1 minutes left (brief)
4.692714407435367,0.0011213663417579574,0.95503746877602,P1 minutes left (brief)
4.690707246985873,0.001207625291123954,0.95503746877602,P1 minutes left (brief)
4.645641957354243,0.001207625291123954,0.9533721898417985,P1 minutes left (brief)
4.644741316552816,0.0012938842404899508,0.9533721898417985,P1 minutes left (brief)
4.640143363654103,0.0012938842404899508,0.9528963958605924,P1 minutes left (brief)
4.6321346520998565,0.0013801431898559475,0.9528963958605924,P1 minutes left (brief)
4.54640566189208,0.0013801431898559475,0.9505174259545617,P1 minutes left (brief)
4.53354719426791,0.0014664021392219442,0.9505174259545617,P1 minutes left (brief)
4.404417383665259,0.0014664021392219442,0.9459973831331033,P1 minutes left (brief)
4.395091870095582,0.001552661088587941,0.9459973831331033,P1 minutes left (brief)
4.376652200247979,0.001552661088587941,0.9455215891518972,P1 minutes left (brief)
4.369149037049169,0.0016389200379539378,0.9455215891518972,P1 minutes left (brief)
4.357330367127869,0.0016389200379539378,0.944807898180088,P1 minutes left (brief)
4.3535822757373355,0.0018114379366859312,0.944807898180088,P1 minutes left (brief)
4.28196850240768,0.0018114379366859312,0.9414773403116451,P1 minutes left (brief)
4.2787028253593595,0.001897696886051928,0.9414773403116451,P1 minutes left (brief)
4.204915162328598,0.001897696886051928,0.9388604734150113,P1 minutes left (brief)
4.203245032605391,0.0019839558354179244,0.9388604734150113,P1 minutes left (brief)
4.137513745017509,0.0019839558354179244,0.936124658023076,P1 minutes left (brief)
4.134416697159052,0.0020702147847839214,0.936124658023076,P1 minutes left (brief)
4.1315316392724935,0.0020702147847839214,0.9358867610324729,P1 minutes left (brief)
4.123604197909097,0.0020702147847839214,0.9355299155465684,P1 minutes left (brief)
4.120571782553144,0.002156473734149918,0.9355299155465684,P1 minutes left (brief)
4.089818928813269,0.002156473734149918,0.9339835851076483,P1 minutes left (brief)
4.089057547883153,0.002156473734149918,0.9337456881170453,P1 minutes left (brief)
4.051291906529877,0.002156473734149918,0.9318425121922208,P1 minutes left (brief)
4.049285390259594,0.002156473734149918,0.9316046152016177,P1 minutes left (brief)
3.9248835750894364,0.002156473734149918,0.9239919115023195,P1 minutes left (brief)
3.924388012747211,0.0022427326835159148,0.9239919115023195,P1 minutes left (brief)
3.860683549650842,0.0022427326835159148,0.9195908171761628,P1 minutes left (brief)
3.8591576844010254,0.0023289916328819117,0.9195908171761628,P1 minutes left (brief)
3.8443911308057404,0.0023289916328819117,0.918758177709052,P1 minutes left (brief)
3.8378705132650235,0.0023289916328819117,0.9185202807184489,P1 minutes left (brief)
3.8148811288206947,0.0023289916328819117,0.9173307957654335,P1 minutes left (brief)
3.811117942885825,0.002415250582247908,0.9173307957654335,P1 minutes left (brief)
3.7625596003403365,0.002415250582247908,0.9137623409063875,P1 minutes left (brief)
3.761583170892201,0.002501509531613905,0.9137623409063875,P1 minutes left (brief)
3.676779650643802,0.002501509531613905,0.9068633281788985,P1 minutes left (brief)
3.674226150783368,0.0025877684809799016,0.9068633281788985,P1 minutes left (brief)
3.6713218769491736,0.0025877684809799016,0.9065064826929939,P1 minutes left (brief)
3.6707936138612167,0.0025877684809799016,0.9062685857023909,P1 minutes left (brief)
3.6344412754527777,0.0025877684809799016,0.9035327703104555,P1 minutes left (brief)
3.6336722486720183,0.0026740274303458985,0.9035327703104555,P1 minutes left (brief)
3.629080271751208,0.0026740274303458985,0.9029380278339479,P1 minutes left (brief)
3.628738791578176,0.0026740274303458985,0.9027001308433449,P1 minutes left (brief)
3.6156019573895675,0.0026740274303458985,0.9016295943856311,P1 minutes left (brief)
3.614130674789539,0.002760286379711895,0.9016295943856311,P1 minutes left (brief)
3.5774993450636297,0.002760286379711895,0.8981800880218865,P1 minutes left (brief)
3.5764672605817904,0.002846545329077892,0.8981800880218865,P1 minutes left (brief)
3.5626537098664373,0.002846545329077892,0.896276912097062,P1 minutes left (brief)
3.5624596269473163,0.0029328042784438884,0.896276912097062,P1 minutes left (brief)
3.542232543186791,0.0029328042784438884,0.894730581658142,P1 minutes left (brief)
3.5409467198443725,0.0029328042784438884,0.894492684667539,P1 minutes left (brief)
3.539642038277323,0.0029328042784438884,0.8942547876769359,P1 minutes left (brief)
3.5369969147149205,0.0030190632278098853,0.8942547876769359,P1 minutes left (brief)
3.479704720692202,0.0030190632278098853,0.8894968478648745,P1 minutes left (brief)
3.4795798844111396,0.0030190632278098853,0.8892589508742714,P1 minutes left (brief)
3.4690474419458566,0.0030190632278098853,0.8877126204353515,P1 minutes left (brief)
3.4675299435314595,0.003105322177175882,0.8877126204353515,P1 minutes left (brief)
3.4561903013739745,0.003105322177175882,0.886285238491733,P1 minutes left (brief)
3.4527535312924282,0.0031915811265418787,0.886285238491733,P1 minutes left (brief)
3.3906007281286143,0.0031915811265418787,0.8802188652313548,P1 minutes left (brief)
3.3899389098297603,0.0032778400759078757,0.8802188652313548,P1 minutes left (brief)
3.3464598150292035,0.0032778400759078757,0.873795646485072,P1 minutes left (brief)
3.346113411427457,0.003364099025273872,0.873795646485072,P1 minutes left (brief)
3.3423469074636043,0.003364099025273872,0.8728440585226597,P1 minutes left (brief)
3.3411148318619923,0.003450357974639869,0.8728440585226597,P1 minutes left (brief)
3.340115206056123,0.003450357974639869,0.8724872130367551,P1 minutes left (brief)
3.3376210402167907,0.003450357974639869,0.872249316046152,P1 minutes left (brief)
3.261482801829763,0.003450357974639869,0.861543951469014,P1 minutes left (brief)
3.259420847769779,0.003450357974639869,0.8613060544784108,P1 minutes left (brief)
3.246868876425048,0.003450357974639869,0.859759724039491,P1 minutes left (brief)
3.2463866512932125,0.003450357974639869,0.8595218270488878,P1 minutes left (brief)
3.2323789152253797,0.003450357974639869,0.8579754966099679,P1 minutes left (brief)
3.2323533190661355,0.003450357974639869,0.8577375996193648,P1 minutes left (brief)
3.182155176067414,0.003450357974639869,0.8510764838824789,P1 minutes left (brief)
3.1817705851779228,0.003450357974639869,0.8508385868918759,P1 minutes left (brief)
3.1192113941973783,0.003450357974639869,0.8412037587724515,P1 minutes left (brief)
3.118943343007479,0.0035366169240058655,0.8412037587724515,P1 minutes left (brief)
3.064357793531302,0.0035366169240058655,0.8320447246342334,P1 minutes left (brief)
3.063403171220131,0.0036228758733718625,0.8320447246342334,P1 minutes left (brief)
3.05052101560822,0.0036228758733718625,0.8289520637563935,P1 minutes left (brief)
3.0499368694581066,0.003709134822737859,0.8289520637563935,P1 minutes left (brief)
3.0242637322028543,0.003709134822737859,0.8235993814678244,P1 minutes left (brief)
3.024040874349307,0.003709134822737859,0.8233614844772214,P1 minutes left (brief)
3.0158258553711472,0.003709134822737859,0.8212204115617937,P1 minutes left (brief)
3.0150136656806046,0.003795393772103856,0.8212204115617937,P1 minutes left (brief)
2.9985236291314203,0.003795393772103856,0.8189603901510646,P1 minutes left (brief)
2.9982454934243585,0.003795393772103856,0.8187224931604615,P1 minutes left (brief)
2.9935974213047793,0.003795393772103856,0.8178898536933508,P1 minutes left (brief)
2.9931732769330046,0.0038816527214698524,0.8178898536933508,P1 minutes left (brief)
2.971681981569902,0.0038816527214698524,0.8140835018437017,P1 minutes left (brief)
2.9712962827962053,0.0038816527214698524,0.8138456048530986,P1 minutes left (brief)
2.9708070867222784,0.0038816527214698524,0.8137266563577971,P1 minutes left (brief)
2.9704879075205888,0.003967911670835849,0.8137266563577971,P1 minutes left (brief)
2.9341383914105346,0.003967911670835849,0.8070655406209112,P1 minutes left (brief)
2.932646175777193,0.003967911670835849,0.8068276436303081,P1 minutes left (brief)
2.915129489672023,0.003967911670835849,0.8034970857618651,P1 minutes left (brief)
2.914976290755598,0.003967911670835849,0.803259188771262,P1 minutes left (brief)
2.9109504038688367,0.003967911670835849,0.8029023432853575,P1 minutes left (brief)
2.9089039343812866,0.003967911670835849,0.8024265493041514,P1 minutes left (brief)
2.906217442460789,0.003967911670835849,0.801237064351136,P1 minutes left (brief)
2.905934819604202,0.004054170620201846,0.801237064351136,P1 minutes left (brief)
2.899475091455412,0.004054170620201846,0.8002854763887237,P1 minutes left (brief)
2.8994432146721523,0.004140429569567843,0.8002854763887237,P1 minutes left (brief)
2.88177403766008,0.004140429569567843,0.7967170215296777,P1 minutes left (brief)
2.8811560499726663,0.00422668851893384,0.7967170215296777,P1 minutes left (brief)
2.8774934437144495,0.00422668851893384,0.7962412275484715,P1 minutes left (brief)
2.8772829870573675,0.004312947468299836,0.7962412275484715,P1 minutes left (brief)
2.8615924675329145,0.004312947468299836,0.7927917211847271,P1 minutes left (brief)
2.8599898911762627,0.004399206417665833,0.7927917211847271,P1 minutes left (brief)
2.8441343508608417,0.004399206417665833,0.7891043178303795,P1 minutes left (brief)
2.8437723771840107,0.004399206417665833,0.7888664208397764,P1 minutes left (brief)
2.823280218242255,0.004399206417665833,0.7844653265136197,P1 minutes left (brief)
2.8232497102552347,0.0044854653670318295,0.7844653265136197,P1 minutes left (brief)
2.8183283358462226,0.0044854653670318295,0.7829189960746996,P1 minutes left (brief)
2.8177788092309197,0.0044854653670318295,0.7826810990840966,P1 minutes left (brief)
2.8069909736943695,0.0044854653670318295,0.7797073867015583,P1 minutes left (brief)
2.806828920191399,0.0045717243163978264,0.7797073867015583,P1 minutes left (brief)
2.8065579316914135,0.0045717243163978264,0.7794694897109551,P1 minutes left (brief)
2.8026693354189276,0.0045717243163978264,0.7785179017485429,P1 minutes left (brief)
2.8023235564390854,0.004657983265763823,0.7785179017485429,P1 minutes left (brief)
2.795438929611785,0.004657983265763823,0.7773284167955276,P1 minutes left (brief)
2.7939300815014816,0.004657983265763823,0.7770905198049245,P1 minutes left (brief)
2.784998311384716,0.004657983265763823,0.7757820863566076,P1 minutes left (brief)
2.784527227521067,0.004657983265763823,0.7755441893660046,P1 minutes left (brief)
2.739862499721427,0.004657983265763823,0.766504103723088,P1 minutes left (brief)
2.739448422133881,0.004744242215129819,0.766504103723088,P1 minutes left (brief)
2.7292821120620663,0.004744242215129819,0.7640061853217557,P1 minutes left (brief)
2.729011075097836,0.004744242215129819,0.7637682883311526,P1 minutes left (brief)
2.7235223582748174,0.004744242215129819,0.7632924943499465,P1 minutes left (brief)
2.7223639813810148,0.004830501164495816,0.7632924943499465,P1 minutes left (brief)
2.7199885130148185,0.004830501164495816,0.7626977518734388,P1 minutes left (brief)
2.7198529700548897,0.004830501164495816,0.7624598548828357,P1 minutes left (brief)
2.712853317110662,0.004830501164495816,0.7610324729392173,P1 minutes left (brief)
2.710565479201723,0.004830501164495816,0.7607945759486142,P1 minutes left (brief)
2.708981553040793,0.004830501164495816,0.7603187819674081,P1 minutes left (brief)
2.7089546805445104,0.004830501164495816,0.760080884976805,P1 minutes left (brief)
2.6413035407039893,0.004830501164495816,0.746282859521827,P1 minutes left (brief)
2.6399504801451874,0.004830501164495816,0.746044962531224,P1 minutes left (brief)
2.6208095669681226,0.004830501164495816,0.7418817651956703,P1 minutes left (brief)
2.620060129085395,0.004916760113861813,0.7418817651956703,P1 minutes left (brief)
2.60611683653355,0.004916760113861813,0.7387891043178304,P1 minutes left (brief)
2.6055852744644588,0.005089278012593806,0.7387891043178304,P1 minutes left (brief)
2.553721395319693,0.005089278012593806,0.7264184608064708,P1 minutes left (brief)
2.553509198595806,0.005175536961959803,0.7264184608064708,P1 minutes left (brief)
2.527924095265056,0.005175536961959803,0.7201141905554895,P1 minutes left (brief)
2.5264397967100733,0.005175536961959803,0.7198762935648864,P1 minutes left (brief)
2.5175292316183517,0.005175536961959803,0.7172594266682526,P1 minutes left (brief)
2.5175151829115063,0.005175536961959803,0.7170215296776496,P1 minutes left (brief)
2.5021829427893993,0.005175536961959803,0.7128583323420958,P1 minutes left (brief)
2.5016983239304724,0.005175536961959803,0.7126204353514929,P1 minutes left (brief)
2.486086670549355,0.005175536961959803,0.7075056500535268,P1 minutes left (brief)
2.485970865946157,0.0052617959113258,0.7075056500535268,P1 minutes left (brief)
2.4843851120370246,0.0052617959113258,0.7067919590817175,P1 minutes left (brief)
2.4839932391824924,0.005348054860691797,0.7067919590817175,P1 minutes left (brief)
2.481137142291974,0.005348054860691797,0.7060782681099085,P1 minutes left (brief)
2.480850884267143,0.005434313810057794,0.7060782681099085,P1 minutes left (brief)
2.461446954704137,0.005434313810057794,0.70155822528845,P1 minutes left (brief)
2.461438141864015,0.005434313810057794,0.7013203282978471,P1 minutes left (brief)
2.4528434755834376,0.005434313810057794,0.6987034614012133,P1 minutes left (brief)
2.4527537178373957,0.00552057275942379,0.6987034614012133,P1 minutes left (brief)
2.4485605493887395,0.00552057275942379,0.6973950279528964,P1 minutes left (brief)
2.4485057875006113,0.005606831708789787,0.6973950279528964,P1 minutes left (brief)
2.43156774002243,0.005606831708789787,0.6921612941596289,P1 minutes left (brief)
2.4308749213301786,0.005606831708789787,0.6919233971690257,P1 minutes left (brief)
2.4255577323909274,0.005606831708789787,0.6903770667301059,P1 minutes left (brief)
2.424933142141285,0.005693090658155784,0.6903770667301059,P1 minutes left (brief)
2.412599362577432,0.005693090658155784,0.6869275603663614,P1 minutes left (brief)
2.4112230387552365,0.005693090658155784,0.6866896633757583,P1 minutes left (brief)
2.396816937047904,0.005693090658155784,0.6825264660402046,P1 minutes left (brief)
2.396528409145784,0.005779349607521781,0.6825264660402046,P1 minutes left (brief)
2.390223261653622,0.005779349607521781,0.6802664446294755,P1 minutes left (brief)
2.390007098135731,0.005865608556887777,0.6802664446294755,P1 minutes left (brief)
2.388961813392551,0.005865608556887777,0.6799095991435709,P1 minutes left (brief)
2.38850161314443,0.005865608556887777,0.6796717021529677,P1 minutes left (brief)
2.3549651612339577,0.005865608556887777,0.6696800285476389,P1 minutes left (brief)
2.3548667337804945,0.005951867506253774,0.6696800285476389,P1 minutes left (brief)
2.342610983539215,0.005951867506253774,0.6658736766979898,P1 minutes left (brief)
2.342417768146718,0.005951867506253774,0.6656357797073866,P1 minutes left (brief)
2.3377621441825758,0.005951867506253774,0.6639705007731652,P1 minutes left (brief)
2.337101487473339,0.006038126455619771,0.6639705007731652,P1 minutes left (brief)
2.3137945688350223,0.006038126455619771,0.6574283335315808,P1 minutes left (brief)
2.3135469251308174,0.0061243854049857676,0.6574283335315808,P1 minutes left (brief)
2.3084217442638466,0.0061243854049857676,0.6557630545973594,P1 minutes left (brief)
2.3081261238211694,0.0061243854049857676,0.6555251576067562,P1 minutes left (brief)
2.3051067837364334,0.0061243854049857676,0.6549304151302486,P1 minutes left (brief)
2.3049865814927464,0.0061243854049857676,0.6546925181396455,P1 minutes left (brief)
2.3035308268727896,0.0061243854049857676,0.6542167241584393,P1 minutes left (brief)
2.303312628438693,0.0061243854049857676,0.6539788271678364,P1 minutes left (brief)
2.293186829847023,0.0061243854049857676,0.6506482692993933,P1 minutes left (brief)
2.2929792679078465,0.006210644354351764,0.6506482692993933,P1 minutes left (brief)
2.2848702257817752,0.006210644354351764,0.6483882478886642,P1 minutes left (brief)
2.284609228742395,0.0062969033037177605,0.6483882478886642,P1 minutes left (brief)
2.2762751220541086,0.0062969033037177605,0.6462471749732366,P1 minutes left (brief)
2.276129865903624,0.0063831622530837575,0.6462471749732366,P1 minutes left (brief)
2.2744172518177557,0.0063831622530837575,0.6452955870108243,P1 minutes left (brief)
2.2731651310821026,0.006469421202449754,0.6452955870108243,P1 minutes left (brief)
2.2707427048067177,0.006469421202449754,0.6441061020578089,P1 minutes left (brief)
2.2703292693288617,0.006555680151815751,0.6441061020578089,P1 minutes left (brief)
2.2683289769398347,0.006555680151815751,0.6435113595813013,P1 minutes left (brief)
2.2667543041775193,0.006555680151815751,0.6432734625906982,P1 minutes left (brief)
2.238904960887425,0.006555680151815751,0.6347091709289878,P1 minutes left (brief)
2.2386051320444547,0.006641939101181747,0.6347091709289878,P1 minutes left (brief)
2.2333178433545413,0.006641939101181747,0.6328059950041631,P1 minutes left (brief)
2.232431652174337,0.006814456999913741,0.6328059950041631,P1 minutes left (brief)
2.2291791675605253,0.006814456999913741,0.632330201022957,P1 minutes left (brief)
2.229126392270224,0.006900715949279738,0.632330201022957,P1 minutes left (brief)
2.216727393756375,0.006900715949279738,0.6288806946592125,P1 minutes left (brief)
2.2163166909214733,0.006986974898645734,0.6288806946592125,P1 minutes left (brief)
2.200390604392398,0.006986974898645734,0.6250743428095635,P1 minutes left (brief)
2.2002352373593785,0.007073233848011731,0.6250743428095635,P1 minutes left (brief)
2.199324558306158,0.007073233848011731,0.6245985488283573,P1 minutes left (brief)
2.1982388366810808,0.007245751746743725,0.6245985488283573,P1 minutes left (brief)
2.187858611786531,0.007245751746743725,0.6211490424646129,P1 minutes left (brief)
2.1875730362169055,0.007332010696109721,0.6211490424646129,P1 minutes left (brief)
2.185571841273197,0.007332010696109721,0.6205542999881051,P1 minutes left (brief)
2.185025960518135,0.007332010696109721,0.620078506006899,P1 minutes left (brief)
2.1790454113479525,0.007332010696109721,0.6185321755679791,P1 minutes left (brief)
2.178769079235915,0.007418269645475718,0.6185321755679791,P1 minutes left (brief)
2.168479687797076,0.007418269645475718,0.6153205661948377,P1 minutes left (brief)
2.167802419993189,0.007504528594841715,0.6153205661948377,P1 minutes left (brief)
2.166934736997698,0.007504528594841715,0.6152016176995361,P1 minutes left (brief)
2.1666965176154434,0.007590787544207712,0.6152016176995361,P1 minutes left (brief)
2.165595955598911,0.007590787544207712,0.614963720708933,P1 minutes left (brief)
2.165515046260121,0.007677046493573709,0.614963720708933,P1 minutes left (brief)
2.1598684228101046,0.007677046493573709,0.61317949327941,P1 minutes left (brief)
2.1596665043874594,0.007677046493573709,0.612941596288807,P1 minutes left (brief)
2.1582296384523207,0.007677046493573709,0.6122279053169977,P1 minutes left (brief)
2.158213151731249,0.007763305442939705,0.6122279053169977,P1 minutes left (brief)
2.153005113562997,0.007763305442939705,0.611157368859284,P1 minutes left (brief)
2.152746864391621,0.007849564392305702,0.611157368859284,P1 minutes left (brief)
2.1455173471292337,0.007849564392305702,0.6084215534673487,P1 minutes left (brief)
2.1452222131149794,0.007935823341671698,0.6084215534673487,P1 minutes left (brief)
2.1383362915913193,0.007935823341671698,0.6063994290472225,P1 minutes left (brief)
2.13728235960516,0.008022082291037696,0.6063994290472225,P1 minutes left (brief)
2.1302142405679887,0.008022082291037696,0.6043773046270965,P1 minutes left (brief)
2.129997641240178,0.008108341240403692,0.6043773046270965,P1 minutes left (brief)
2.1163125735913124,0.008108341240403692,0.6005709527774474,P1 minutes left (brief)
2.1162351754342703,0.00819460018976969,0.6005709527774474,P1 minutes left (brief)
2.1121153666419814,0.00819460018976969,0.5992625193291305,P1 minutes left (brief)
2.1120282347740287,0.00819460018976969,0.5990246223385274,P1 minutes left (brief)
2.1100940839017235,0.00819460018976969,0.5985488283573213,P1 minutes left (brief)
2.109873524972422,0.008280859139135685,0.5985488283573213,P1 minutes left (brief)
2.0973235780436035,0.008280859139135685,0.5952182704888783,P1 minutes left (brief)
2.097128888004056,0.008367118088501681,0.5952182704888783,P1 minutes left (brief)
2.0952368918570063,0.008367118088501681,0.5946235280123706,P1 minutes left (brief)
2.094836271520513,0.00845337703786768,0.5946235280123706,P1 minutes left (brief)
2.0888035183736733,0.00845337703786768,0.5920066611157369,P1 minutes left (brief)
2.0887075516844718,0.008539635987233675,0.5920066611157369,P1 minutes left (brief)
2.080535954099435,0.008539635987233675,0.5882003092660878,P1 minutes left (brief)
2.080520850439635,0.008625894936599671,0.5882003092660878,P1 minutes left (brief)
2.0678979434749727,0.008625894936599671,0.5843939574164387,P1 minutes left (brief)
2.067568426044552,0.008625894936599671,0.5841560604258356,P1 minutes left (brief)
2.066110200160702,0.008625894936599671,0.5839181634352326,P1 minutes left (brief)
2.0647057892312866,0.008625894936599671,0.5836802664446294,P1 minutes left (brief)
2.064222385753734,0.008625894936599671,0.583561317949328,P1 minutes left (brief)
2.0639991178671218,0.00871215388596567,0.583561317949328,P1 minutes left (brief)
2.0604170188363495,0.00871215388596567,0.5823718329963126,P1 minutes left (brief)
2.0601825213970013,0.008798412835331665,0.5823718329963126,P1 minutes left (brief)
2.0580535953363945,0.008798412835331665,0.5814202450339003,P1 minutes left (brief)
2.057976222646373,0.008884671784697663,0.5814202450339003,P1 minutes left (brief)
2.052578600767822,0.008884671784697663,0.5797549660996788,P1 minutes left (brief)
2.052055707659031,0.009057189683429655,0.5797549660996788,P1 minutes left (brief)
2.048322221891529,0.009057189683429655,0.5778517901748543,P1 minutes left (brief)
2.048318927215014,0.009143448632795653,0.5778517901748543,P1 minutes left (brief)
2.0449917498418544,0.009143448632795653,0.5761865112406328,P1 minutes left (brief)
2.0444657049641055,0.009229707582161649,0.5761865112406328,P1 minutes left (brief)
2.0416959679704862,0.009229707582161649,0.575353871773522,P1 minutes left (brief)
2.0410706110644026,0.009315966531527647,0.575353871773522,P1 minutes left (brief)
2.0245918931317877,0.009315966531527647,0.5694064470084453,P1 minutes left (brief)
2.0244148560498774,0.009402225480893643,0.5694064470084453,P1 minutes left (brief)
2.02308962682975,0.009402225480893643,0.5688117045319376,P1 minutes left (brief)
2.0229799884712616,0.009488484430259639,0.5688117045319376,P1 minutes left (brief)
2.0218649754627536,0.009488484430259639,0.56821696205543,P1 minutes left (brief)
2.021781516997389,0.009574743379625637,0.56821696205543,P1 minutes left (brief)
2.0217007578617374,0.009574743379625637,0.5680980135601285,P1 minutes left (brief)
2.0206975234180184,0.009661002328991633,0.5680980135601285,P1 minutes left (brief)
2.0186310942535957,0.009661002328991633,0.5673843225883193,P1 minutes left (brief)
2.0185255919422036,0.00974726127835763,0.5673843225883193,P1 minutes left (brief)
2.0147572241794847,0.00974726127835763,0.5652432496728916,P1 minutes left (brief)
2.014754546692819,0.009833520227723627,0.5652432496728916,P1 minutes left (brief)
2.0096926138925877,0.009833520227723627,0.5633400737480672,P1 minutes left (brief)
2.008981484908813,0.009919779177089623,0.5633400737480672,P1 minutes left (brief)
2.0049022962641474,0.009919779177089623,0.5623884857856548,P1 minutes left (brief)
2.0047029782391537,0.009919779177089623,0.5621505887950518,P1 minutes left (brief)
1.9913348288871535,0.009919779177089623,0.557987391459498,P1 minutes left (brief)
1.9911525974052042,0.01000603812645562,0.557987391459498,P1 minutes left (brief)
1.9859495791716766,0.01000603812645562,0.5558463185440704,P1 minutes left (brief)
1.9851561107759026,0.010092297075821616,0.5558463185440704,P1 minutes left (brief)
1.9829089585466428,0.010092297075821616,0.5547757820863566,P1 minutes left (brief)
1.9828255038321698,0.010178556025187612,0.5547757820863566,P1 minutes left (brief)
1.979898661445712,0.010178556025187612,0.5538241941239443,P1 minutes left (brief)
1.9797673572232493,0.010178556025187612,0.5535862971333413,P1 minutes left (brief)
1.9795213506916547,0.010178556025187612,0.5534673486380397,P1 minutes left (brief)
1.9793736684015497,0.01026481497455361,0.5534673486380397,P1 minutes left (brief)
1.9779611529463825,0.01026481497455361,0.5533484001427382,P1 minutes left (brief)
1.9778363105025378,0.010351073923919606,0.5533484001427382,P1 minutes left (brief)
1.975034625681856,0.010351073923919606,0.5526347091709289,P1 minutes left (brief)
1.974873635817158,0.010437332873285604,0.5526347091709289,P1 minutes left (brief)
1.9706153200392134,0.010437332873285604,0.5519210181991198,P1 minutes left (brief)
1.970554842819347,0.010437332873285604,0.5516831212085167,P1 minutes left (brief)
1.9644987148926838,0.010437332873285604,0.5491852028071844,P1 minutes left (brief)
1.9644570290035401,0.010437332873285604,0.5489473058165815,P1 minutes left (brief)
1.9635218936624574,0.010437332873285604,0.5482336148447722,P1 minutes left (brief)
1.963202098885749,0.0105235918226516,0.5482336148447722,P1 minutes left (brief)
1.9557641115844224,0.0105235918226516,0.5466872844058523,P1 minutes left (brief)
1.9556546062127398,0.010609850772017596,0.5466872844058523,P1 minutes left (brief)
1.9372357992098406,0.010609850772017596,0.5380040442488403,P1 minutes left (brief)
1.9370438754154962,0.010696109721383594,0.5380040442488403,P1 minutes left (brief)
1.9335180576211324,0.010696109721383594,0.5365766623052218,P1 minutes left (brief)
1.933473475721853,0.01078236867074959,0.5365766623052218,P1 minutes left (brief)
1.9332489971914655,0.01078236867074959,0.5364577138099202,P1 minutes left (brief)
1.9317294195202217,0.010868627620115588,0.5364577138099202,P1 minutes left (brief)
1.9287480903841479,0.010868627620115588,0.5346734863803972,P1 minutes left (brief)
1.92777920952373,0.010954886569481584,0.5346734863803972,P1 minutes left (brief)
1.9270946953989019,0.010954886569481584,0.5344355893897943,P1 minutes left (brief)
1.9269075901466004,0.01104114551884758,0.5344355893897943,P1 minutes left (brief)
1.9219963049993947,0.01104114551884758,0.5331271559414774,P1 minutes left (brief)
1.9219085231986248,0.011127404468213578,0.5331271559414774,P1 minutes left (brief)
1.9138085972020524,0.011127404468213578,0.5299155465683358,P1 minutes left (brief)
1.9130571333864135,0.011213663417579574,0.5299155465683358,P1 minutes left (brief)
1.9115131998176125,0.011213663417579574,0.5292018555965268,P1 minutes left (brief)
1.9112654947707244,0.011213663417579574,0.5289639586059236,P1 minutes left (brief)
1.9084897622831798,0.011213663417579574,0.5277744736529083,P1 minutes left (brief)
1.9084684723955407,0.01129992236694557,0.5277744736529083,P1 minutes left (brief)
1.9033270007602634,0.01129992236694557,0.5259902462233852,P1 minutes left (brief)
1.903023499731297,0.011386181316311568,0.5259902462233852,P1 minutes left (brief)
1.90098147403066,0.011386181316311568,0.525038658260973,P1 minutes left (brief)
1.9007949881910724,0.011472440265677564,0.525038658260973,P1 minutes left (brief)
1.8900156040606197,0.011472440265677564,0.519923872963007,P1 minutes left (brief)
1.8896892709980404,0.011558699215043561,0.519923872963007,P1 minutes left (brief)
1.8888813840579541,0.011558699215043561,0.5194480789818009,P1 minutes left (brief)
1.8887664213505047,0.011644958164409558,0.5194480789818009,P1 minutes left (brief)
1.8863989484366859,0.011644958164409558,0.5180206970381824,P1 minutes left (brief)
1.8863900850726332,0.011644958164409558,0.5177828000475794,P1 minutes left (brief)
1.877200538048705,0.011644958164409558,0.5127869632449149,P1 minutes left (brief)
1.8769662323916523,0.011731217113775554,0.5127869632449149,P1 minutes left (brief)
1.8710500664601746,0.011731217113775554,0.509694302367075,P1 minutes left (brief)
1.8708791592664133,0.011731217113775554,0.5093374568811704,P1 minutes left (brief)
1.8631189823021377,0.011731217113775554,0.5070774354704413,P1 minutes left (brief)
1.8628246392858883,0.011817476063141551,0.5070774354704413,P1 minutes left (brief)
1.860502973314986,0.011817476063141551,0.5060068990127276,P1 minutes left (brief)
1.8600645248226793,0.011817476063141551,0.5057690020221244,P1 minutes left (brief)
1.8543526925210578,0.011817476063141551,0.5041037230879029,P1 minutes left (brief)
1.854122587783941,0.011903735012507547,0.5041037230879029,P1 minutes left (brief)
1.8514766526403381,0.011903735012507547,0.5036279291066967,P1 minutes left (brief)
1.851423447221894,0.011903735012507547,0.5033900321160938,P1 minutes left (brief)
1.8472039999056002,0.011903735012507547,0.5016058046865708,P1 minutes left (brief)
1.847045566812077,0.011903735012507547,0.5013679076959676,P1 minutes left (brief)
1.8456252658150059,0.011903735012507547,0.5004163197335554,P1 minutes left (brief)
1.8453148879794463,0.011989993961873545,0.5004163197335554,P1 minutes left (brief)
1.843786496098135,0.011989993961873545,0.4995836802664446,P1 minutes left (brief)
1.8437858771135653,0.012076252911239541,0.4995836802664446,P1 minutes left (brief)
1.8426369682785089,0.012076252911239541,0.49934578327584156,P1 minutes left (brief)
1.842395459175877,0.012076252911239541,0.4991078862852385,P1 minutes left (brief)
1.8408381570158956,0.012076252911239541,0.4986320923040324,P1 minutes left (brief)
1.8407941274720534,0.012162511860605537,0.4986320923040324,P1 minutes left (brief)
1.8373388285319117,0.012162511860605537,0.49649101938860474,P1 minutes left (brief)
1.83713164922973,0.012248770809971535,0.49649101938860474,P1 minutes left (brief)
1.8370711736705851,0.012248770809971535,0.4962531223980017,P1 minutes left (brief)
1.8305321664906515,0.012248770809971535,0.4944688949684787,P1 minutes left (brief)
1.8297937784713192,0.012248770809971535,0.4942309979778756,P1 minutes left (brief)
1.8268637629867872,0.012248770809971535,0.4924467705483525,P1 minutes left (brief)
1.8268285402993005,0.012335029759337531,0.4924467705483525,P1 minutes left (brief)
1.8266490819492427,0.012335029759337531,0.49232782205305103,P1 minutes left (brief)
1.826616177291481,0.012421288708703527,0.49232782205305103,P1 minutes left (brief)
1.8263278460343113,0.012421288708703527,0.49220887355774945,P1 minutes left (brief)
1.8260865334013305,0.012507547658069525,0.49220887355774945,P1 minutes left (brief)
1.8232536003112616,0.012507547658069525,0.49054359462352803,P1 minutes left (brief)
1.8231628741265782,0.012593806607435521,0.49054359462352803,P1 minutes left (brief)
1.8176665453344225,0.012593806607435521,0.4878077792315927,P1 minutes left (brief)
1.8172184778007365,0.012680065556801519,0.4878077792315927,P1 minutes left (brief)
1.8161276579168741,0.012680065556801519,0.48733198525038657,P1 minutes left (brief)
1.8160380245759467,0.012766324506167515,0.48733198525038657,P1 minutes left (brief)
1.8134387794421218,0.012766324506167515,0.4866182942785774,P1 minutes left (brief)
1.8134138275033957,0.012852583455533511,0.4866182942785774,P1 minutes left (brief)
1.8130382773214309,0.012852583455533511,0.48614250029737127,P1 minutes left (brief)
1.8123842725361679,0.012938842404899509,0.48614250029737127,P1 minutes left (brief)
1.8058736204350645,0.012938842404899509,0.48376353039134057,P1 minutes left (brief)
1.8058001966095019,0.013025101354265505,0.48376353039134057,P1 minutes left (brief)
1.8036093464831735,0.013025101354265505,0.4823361484477221,P1 minutes left (brief)
1.8035040738645756,0.013111360303631503,0.4823361484477221,P1 minutes left (brief)
1.802767015090806,0.013111360303631503,0.481860354466516,P1 minutes left (brief)
1.802725885118061,0.013197619252997499,0.481860354466516,P1 minutes left (brief)
1.7952171120851326,0.013197619252997499,0.4787676935886761,P1 minutes left (brief)
1.7949110229523122,0.013283878202363495,0.4787676935886761,P1 minutes left (brief)
1.7932407123658205,0.013283878202363495,0.4781729511121684,P1 minutes left (brief)
1.7928473655301098,0.013370137151729493,0.4781729511121684,P1 minutes left (brief)
1.7916828618024774,0.013370137151729493,0.4775782086356608,P1 minutes left (brief)
1.791251785992944,0.013456396101095489,0.4775782086356608,P1 minutes left (brief)
1.7901510942350236,0.013456396101095489,0.47674556916855004,P1 minutes left (brief)
1.7901009840626634,0.013456396101095489,0.476507672177947,P1 minutes left (brief)
1.7868170653963982,0.013456396101095489,0.474723444748424,P1 minutes left (brief)
1.7865445261135566,0.013456396101095489,0.4744855477578208,P1 minutes left (brief)
1.7783717185997963,0.013456396101095489,0.47139288687998093,P1 minutes left (brief)
1.778155680793951,0.013542655050461485,0.47139288687998093,P1 minutes left (brief)
1.7685049332390217,0.013542655050461485,0.4675865350303319,P1 minutes left (brief)
1.7685048282155045,0.013542655050461485,0.4673486380397288,P1 minutes left (brief)
1.7616332655990297,0.013542655050461485,0.46473177114309505,P1 minutes left (brief)
1.761376651746013,0.013628913999827482,0.46473177114309505,P1 minutes left (brief)
1.7612196495215262,0.013628913999827482,0.46461282264779347,P1 minutes left (brief)
1.761165703425228,0.013715172949193478,0.46461282264779347,P1 minutes left (brief)
1.7607105953240303,0.013715172949193478,0.4643749256571904,P1 minutes left (brief)
1.7603336884709435,0.013715172949193478,0.46413702866658735,P1 minutes left (brief)
1.7601379113439066,0.013715172949193478,0.4638991316759843,P1 minutes left (brief)
1.7599769301653991,0.013801431898559476,0.4638991316759843,P1 minutes left (brief)
1.7588604964899512,0.013801431898559476,0.4630664922088735,P1 minutes left (brief)
1.7588552084504574,0.013887690847925472,0.4630664922088735,P1 minutes left (brief)
1.7552614012060004,0.013887690847925472,0.4612822647793505,P1 minutes left (brief)
1.7549378997944627,0.013973949797291468,0.4612822647793505,P1 minutes left (brief)
1.7542107041421497,0.013973949797291468,0.4606875223028428,P1 minutes left (brief)
1.7539866914321605,0.014060208746657466,0.4606875223028428,P1 minutes left (brief)
1.7531444999904298,0.014060208746657466,0.4603306768169383,P1 minutes left (brief)
1.7530005674216285,0.014060208746657466,0.46009277982633523,P1 minutes left (brief)
1.7529579503154553,0.014146467696023462,0.46009277982633523,P1 minutes left (brief)
1.7444797868406101,0.014146467696023462,0.45747591292970147,P1 minutes left (brief)
1.7443470197466466,0.01423272664538946,0.45747591292970147,P1 minutes left (brief)
1.743283236064884,0.01423272664538946,0.4573569644343999,P1 minutes left (brief)
1.7429787778768868,0.014318985594755456,0.4573569644343999,P1 minutes left (brief)
1.742717094663152,0.014318985594755456,0.4571190674437968,P1 minutes left (brief)
1.7422825416666832,0.014318985594755456,0.45700011894849535,P1 minutes left (brief)
1.7421579990034153,0.014405244544121452,0.45700011894849535,P1 minutes left (brief)
1.7409761515709357,0.014405244544121452,0.4561674794813846,P1 minutes left (brief)
1.740941864053664,0.01449150349348745,0.4561674794813846,P1 minutes left (brief)
1.7397571036085522,0.01449150349348745,0.45509694302367076,P1 minutes left (brief)
1.7393697227136524,0.01449150349348745,0.4548590460330677,P1 minutes left (brief)
1.7393228696221252,0.01449150349348745,0.4547400975377661,P1 minutes left (brief)
1.739262710234898,0.014577762442853446,0.4547400975377661,P1 minutes left (brief)
1.7349512179542215,0.014577762442853446,0.4530748186035447,P1 minutes left (brief)
1.7346599722804534,0.014664021392219442,0.4530748186035447,P1 minutes left (brief)
1.7343663632960573,0.014664021392219442,0.45271797311764006,P1 minutes left (brief)
1.7342998143751602,0.01475028034158544,0.45271797311764006,P1 minutes left (brief)
1.7261994064750512,0.01475028034158544,0.44855477578208636,P1 minutes left (brief)
1.7261429901160876,0.014836539290951436,0.44855477578208636,P1 minutes left (brief)
1.7248794889748256,0.014836539290951436,0.4478410848102772,P1 minutes left (brief)
1.724460337004616,0.014922798240317434,0.4478410848102772,P1 minutes left (brief)
1.7189286509717152,0.014922798240317434,0.44427262995123107,P1 minutes left (brief)
1.7181648583647602,0.01500905718968343,0.44427262995123107,P1 minutes left (brief)
1.7176508080076553,0.01500905718968343,0.4441536814559296,P1 minutes left (brief)
1.717275597702192,0.015095316139049426,0.4441536814559296,P1 minutes left (brief)
1.7167654104232113,0.015095316139049426,0.444034732960628,P1 minutes left (brief)
1.7166014138324173,0.015181575088415424,0.444034732960628,P1 minutes left (brief)
1.7133702690180797,0.015181575088415424,0.44248840252170807,P1 minutes left (brief)
1.712997285378619,0.015354092987147417,0.44248840252170807,P1 minutes left (brief)
1.7104244911092343,0.015354092987147417,0.44153681455929583,P1 minutes left (brief)
1.709844787986014,0.015354092987147417,0.4412989175686928,P1 minutes left (brief)
1.7093877693655908,0.015354092987147417,0.4410610205780897,P1 minutes left (brief)
1.708829591661951,0.015440351936513413,0.4410610205780897,P1 minutes left (brief)
1.7050985383954471,0.015440351936513413,0.43975258712977283,P1 minutes left (brief)
1.7048261076258229,0.01552661088587941,0.43975258712977283,P1 minutes left (brief)
1.7012878904056623,0.01552661088587941,0.43784941120494825,P1 minutes left (brief)
1.701194450965128,0.015612869835245407,0.43784941120494825,P1 minutes left (brief)
1.7008068842346407,0.015612869835245407,0.4377304627096468,P1 minutes left (brief)
1.7007937071006265,0.015612869835245407,0.4374925657190436,P1 minutes left (brief)
1.7006662061743516,0.015612869835245407,0.43737361722374213,P1 minutes left (brief)
1.700306291335254,0.0157853877339774,0.43737361722374213,P1 minutes left (brief)
1.6980976862029338,0.0157853877339774,0.43594623528012366,P1 minutes left (brief)
1.69774541025049,0.015871646683343395,0.43594623528012366,P1 minutes left (brief)
1.690943793096976,0.015871646683343395,0.4326156774116807,P1 minutes left (brief)
1.690474622333722,0.015957905632709393,0.4326156774116807,P1 minutes left (brief)
1.6774245591487054,0.015957905632709393,0.42643035565600096,P1 minutes left (brief)
1.6773941303762123,0.01604416458207539,0.42643035565600096,P1 minutes left (brief)
1.676374132134133,0.01604416458207539,0.4255977161888902,P1 minutes left (brief)
1.6763051839416654,0.016130423531441385,0.4255977161888902,P1 minutes left (brief)
1.6735362327036127,0.016130423531441385,0.42405138574997026,P1 minutes left (brief)
1.6733857426382421,0.016216682480807383,0.42405138574997026,P1 minutes left (brief)
1.672660111122278,0.016216682480807383,0.4239324372546688,P1 minutes left (brief)
1.6718026089183116,0.01630294143017338,0.4239324372546688,P1 minutes left (brief)
1.6715303666757715,0.01630294143017338,0.42357559176876414,P1 minutes left (brief)
1.6709791246624348,0.01638920037953938,0.42357559176876414,P1 minutes left (brief)
1.6694696673583622,0.01638920037953938,0.4227429523016534,P1 minutes left (brief)
1.6693779263661577,0.016475459328905373,0.4227429523016534,P1 minutes left (brief)
1.6644761047732894,0.016475459328905373,0.4208397763768288,P1 minutes left (brief)
1.664390462303969,0.01656171827827137,0.4208397763768288,P1 minutes left (brief)
1.6641684886938062,0.01656171827827137,0.4207208278815273,P1 minutes left (brief)
1.6640555244491926,0.01664797722763737,0.4207208278815273,P1 minutes left (brief)
1.6638428000473902,0.01664797722763737,0.42060187938622573,P1 minutes left (brief)
1.6634604069841763,0.016734236177003363,0.42060187938622573,P1 minutes left (brief)
1.662597569497221,0.016734236177003363,0.42036398239562267,P1 minutes left (brief)
1.6622644054290552,0.01682049512636936,0.42036398239562267,P1 minutes left (brief)
1.659398461930281,0.01682049512636936,0.4196502914238135,P1 minutes left (brief)
1.659293892594253,0.01690675407573536,0.4196502914238135,P1 minutes left (brief)
1.6554836449154273,0.01690675407573536,0.4172713215177828,P1 minutes left (brief)
1.6549747873111549,0.016993013025101353,0.4172713215177828,P1 minutes left (brief)
1.6535303814215248,0.016993013025101353,0.41679552753657667,P1 minutes left (brief)
1.6533049076965676,0.01707927197446735,0.41679552753657667,P1 minutes left (brief)
1.6511678140237565,0.01707927197446735,0.4147734031164506,P1 minutes left (brief)
1.6508125694267364,0.01716553092383335,0.4147734031164506,P1 minutes left (brief)
1.6474531938583672,0.01716553092383335,0.41263233020102297,P1 minutes left (brief)
1.6471079685391672,0.017251789873199343,0.41263233020102297,P1 minutes left (brief)
1.6469889907347697,0.017251789873199343,0.4122754847151183,P1 minutes left (brief)
1.6468967978104443,0.01733804882256534,0.4122754847151183,P1 minutes left (brief)
1.6443035917455844,0.01733804882256534,0.4112049482574045,P1 minutes left (brief)
1.6439007885730594,0.01742430777193134,0.4112049482574045,P1 minutes left (brief)
1.640888607098313,0.01742430777193134,0.4088259783513739,P1 minutes left (brief)
1.6407882622511056,0.017510566721297336,0.4088259783513739,P1 minutes left (brief)
1.6329238589662136,0.017510566721297336,0.4046627810158201,P1 minutes left (brief)
1.6319426784620845,0.01759682567066333,0.4046627810158201,P1 minutes left (brief)
1.6278702121559796,0.01759682567066333,0.4029975020815987,P1 minutes left (brief)
1.6278441299109143,0.017683084620029328,0.4029975020815987,P1 minutes left (brief)
1.622831165339232,0.017683084620029328,0.4003806351849649,P1 minutes left (brief)
1.6214775994210495,0.017769343569395326,0.4003806351849649,P1 minutes left (brief)
1.6194778721382543,0.017769343569395326,0.3997858927084572,P1 minutes left (brief)
1.6194009001935754,0.01785560251876132,0.3997858927084572,P1 minutes left (brief)
1.6192726436478608,0.01785560251876132,0.39966694421315574,P1 minutes left (brief)
1.6191743752408778,0.018028120417493316,0.39966694421315574,P1 minutes left (brief)
1.6174975778526997,0.018028120417493316,0.3987153562507434,P1 minutes left (brief)
1.6174724771237425,0.01811437936685931,0.3987153562507434,P1 minutes left (brief)
1.6158388528209198,0.01811437936685931,0.3980016652789342,P1 minutes left (brief)
1.6155908408254225,0.01811437936685931,0.39776376828833115,P1 minutes left (brief)
1.6139658277329272,0.01811437936685931,0.39669323183061733,P1 minutes left (brief)
1.6137796460831788,0.018200638316225308,0.39669323183061733,P1 minutes left (brief)
1.6126851593893778,0.018200638316225308,0.3964553348400143,P1 minutes left (brief)
1.6122369554345137,0.018200638316225308,0.39609848935410963,P1 minutes left (brief)
1.6121770192029414,0.018286897265591306,0.39609848935410963,P1 minutes left (brief)
1.610671325735776,0.018286897265591306,0.395265849886999,P1 minutes left (brief)
1.6104493424109165,0.0183731562149573,0.395265849886999,P1 minutes left (brief)
1.610367864363889,0.0183731562149573,0.3950279528963958,P1 minutes left (brief)
1.6103131509207957,0.018459415164323298,0.3950279528963958,P1 minutes left (brief)
1.6100089188597677,0.018459415164323298,0.3946711074104913,P1 minutes left (brief)
1.6099707090339597,0.018545674113689296,0.3946711074104913,P1 minutes left (brief)
1.6049627229462728,0.018545674113689296,0.3911026525514453,P1 minutes left (brief)
1.6044944597216777,0.018631933063055293,0.3911026525514453,P1 minutes left (brief)
1.6026265681301328,0.018631933063055293,0.39003211609373145,P1 minutes left (brief)
1.6026124991879676,0.018631933063055293,0.3897942191031284,P1 minutes left (brief)
1.600218677434753,0.018631933063055293,0.3891994766266207,P1 minutes left (brief)
1.600217527100813,0.018718192012421288,0.3891994766266207,P1 minutes left (brief)
1.5988564546549613,0.018718192012421288,0.388604734150113,P1 minutes left (brief)
1.5986816064166798,0.018804450961787286,0.388604734150113,P1 minutes left (brief)
1.5961234071635708,0.018804450961787286,0.38693945521589157,P1 minutes left (brief)
1.5959110255742688,0.018890709911153283,0.38693945521589157,P1 minutes left (brief)
1.5846112986321987,0.018890709911153283,0.3807541334602117,P1 minutes left (brief)
1.5845691103989636,0.018976968860519278,0.3807541334602117,P1 minutes left (brief)
1.5834055767678816,0.018976968860519278,0.37992149399310093,P1 minutes left (brief)
1.5833925347719566,0.019063227809885275,0.37992149399310093,P1 minutes left (brief)
1.5828422109351103,0.019063227809885275,0.37932675151659334,P1 minutes left (brief)
1.5827901544323537,0.019149486759251273,0.37932675151659334,P1 minutes left (brief)
1.5811374912003882,0.019149486759251273,0.37873200904008564,P1 minutes left (brief)
1.5810035183913922,0.019235745708617268,0.37873200904008564,P1 minutes left (brief)
1.580943449872963,0.019235745708617268,0.37861306054478416,P1 minutes left (brief)
1.5809099263498638,0.019322004657983265,0.37861306054478416,P1 minutes left (brief)
1.563767954141338,0.019322004657983265,0.3693350779112644,P1 minutes left (brief)
1.5636055422042678,0.019408263607349263,0.3693350779112644,P1 minutes left (brief)
1.5633873165263024,0.019408263607349263,0.36921612941596293,P1 minutes left (brief)
1.5632218451422077,0.019408263607349263,0.36897823242535976,P1 minutes left (brief)
1.557511695023056,0.019408263607349263,0.3657666230522184,P1 minutes left (brief)
1.5571658437372538,0.019408263607349263,0.36552872606161535,P1 minutes left (brief)
1.5538474178018316,0.019408263607349263,0.36314975615558465,P1 minutes left (brief)
1.553579594752709,0.01949452255671526,0.36314975615558465,P1 minutes left (brief)
1.5517821894768629,0.01949452255671526,0.36267396217437853,P1 minutes left (brief)
1.5517725759249914,0.019580781506081255,0.36267396217437853,P1 minutes left (brief)
1.5514507829028954,0.019580781506081255,0.3623171166884739,P1 minutes left (brief)
1.5514212762242412,0.019580781506081255,0.3620792196978708,P1 minutes left (brief)
1.550830788248124,0.019580781506081255,0.3617223742119662,P1 minutes left (brief)
1.5503563967872922,0.019667040455447253,0.3617223742119662,P1 minutes left (brief)
1.544905480955667,0.019667040455447253,0.359224455810634,P1 minutes left (brief)
1.544815476748603,0.01975329940481325,0.359224455810634,P1 minutes left (brief)
1.5419237839814244,0.01975329940481325,0.3568454859046033,P1 minutes left (brief)
1.5418804088221367,0.019839558354179245,0.3568454859046033,P1 minutes left (brief)
1.5409778800552736,0.019839558354179245,0.3562507434280956,P1 minutes left (brief)
1.5404248781179017,0.019925817303545243,0.3562507434280956,P1 minutes left (brief)
1.5402438450494365,0.019925817303545243,0.35601284643749254,P1 minutes left (brief)
1.5398262762029609,0.02001207625291124,0.35601284643749254,P1 minutes left (brief)
1.535852404844244,0.02001207625291124,0.35363387653146183,P1 minutes left (brief)
1.5351529655161715,0.020098335202277235,0.35363387653146183,P1 minutes left (brief)
1.5350976317526916,0.020098335202277235,0.3533959795408588,P1 minutes left (brief)
1.528870161036899,0.020098335202277235,0.3503033186630189,P1 minutes left (brief)
1.5288311593507058,0.020184594151643233,0.3503033186630189,P1 minutes left (brief)
1.5285197178726244,0.020184594151643233,0.3498275246818128,P1 minutes left (brief)
1.528372402937127,0.02027085310100923,0.3498275246818128,P1 minutes left (brief)
1.5282965074564463,0.02027085310100923,0.3497085761865112,P1 minutes left (brief)
1.5282311983111507,0.020357112050375225,0.3497085761865112,P1 minutes left (brief)
1.5259956923795919,0.020357112050375225,0.3486380397287975,P1 minutes left (brief)
1.5257869269771132,0.020357112050375225,0.3484001427381943,P1 minutes left (brief)
1.5229745369195495,0.020357112050375225,0.34697276079457595,P1 minutes left (brief)
1.5229502077495742,0.020357112050375225,0.3467348638039729,P1 minutes left (brief)
1.5218826105823005,0.020357112050375225,0.3460211728321637,P1 minutes left (brief)
1.521832095612352,0.020357112050375225,0.34578327584156066,P1 minutes left (brief)
1.5205966263205568,0.020357112050375225,0.3444748423932438,P1 minutes left (brief)
1.5205221488987717,0.020443370999741223,0.3444748423932438,P1 minutes left (brief)
1.520032832216522,0.020443370999741223,0.34411799690733913,P1 minutes left (brief)
1.5200181388709746,0.020443370999741223,0.34388009991673607,P1 minutes left (brief)
1.519732747189751,0.02052962994910722,0.34388009991673607,P1 minutes left (brief)
1.5191109148176416,0.02052962994910722,0.34328535744022837,P1 minutes left (brief)
1.5188017069846365,0.02061588889847322,0.34328535744022837,P1 minutes left (brief)
1.5184279652611958,0.02061588889847322,0.3431664089449269,P1 minutes left (brief)
1.5180236336911075,0.020702147847839213,0.3431664089449269,P1 minutes left (brief)
1.5175630402293963,0.020702147847839213,0.3425716664684192,P1 minutes left (brief)
1.5175323647134091,0.02078840679720521,0.3425716664684192,P1 minutes left (brief)
1.510717114853432,0.02078840679720521,0.33852741762816696,P1 minutes left (brief)
1.5105085576118138,0.020874665746571208,0.33852741762816696,P1 minutes left (brief)
1.5093042803859968,0.020874665746571208,0.33793267515165937,P1 minutes left (brief)
1.509004142133519,0.020960924695937203,0.33793267515165937,P1 minutes left (brief)
1.5083862324452093,0.020960924695937203,0.3375758296657547,P1 minutes left (brief)
1.5083534911603376,0.0210471836453032,0.3375758296657547,P1 minutes left (brief)
1.508170595302703,0.0210471836453032,0.3372189841798501,P1 minutes left (brief)
1.508126659650764,0.021133442594669198,0.3372189841798501,P1 minutes left (brief)
1.5054572346972985,0.021133442594669198,0.33555370524562866,P1 minutes left (brief)
1.5049472407274511,0.021133442594669198,0.3353158082550256,P1 minutes left (brief)
1.5027598260457509,0.021133442594669198,0.33436422029261326,P1 minutes left (brief)
1.5027381195425473,0.021219701544035192,0.33436422029261326,P1 minutes left (brief)
1.5023885981467968,0.021219701544035192,0.3341263233020102,P1 minutes left (brief)
1.5020905224755936,0.02130596049340119,0.3341263233020102,P1 minutes left (brief)
1.5006624397120378,0.02130596049340119,0.33329368383489943,P1 minutes left (brief)
1.5006017629628732,0.02130596049340119,0.3330557868442964,P1 minutes left (brief)
1.5001084083056433,0.02130596049340119,0.3328178898536933,P1 minutes left (brief)
1.5000374127467324,0.021392219442767188,0.3328178898536933,P1 minutes left (brief)
1.4955464355135675,0.021392219442767188,0.3306768169382658,P1 minutes left (brief)
1.4952551256462712,0.021478478392133182,0.3306768169382658,P1 minutes left (brief)
1.4914398060067318,0.021478478392133182,0.3277031045557274,P1 minutes left (brief)
1.4914162173398045,0.02156473734149918,0.3277031045557274,P1 minutes left (brief)
1.4899638024054367,0.02156473734149918,0.32734625906982273,P1 minutes left (brief)
1.4897493133704018,0.021650996290865178,0.32734625906982273,P1 minutes left (brief)
1.4852266579483835,0.021650996290865178,0.32472939217318897,P1 minutes left (brief)
1.4849632834778832,0.021737255240231176,0.32472939217318897,P1 minutes left (brief)
1.4793612082975012,0.021737255240231176,0.32235042226715827,P1 minutes left (brief)
1.4790177786546312,0.021737255240231176,0.3221125252765552,P1 minutes left (brief)
1.478390268534386,0.021737255240231176,0.3217556797906507,P1 minutes left (brief)
1.4783697431174965,0.02182351418959717,0.3217556797906507,P1 minutes left (brief)
1.477021927774056,0.02182351418959717,0.32127988580944455,P1 minutes left (brief)
1.4768028518068046,0.021909773138963168,0.32127988580944455,P1 minutes left (brief)
1.474176403199368,0.021909773138963168,0.31878196740811227,P1 minutes left (brief)
1.474076248552344,0.021996032088329166,0.31878196740811227,P1 minutes left (brief)
1.4732246328554603,0.021996032088329166,0.31830617342690615,P1 minutes left (brief)
1.4725915227703177,0.022168549987061158,0.31830617342690615,P1 minutes left (brief)
1.4722196960056824,0.022168549987061158,0.3180682764363031,P1 minutes left (brief)
1.4722142788098886,0.022254808936427155,0.3180682764363031,P1 minutes left (brief)
1.4665320077948034,0.022254808936427155,0.31521351254906627,P1 minutes left (brief)
1.4662864653863719,0.022254808936427155,0.3149756155584632,P1 minutes left (brief)
1.4614697972384607,0.022254808936427155,0.3120019031759248,P1 minutes left (brief)
1.460929918189207,0.022254808936427155,0.31176400618532174,P1 minutes left (brief)
1.4598499968743295,0.022254808936427155,0.31105031521351256,P1 minutes left (brief)
1.4596717068764036,0.022254808936427155,0.3108124182229095,P1 minutes left (brief)
1.458987347418381,0.022254808936427155,0.31057452123230644,P1 minutes left (brief)
1.458908324237612,0.022254808936427155,0.3103366242417034,P1 minutes left (brief)
1.4541161758694279,0.022254808936427155,0.3067681693826573,P1 minutes left (brief)
1.4541086083752661,0.02234106788579315,0.3067681693826573,P1 minutes left (brief)
1.4498775725530368,0.02234106788579315,0.30403235399072204,P1 minutes left (brief)
1.4496886849237904,0.022427326835159148,0.30403235399072204,P1 minutes left (brief)
1.4483183706171947,0.022427326835159148,0.30331866301891286,P1 minutes left (brief)
1.448240749443671,0.022427326835159148,0.3030807660283097,P1 minutes left (brief)
1.4481669341833932,0.022513585784525145,0.3030807660283097,P1 minutes left (brief)
1.4463146359870434,0.022513585784525145,0.3014154870940883,P1 minutes left (brief)
1.4462019728607616,0.022513585784525145,0.3011775901034852,P1 minutes left (brief)
1.4451496497760408,0.022513585784525145,0.30046389913167604,P1 minutes left (brief)
1.4451494986139257,0.02259984473389114,0.30046389913167604,P1 minutes left (brief)
1.4445763847505153,0.02259984473389114,0.2999881051504698,P1 minutes left (brief)
1.4444054462746176,0.022686103683257137,0.2999881051504698,P1 minutes left (brief)
1.4438741159581756,0.022686103683257137,0.2993933626739622,P1 minutes left (brief)
1.4438440248240756,0.022772362632623135,0.2993933626739622,P1 minutes left (brief)
1.4435100184600298,0.022772362632623135,0.29927441417866063,P1 minutes left (brief)
1.4429315563794647,0.023031139480721125,0.29927441417866063,P1 minutes left (brief)
1.4404846103331266,0.023031139480721125,0.2970143927679315,P1 minutes left (brief)
1.440189176668569,0.023117398430087123,0.2970143927679315,P1 minutes left (brief)
1.4387035937284591,0.023117398430087123,0.29618175330082075,P1 minutes left (brief)
1.4385907990616524,0.023203657379453117,0.29618175330082075,P1 minutes left (brief)
1.4376468595248848,0.023203657379453117,0.2958249078149161,P1 minutes left (brief)
1.4372662036065598,0.023289916328819115,0.2958249078149161,P1 minutes left (brief)
1.4303745916616177,0.023289916328819115,0.2915427619840609,P1 minutes left (brief)
1.4302792937585558,0.023376175278185113,0.2915427619840609,P1 minutes left (brief)
1.4300877818827251,0.023376175278185113,0.29130486499345787,P1 minutes left (brief)
1.4300304820719039,0.023462434227551107,0.29130486499345787,P1 minutes left (brief)
1.4247091068672442,0.023462434227551107,0.28773641013441176,P1 minutes left (brief)
1.4246881737833288,0.023548693176917105,0.28773641013441176,P1 minutes left (brief)
1.4237291611079976,0.023548693176917105,0.2870227191626026,P1 minutes left (brief)
1.4236192874990639,0.023634952126283103,0.2870227191626026,P1 minutes left (brief)
1.422564903164473,0.023634952126283103,0.2857142857142857,P1 minutes left (brief)
1.4225110267704784,0.023721211075649097,0.2857142857142857,P1 minutes left (brief)
1.422163264959135,0.023721211075649097,0.28547638872368264,P1 minutes left (brief)
1.421990792131335,0.023893728974381093,0.28547638872368264,P1 minutes left (brief)
1.4192658591961698,0.023893728974381093,0.28369216129415964,P1 minutes left (brief)
1.4191664398290924,0.02397998792374709,0.28369216129415964,P1 minutes left (brief)
1.4190412740061025,0.02397998792374709,0.283335315808255,P1 minutes left (brief)
1.4187735392483838,0.024066246873113085,0.283335315808255,P1 minutes left (brief)
1.4186019712000715,0.024066246873113085,0.28309741881765194,P1 minutes left (brief)
1.4185498176952753,0.024152505822479083,0.28309741881765194,P1 minutes left (brief)
1.4107529914225214,0.024152505822479083,0.27833947900559053,P1 minutes left (brief)
1.410665123869778,0.02423876477184508,0.27833947900559053,P1 minutes left (brief)
1.408922231924243,0.02423876477184508,0.27703104555727365,P1 minutes left (brief)
1.408823165367274,0.024325023721211075,0.27703104555727365,P1 minutes left (brief)
1.402466084362701,0.024325023721211075,0.2733436422029262,P1 minutes left (brief)
1.4024011013410964,0.024411282670577072,0.2733436422029262,P1 minutes left (brief)
1.401818010469515,0.024411282670577072,0.27286784822171994,P1 minutes left (brief)
1.4018122698341118,0.02449754161994307,0.27286784822171994,P1 minutes left (brief)
1.401712508565029,0.02449754161994307,0.27274889972641847,P1 minutes left (brief)
1.4016216552950294,0.024583800569309065,0.27274889972641847,P1 minutes left (brief)
1.3996500547053095,0.024583800569309065,0.2714404662781016,P1 minutes left (brief)
1.3989535937053945,0.024670059518675062,0.2714404662781016,P1 minutes left (brief)
1.3987533885474561,0.024670059518675062,0.2713215177828,P1 minutes left (brief)
1.3984553690311432,0.02475631846804106,0.2713215177828,P1 minutes left (brief)
1.39730720270353,0.02475631846804106,0.27036992982038777,P1 minutes left (brief)
1.3970870827133668,0.02475631846804106,0.2701320328297847,P1 minutes left (brief)
1.3954178926366618,0.02475631846804106,0.26941834185797553,P1 minutes left (brief)
1.3954044669694363,0.024842577417407054,0.26941834185797553,P1 minutes left (brief)
1.3947953341867703,0.024842577417407054,0.2689425478767694,P1 minutes left (brief)
1.394140568566384,0.024842577417407054,0.26870465088616624,P1 minutes left (brief)
1.3939023919429374,0.024842577417407054,0.2683478054002617,P1 minutes left (brief)
1.3938729406083719,0.024842577417407054,0.26810990840965865,P1 minutes left (brief)
1.3934842363602933,0.024842577417407054,0.26751516593315094,P1 minutes left (brief)
1.3933434499548794,0.024928836366773052,0.26751516593315094,P1 minutes left (brief)
1.392435666692526,0.024928836366773052,0.26692042345664324,P1 minutes left (brief)
1.3922792755962254,0.02501509531613905,0.26692042345664324,P1 minutes left (brief)
1.3922715346850754,0.02501509531613905,0.26680147496134177,P1 minutes left (brief)
1.3922272289513913,0.025101354265505048,0.26680147496134177,P1 minutes left (brief)
1.3906604871982151,0.025101354265505048,0.2660877839895325,P1 minutes left (brief)
1.3906367549978942,0.025187613214871042,0.2660877839895325,P1 minutes left (brief)
1.3867041909739029,0.025187613214871042,0.26263827762578806,P1 minutes left (brief)
1.3866168578281424,0.02527387216423704,0.26263827762578806,P1 minutes left (brief)
1.386172686462568,0.02527387216423704,0.2622814321398834,P1 minutes left (brief)
1.386095189022969,0.025360131113603038,0.2622814321398834,P1 minutes left (brief)
1.3849383069980463,0.025360131113603038,0.2616866896633757,P1 minutes left (brief)
1.3848437965722065,0.025446390062969032,0.2616866896633757,P1 minutes left (brief)
1.3843097853654323,0.025446390062969032,0.2612108956821696,P1 minutes left (brief)
1.3840167413922722,0.025618907961701028,0.2612108956821696,P1 minutes left (brief)
1.3839859376061174,0.025618907961701028,0.2610919471868681,P1 minutes left (brief)
1.3839192186386633,0.025705166911067022,0.2610919471868681,P1 minutes left (brief)
1.3818700376098554,0.025705166911067022,0.2595456167479482,P1 minutes left (brief)
1.3816662218088276,0.02579142586043302,0.2595456167479482,P1 minutes left (brief)
1.3814769316637439,0.02579142586043302,0.2594266682526466,P1 minutes left (brief)
1.3813916266814483,0.025877684809799018,0.2594266682526466,P1 minutes left (brief)
1.3793609529516722,0.025877684809799018,0.2581182348043297,P1 minutes left (brief)
1.379132211403452,0.025963943759165012,0.2581182348043297,P1 minutes left (brief)
1.378289412784596,0.025963943759165012,0.2576424408231236,P1 minutes left (brief)
1.3781997667835835,0.02605020270853101,0.2576424408231236,P1 minutes left (brief)
1.37818704819329,0.02605020270853101,0.257523492327822,P1 minutes left (brief)
1.3781670200812997,0.026136461657897007,0.257523492327822,P1 minutes left (brief)
1.3770335271320095,0.026136461657897007,0.2565719043654098,P1 minutes left (brief)
1.376874843097347,0.026222720607263005,0.2565719043654098,P1 minutes left (brief)
1.376285378138575,0.026222720607263005,0.25609611038420366,P1 minutes left (brief)
1.3761684316055378,0.026308979556629,0.25609611038420366,P1 minutes left (brief)
1.3741778094746708,0.026308979556629,0.25419293445937907,P1 minutes left (brief)
1.3739374759059921,0.026308979556629,0.253955037468776,P1 minutes left (brief)
1.3729613789061033,0.026308979556629,0.2533602949922683,P1 minutes left (brief)
1.3727402240413797,0.026395238505994997,0.2533602949922683,P1 minutes left (brief)
1.3725325876712011,0.026395238505994997,0.25312239800166525,P1 minutes left (brief)
1.3719447893591368,0.026481497455360995,0.25312239800166525,P1 minutes left (brief)
1.368816647919822,0.026481497455360995,0.25181396455334837,P1 minutes left (brief)
1.3687637689553083,0.02656775640472699,0.25181396455334837,P1 minutes left (brief)
1.3678202878755847,0.02656775640472699,0.2512192220768408,P1 minutes left (brief)
1.3673696276277103,0.02656775640472699,0.2509813250862376,P1 minutes left (brief)
1.3668678474539513,0.02656775640472699,0.2505055311050315,P1 minutes left (brief)
1.3668120473290106,0.026740274303458985,0.2505055311050315,P1 minutes left (brief)
1.3662788060028912,0.026740274303458985,0.25026763411442843,P1 minutes left (brief)
1.3662617147054446,0.02682653325282498,0.25026763411442843,P1 minutes left (brief)
1.3643704732911341,0.02682653325282498,0.248602355180207,P1 minutes left (brief)
1.3643223646663842,0.026912792202190977,0.248602355180207,P1 minutes left (brief)
1.3641160225734255,0.026912792202190977,0.24824550969430237,P1 minutes left (brief)
1.3640101226591694,0.026999051151556975,0.24824550969430237,P1 minutes left (brief)
1.3622822468105265,0.026999051151556975,0.2468181277506839,P1 minutes left (brief)
1.3622217774105754,0.02708531010092297,0.2468181277506839,P1 minutes left (brief)
1.3600113704042078,0.02708531010092297,0.24491495182585943,P1 minutes left (brief)
1.3598627312103448,0.027171569050288967,0.24491495182585943,P1 minutes left (brief)
1.3597322703325148,0.027171569050288967,0.24467705483525637,P1 minutes left (brief)
1.3596875860682787,0.027257827999654965,0.24467705483525637,P1 minutes left (brief)
1.3587159910948972,0.027257827999654965,0.24372546687284402,P1 minutes left (brief)
1.3586615998408742,0.027344086949020963,0.24372546687284402,P1 minutes left (brief)
1.3581831786656613,0.027344086949020963,0.24313072439633643,P1 minutes left (brief)
1.357794260160412,0.027430345898386957,0.24313072439633643,P1 minutes left (brief)
1.357393298754423,0.027430345898386957,0.24277387891043178,P1 minutes left (brief)
1.3572766054114782,0.027516604847752955,0.24277387891043178,P1 minutes left (brief)
1.3564269568690952,0.027516604847752955,0.24229808492922567,P1 minutes left (brief)
1.3561782723697786,0.027602863797118952,0.24229808492922567,P1 minutes left (brief)
1.3532374056284788,0.027602863797118952,0.24015701201379802,P1 minutes left (brief)
1.3530767594288111,0.027775381695850945,0.24015701201379802,P1 minutes left (brief)
1.3529847482773554,0.027775381695850945,0.23991911502319496,P1 minutes left (brief)
1.351270278302247,0.027775381695850945,0.23825383608897344,P1 minutes left (brief)
1.3508039546810355,0.027861640645216942,0.23825383608897344,P1 minutes left (brief)
1.3507695297615478,0.027861640645216942,0.23801593909837038,P1 minutes left (brief)
1.3507556888380816,0.027947899594582937,0.23801593909837038,P1 minutes left (brief)
1.3504896524366303,0.027947899594582937,0.23777804210776732,P1 minutes left (brief)
1.35030412415969,0.028034158543948934,0.23777804210776732,P1 minutes left (brief)
1.346263191528539,0.028034158543948934,0.2349232782205305,P1 minutes left (brief)
1.3460763421820645,0.028034158543948934,0.23468538122992744,P1 minutes left (brief)
1.3458801351222143,0.028034158543948934,0.23456643273462585,P1 minutes left (brief)
1.3458420618115992,0.028120417493314932,0.23456643273462585,P1 minutes left (brief)
1.34576994756935,0.028120417493314932,0.23397169025811826,P1 minutes left (brief)
1.345687825654746,0.028120417493314932,0.23349589627691214,P1 minutes left (brief)
1.3449453411527168,0.028120417493314932,0.23266325680980138,P1 minutes left (brief)
1.3447788243490122,0.028206676442680927,0.23266325680980138,P1 minutes left (brief)
1.3438530513233213,0.028206676442680927,0.23230641132389673,P1 minutes left (brief)
1.343509393889015,0.028292935392046924,0.23230641132389673,P1 minutes left (brief)
1.342625082555883,0.028292935392046924,0.2319495658379922,P1 minutes left (brief)
1.3425297977966537,0.028379194341412922,0.2319495658379922,P1 minutes left (brief)
1.342178160592822,0.028379194341412922,0.23159272035208756,P1 minutes left (brief)
1.342085015133145,0.02846545329077892,0.23159272035208756,P1 minutes left (brief)
1.3418888626180878,0.02846545329077892,0.23147377185678597,P1 minutes left (brief)
1.341795242062707,0.028637971189510912,0.23147377185678597,P1 minutes left (brief)
1.3415164538109947,0.028637971189510912,0.23111692637088144,P1 minutes left (brief)
1.3415028421780684,0.028810489088242904,0.23111692637088144,P1 minutes left (brief)
1.3412806546465976,0.0289830069869749,0.23111692637088144,P1 minutes left (brief)
1.3403250676906273,0.0289830069869749,0.23052218389437373,P1 minutes left (brief)
1.340311986085751,0.029069265936340894,0.23052218389437373,P1 minutes left (brief)
1.3392689735926093,0.029069265936340894,0.22992744141786603,P1 minutes left (brief)
1.3390717758953623,0.02924178383507289,0.22992744141786603,P1 minutes left (brief)
1.337977957832207,0.02924178383507289,0.22873795646485073,P1 minutes left (brief)
1.3375263550062706,0.029328042784438884,0.22873795646485073,P1 minutes left (brief)
1.337485234515239,0.029328042784438884,0.22861900796954915,P1 minutes left (brief)
1.3372201557465213,0.02950056068317088,0.22861900796954915,P1 minutes left (brief)
1.3370318236267449,0.02950056068317088,0.22850005947424767,P1 minutes left (brief)
1.3360376429276835,0.02967307858190287,0.22850005947424767,P1 minutes left (brief)
1.3351758080980205,0.02967307858190287,0.2276674200071369,P1 minutes left (brief)
1.335045051449306,0.02975933753126887,0.2276674200071369,P1 minutes left (brief)
1.3346627578540904,0.02975933753126887,0.22742952301653385,P1 minutes left (brief)
1.3346355422989813,0.029845596480634867,0.22742952301653385,P1 minutes left (brief)
1.3338614571828835,0.029845596480634867,0.22695372903532773,P1 minutes left (brief)
1.3335245469396704,0.02993185543000086,0.22695372903532773,P1 minutes left (brief)
1.3319306419286856,0.02993185543000086,0.2254073985964078,P1 minutes left (brief)
1.3315655663204895,0.03001811437936686,0.2254073985964078,P1 minutes left (brief)
1.330422720007226,0.03001811437936686,0.22457475912929703,P1 minutes left (brief)
1.3303593636761373,0.030104373328732857,0.22457475912929703,P1 minutes left (brief)
1.3296896336008246,0.030104373328732857,0.22398001665278933,P1 minutes left (brief)
1.3291559111970659,0.03019063227809885,0.22398001665278933,P1 minutes left (brief)
1.3290365821939185,0.03019063227809885,0.22374211966218627,P1 minutes left (brief)
1.3289947720769404,0.03027689122746485,0.22374211966218627,P1 minutes left (brief)
1.326119463650899,0.03027689122746485,0.2217199952420602,P1 minutes left (brief)
1.3260975160225856,0.030363150176830847,0.2217199952420602,P1 minutes left (brief)
1.323693430656678,0.030363150176830847,0.21957892232663256,P1 minutes left (brief)
1.323629233466573,0.03044940912619684,0.21957892232663256,P1 minutes left (brief)
1.3232398471332756,0.03044940912619684,0.21898417985012486,P1 minutes left (brief)
1.3228187118920038,0.03053566807556284,0.21898417985012486,P1 minutes left (brief)
1.320674318762116,0.03053566807556284,0.21767574640180798,P1 minutes left (brief)
1.3204372827033048,0.030621927024928837,0.21767574640180798,P1 minutes left (brief)
1.3196944262054378,0.030621927024928837,0.2169620554299988,P1 minutes left (brief)
1.3196916324915657,0.03079444492366083,0.2169620554299988,P1 minutes left (brief)
1.3187630149171405,0.03079444492366083,0.21601046746758656,P1 minutes left (brief)
1.3186873888757795,0.03079444492366083,0.2157725704769835,P1 minutes left (brief)
1.3171906962047721,0.03079444492366083,0.21470203401926968,P1 minutes left (brief)
1.3170920715263703,0.030966962822392825,0.21470203401926968,P1 minutes left (brief)
1.3155947752829704,0.030966962822392825,0.21375044605685734,P1 minutes left (brief)
1.3153288710751854,0.03105322177175882,0.21375044605685734,P1 minutes left (brief)
1.3148186589622324,0.03105322177175882,0.21315570358034974,P1 minutes left (brief)
1.3144576100448073,0.031225739670490815,0.21315570358034974,P1 minutes left (brief)
1.3140604901145216,0.031225739670490815,0.21256096110384204,P1 minutes left (brief)
1.313818767587275,0.031225739670490815,0.21232306411323898,P1 minutes left (brief)
1.313666978020351,0.03139825756922281,0.21232306411323898,P1 minutes left (brief)
1.313574652489481,0.0314845165185888,0.21232306411323898,P1 minutes left (brief)
1.3127227745611374,0.0314845165185888,0.21208516712263592,P1 minutes left (brief)
1.3126223803248342,0.0315707754679548,0.21208516712263592,P1 minutes left (brief)
1.3122729610609334,0.0315707754679548,0.21172832163673128,P1 minutes left (brief)
1.3121448993812896,0.0316570344173208,0.21172832163673128,P1 minutes left (brief)
1.3114661171681887,0.0316570344173208,0.21018199119781134,P1 minutes left (brief)
1.3111799421065964,0.03174329336668679,0.21018199119781134,P1 minutes left (brief)
1.3108801859714585,0.03174329336668679,0.20958724872130363,P1 minutes left (brief)
1.31061299498898,0.031915811265418786,0.20958724872130363,P1 minutes left (brief)
1.3105206100350912,0.031915811265418786,0.20946830022600216,P1 minutes left (brief)
1.310335751523115,0.03208832916415078,0.20946830022600216,P1 minutes left (brief)
1.310060759509049,0.03208832916415078,0.20934935173070057,P1 minutes left (brief)
1.3094911074414757,0.032174588113516776,0.20934935173070057,P1 minutes left (brief)
1.3093245618189064,0.032174588113516776,0.20899250624479604,P1 minutes left (brief)
1.3087945729879413,0.03251962391098077,0.20899250624479604,P1 minutes left (brief)
1.3073321014019184,0.03251962391098077,0.2080409182823837,P1 minutes left (brief)
1.30716091354922,0.03260588286034676,0.2080409182823837,P1 minutes left (brief)
1.3065304450633086,0.03260588286034676,0.2074461758058761,P1 minutes left (brief)
1.3064696299723924,0.032692141809712756,0.2074461758058761,P1 minutes left (brief)
1.3059681906384408,0.032692141809712756,0.2073272273105745,P1 minutes left (brief)
1.305789054019093,0.03277840075907876,0.2073272273105745,P1 minutes left (brief)
1.3054886917846227,0.03277840075907876,0.20708933031997145,P1 minutes left (brief)
1.3053300072002991,0.032950918657810746,0.20708933031997145,P1 minutes left (brief)
1.3046277648164513,0.032950918657810746,0.20637563934816228,P1 minutes left (brief)
1.30414592788095,0.03312343655654274,0.20637563934816228,P1 minutes left (brief)
1.3037821225812578,0.03312343655654274,0.20578089687165457,P1 minutes left (brief)
1.303555922630461,0.033209695505908736,0.20578089687165457,P1 minutes left (brief)
1.3020635612151026,0.033209695505908736,0.20471036041394075,P1 minutes left (brief)
1.3020400516810562,0.03329595445527474,0.20471036041394075,P1 minutes left (brief)
1.3016745500812819,0.03329595445527474,0.2044724634233377,P1 minutes left (brief)
1.3016277438924257,0.033468472354006726,0.2044724634233377,P1 minutes left (brief)
1.3009507703046852,0.033468472354006726,0.20387772094683,P1 minutes left (brief)
1.3006485198311033,0.03355473130337273,0.20387772094683,P1 minutes left (brief)
1.3004024922114583,0.03355473130337273,0.20352087546092545,P1 minutes left (brief)
1.3001880769052645,0.03364099025273872,0.20352087546092545,P1 minutes left (brief)
1.2999641325566953,0.03364099025273872,0.20340192696562387,P1 minutes left (brief)
1.299848543296338,0.033727249202104716,0.20340192696562387,P1 minutes left (brief)
1.2994094306280843,0.033727249202104716,0.2032829784703224,P1 minutes left (brief)
1.2993455447844984,0.03381350815147072,0.2032829784703224,P1 minutes left (brief)
1.2979846857517405,0.03381350815147072,0.20233139050791005,P1 minutes left (brief)
1.29769391302061,0.033986026050202706,0.20233139050791005,P1 minutes left (brief)
1.2974517447473628,0.033986026050202706,0.202093493517307,P1 minutes left (brief)
1.2973383290311735,0.033986026050202706,0.20185559652670393,P1 minutes left (brief)
1.2963404738846527,0.033986026050202706,0.2009040085642917,P1 minutes left (brief)
1.2963186310834232,0.03407228499956871,0.2009040085642917,P1 minutes left (brief)
1.291130325684967,0.03407228499956871,0.19804924467705487,P1 minutes left (brief)
1.2910808007005654,0.0341585439489347,0.19804924467705487,P1 minutes left (brief)
1.2908083485390403,0.0341585439489347,0.1978113476864518,P1 minutes left (brief)
1.2907091751177104,0.034244802898300696,0.1978113476864518,P1 minutes left (brief)
1.288563220140366,0.034244802898300696,0.19531342928511952,P1 minutes left (brief)
1.2885529971674385,0.0343310618476667,0.19531342928511952,P1 minutes left (brief)
1.2882674053599745,0.0343310618476667,0.19507553229451646,P1 minutes left (brief)
1.288061322653599,0.03441732079703269,0.19507553229451646,P1 minutes left (brief)
1.2878915943405431,0.03441732079703269,0.194956583799215,P1 minutes left (brief)
1.2878552809462287,0.034503579746398685,0.194956583799215,P1 minutes left (brief)
1.2863915670472883,0.034503579746398685,0.19352920185559652,P1 minutes left (brief)
1.2863557402550514,0.03458983869576469,0.19352920185559652,P1 minutes left (brief)
1.2845581168000066,0.03458983869576469,0.19210181991197817,P1 minutes left (brief)
1.2842076362355035,0.03476235659449668,0.19210181991197817,P1 minutes left (brief)
1.2837756892834502,0.03476235659449668,0.191863922921375,P1 minutes left (brief)
1.2837103677279682,0.03484861554386268,0.191863922921375,P1 minutes left (brief)
1.2825642669605903,0.03484861554386268,0.1912691804448674,P1 minutes left (brief)
1.2824830133570801,0.03493487449322867,0.1912691804448674,P1 minutes left (brief)
1.2813049005286046,0.03493487449322867,0.19031759248245506,P1 minutes left (brief)
1.2810895325994038,0.03502113344259467,0.19031759248245506,P1 minutes left (brief)
1.2807866962560848,0.03502113344259467,0.19019864398715358,P1 minutes left (brief)
1.280507482123726,0.035107392391960666,0.19019864398715358,P1 minutes left (brief)
1.2798818660338414,0.035107392391960666,0.18984179850124894,P1 minutes left (brief)
1.2797819149725882,0.03519365134132666,0.18984179850124894,P1 minutes left (brief)
1.279510990702146,0.03519365134132666,0.18972285000594746,P1 minutes left (brief)
1.2793671870896566,0.03527991029069266,0.18972285000594746,P1 minutes left (brief)
1.279287690931345,0.03527991029069266,0.1894849530153444,P1 minutes left (brief)
1.2792746721121235,0.035366169240058656,0.1894849530153444,P1 minutes left (brief)
1.2787787145219178,0.035366169240058656,0.18877126204353512,P1 minutes left (brief)
1.2786441489062965,0.03545242818942465,0.18877126204353512,P1 minutes left (brief)
1.278023138139229,0.03545242818942465,0.18817651956702752,P1 minutes left (brief)
1.2780001501266072,0.03553868713879065,0.18817651956702752,P1 minutes left (brief)
1.2775161043342103,0.03553868713879065,0.18746282859521823,P1 minutes left (brief)
1.2771412960575759,0.03579746398688864,0.18746282859521823,P1 minutes left (brief)
1.2760572897068383,0.03579746398688864,0.18698703461401212,P1 minutes left (brief)
1.276056233161849,0.035883722936254636,0.18698703461401212,P1 minutes left (brief)
1.2755846261236814,0.035883722936254636,0.18686808611871064,P1 minutes left (brief)
1.2755340861562543,0.03596998188562063,0.18686808611871064,P1 minutes left (brief)
1.275465655324454,0.03596998188562063,0.18663018912810758,P1 minutes left (brief)
1.2754609586140346,0.03605624083498663,0.18663018912810758,P1 minutes left (brief)
1.2754585754288568,0.03605624083498663,0.186511240632806,P1 minutes left (brief)
1.2754071320989684,0.036142499784352626,0.186511240632806,P1 minutes left (brief)
1.2753464735938496,0.036142499784352626,0.18627334364220294,P1 minutes left (brief)
1.2753387999459156,0.03622875873371862,0.18627334364220294,P1 minutes left (brief)
1.2744099565103033,0.03622875873371862,0.18567860116569523,P1 minutes left (brief)
1.2742490179122297,0.036401276632450616,0.18567860116569523,P1 minutes left (brief)
1.2740272055797663,0.036401276632450616,0.18520280718448912,P1 minutes left (brief)
1.273755064341698,0.03648753558181661,0.18520280718448912,P1 minutes left (brief)
1.27185809933139,0.03648753558181661,0.18365647674556917,P1 minutes left (brief)
1.2708861646406475,0.03657379453118261,0.18365647674556917,P1 minutes left (brief)
1.2705991814439728,0.03657379453118261,0.18329963125966453,P1 minutes left (brief)
1.270535144772146,0.0367463124299146,0.18329963125966453,P1 minutes left (brief)
1.2699416145433242,0.0367463124299146,0.1828238372784584,P1 minutes left (brief)
1.269874714237445,0.0368325713792806,0.1828238372784584,P1 minutes left (brief)
1.269178636983599,0.0368325713792806,0.1822290948019507,P1 minutes left (brief)
1.269140019414555,0.036918830328646596,0.1822290948019507,P1 minutes left (brief)
1.2687458848694078,0.036918830328646596,0.18163435232544312,P1 minutes left (brief)
1.268285061639405,0.03709134822737859,0.18163435232544312,P1 minutes left (brief)
1.26808654782907,0.03709134822737859,0.181158558344237,P1 minutes left (brief)
1.2679841755707812,0.037177607176744586,0.181158558344237,P1 minutes left (brief)
1.265034021079679,0.037177607176744586,0.1793743309147139,P1 minutes left (brief)
1.2648609465555205,0.03726386612611059,0.1793743309147139,P1 minutes left (brief)
1.2641821090769305,0.03726386612611059,0.1786606399429047,P1 minutes left (brief)
1.264034394663143,0.03752264297420858,0.1786606399429047,P1 minutes left (brief)
1.263721584419411,0.03752264297420858,0.17830379445700006,P1 minutes left (brief)
1.263719710068468,0.03760890192357457,0.17830379445700006,P1 minutes left (brief)
1.2632520151697697,0.03760890192357457,0.17794694897109553,P1 minutes left (brief)
1.2631665833220174,0.037695160872940565,0.17794694897109553,P1 minutes left (brief)
1.2626558678916613,0.037695160872940565,0.17723325799928635,P1 minutes left (brief)
1.2624447842889388,0.03778141982230657,0.17723325799928635,P1 minutes left (brief)
1.2623472701948522,0.03778141982230657,0.1769953610086833,P1 minutes left (brief)
1.2622794787318836,0.03778141982230657,0.17675746401808012,P1 minutes left (brief)
1.2603448960471395,0.03778141982230657,0.17533008207446177,P1 minutes left (brief)
1.2602620643622762,0.03786767877167256,0.17533008207446177,P1 minutes left (brief)
1.2590575093866783,0.03786767877167256,0.17437849411204953,P1 minutes left (brief)
1.2589340517588246,0.03804019667040456,0.17437849411204953,P1 minutes left (brief)
1.2582356994211055,0.03804019667040456,0.1740216486261449,P1 minutes left (brief)
1.2582143118750675,0.03812645561977055,0.1740216486261449,P1 minutes left (brief)
1.2524852724131557,0.03812645561977055,0.17057214226240036,P1 minutes left (brief)
1.2521127985395162,0.038298973518502546,0.17057214226240036,P1 minutes left (brief)
1.2514420700122135,0.038298973518502546,0.17021529677649583,P1 minutes left (brief)
1.2510246112842225,0.038471491417234535,0.17021529677649583,P1 minutes left (brief)
1.2492004949838473,0.038471491417234535,0.16938265730938507,P1 minutes left (brief)
1.2490039160062782,0.03864400931596653,0.16938265730938507,P1 minutes left (brief)
1.2482762556008762,0.03864400931596653,0.16878791483287736,P1 minutes left (brief)
1.2482441621367775,0.038730268265332525,0.16878791483287736,P1 minutes left (brief)
1.2476802901671065,0.038730268265332525,0.16843106934697272,P1 minutes left (brief)
1.247603730469727,0.038730268265332525,0.16819317235636966,P1 minutes left (brief)
1.2473631220580557,0.038730268265332525,0.16807422386106818,P1 minutes left (brief)
1.247339725707644,0.038816527214698526,0.16807422386106818,P1 minutes left (brief)
1.2467856669149804,0.038816527214698526,0.1679552753657666,P1 minutes left (brief)
1.2466960445466844,0.03898904511343052,0.1679552753657666,P1 minutes left (brief)
1.2461833608447672,0.03898904511343052,0.16759842987986207,P1 minutes left (brief)
1.2461696444151733,0.039075304062796516,0.16759842987986207,P1 minutes left (brief)
1.246139085134384,0.039075304062796516,0.16747948138456048,P1 minutes left (brief)
1.246110835454006,0.03916156301216251,0.16747948138456048,P1 minutes left (brief)
1.246110162618547,0.03916156301216251,0.167360532889259,P1 minutes left (brief)
1.2459427655381736,0.039334080910894506,0.167360532889259,P1 minutes left (brief)
1.2436275230762939,0.039334080910894506,0.1661710479362436,P1 minutes left (brief)
1.2436065857818377,0.0394203398602605,0.1661710479362436,P1 minutes left (brief)
1.2429601862674966,0.0394203398602605,0.16545735696443442,P1 minutes left (brief)
1.2428190614246477,0.0395065988096265,0.16545735696443442,P1 minutes left (brief)
1.2416041492242025,0.0395065988096265,0.1643868205067206,P1 minutes left (brief)
1.2412427114376916,0.03967911670835849,0.1643868205067206,P1 minutes left (brief)
1.240297715251791,0.03967911670835849,0.16355418103960984,P1 minutes left (brief)
1.2400140623206926,0.039851634607090486,0.16355418103960984,P1 minutes left (brief)
1.2397649988660828,0.039851634607090486,0.16307838705840372,P1 minutes left (brief)
1.2395744687044392,0.03993789355645648,0.16307838705840372,P1 minutes left (brief)
1.2392266400060947,0.03993789355645648,0.16284049006780066,P1 minutes left (brief)
1.2387721492537753,0.04002415250582248,0.16284049006780066,P1 minutes left (brief)
1.2375908579923451,0.04002415250582248,0.16188890210538842,P1 minutes left (brief)
1.2375710758436338,0.040110411455188476,0.16188890210538842,P1 minutes left (brief)
1.2373103949008284,0.040110411455188476,0.16165100511478525,P1 minutes left (brief)
1.2371570463943302,0.040369188303286466,0.16165100511478525,P1 minutes left (brief)
1.2371411747031338,0.040369188303286466,0.16153205661948378,P1 minutes left (brief)
1.2370601899380347,0.04045544725265246,0.16153205661948378,P1 minutes left (brief)
1.2366422825001793,0.04045544725265246,0.16117521113357913,P1 minutes left (brief)
1.2365902166567628,0.04054170620201846,0.16117521113357913,P1 minutes left (brief)
1.2362221162820717,0.04054170620201846,0.16069941715237301,P1 minutes left (brief)
1.2358796035919408,0.04071422410075045,0.16069941715237301,P1 minutes left (brief)
1.2355914938760082,0.04071422410075045,0.16046152016176995,P1 minutes left (brief)
1.235358914261313,0.04080048305011645,0.16046152016176995,P1 minutes left (brief)
1.2347554950627146,0.04080048305011645,0.1601046746758653,P1 minutes left (brief)
1.234639752654697,0.04097300094884844,0.1601046746758653,P1 minutes left (brief)
1.233418400845887,0.04097300094884844,0.15915308671345307,P1 minutes left (brief)
1.233269940595922,0.041145518847580435,0.15915308671345307,P1 minutes left (brief)
1.2329642111749248,0.041145518847580435,0.15891518972285001,P1 minutes left (brief)
1.2325478159634025,0.04123177779694644,0.15891518972285001,P1 minutes left (brief)
1.231153523744377,0.04123177779694644,0.1572499107886285,P1 minutes left (brief)
1.2309499902236494,0.041404295695678425,0.1572499107886285,P1 minutes left (brief)
1.2295286241158692,0.041404295695678425,0.15570358034970855,P1 minutes left (brief)
1.2293498717437605,0.04157681359441042,0.15570358034970855,P1 minutes left (brief)
1.2292495995052715,0.04157681359441042,0.15558463185440707,P1 minutes left (brief)
1.228769257965882,0.041749331493142416,0.15558463185440707,P1 minutes left (brief)
1.2286313120497416,0.041749331493142416,0.1554656833591055,P1 minutes left (brief)
1.2283833955835584,0.04183559044250841,0.1554656833591055,P1 minutes left (brief)
1.2282157520171948,0.04183559044250841,0.15534673486380401,P1 minutes left (brief)
1.2281182957284755,0.041921849391874405,0.15534673486380401,P1 minutes left (brief)
1.227781999832116,0.041921849391874405,0.15510883787320096,P1 minutes left (brief)
1.2277218638333343,0.042008108341240406,0.15510883787320096,P1 minutes left (brief)
1.2275191853556822,0.042008108341240406,0.15487094088259779,P1 minutes left (brief)
1.2273166300747216,0.0420943672906064,0.15487094088259779,P1 minutes left (brief)
1.2269952422124095,0.0420943672906064,0.15451409539669325,P1 minutes left (brief)
1.2268977680389546,0.042180626239972395,0.15451409539669325,P1 minutes left (brief)
1.2260274830012396,0.042180626239972395,0.15403830141548713,P1 minutes left (brief)
1.2258682211926153,0.042266885189338396,0.15403830141548713,P1 minutes left (brief)
1.22466762543119,0.042266885189338396,0.15320566194837637,P1 minutes left (brief)
1.2246632460753395,0.042266885189338396,0.1529677649577733,P1 minutes left (brief)
1.2243647957297175,0.042525662037436386,0.1529677649577733,P1 minutes left (brief)
1.2242074502251714,0.042525662037436386,0.1523730224812656,P1 minutes left (brief)
1.2239872269837473,0.04261192098680238,0.1523730224812656,P1 minutes left (brief)
1.2237552165665646,0.04261192098680238,0.15201617699536096,P1 minutes left (brief)
1.2237412923829951,0.042698179936168375,0.15201617699536096,P1 minutes left (brief)
1.2234228086564403,0.042698179936168375,0.15165933150945643,P1 minutes left (brief)
1.2232813447319228,0.042784438885534376,0.15165933150945643,P1 minutes left (brief)
1.2228200563739,0.042784438885534376,0.15094564053764725,P1 minutes left (brief)
1.2222595763443957,0.04287069783490037,0.15094564053764725,P1 minutes left (brief)
1.221522729735983,0.04287069783490037,0.15046984655644102,P1 minutes left (brief)
1.2213214873355611,0.042956956784266365,0.15046984655644102,P1 minutes left (brief)
1.2198471770471926,0.042956956784266365,0.14975615558463184,P1 minutes left (brief)
1.2197256452387832,0.043043215733632366,0.14975615558463184,P1 minutes left (brief)
1.2191066490777933,0.043043215733632366,0.1493993100987272,P1 minutes left (brief)
1.2190882697635141,0.04312947468299836,0.1493993100987272,P1 minutes left (brief)
1.2182364779794792,0.04312947468299836,0.14904246461282267,P1 minutes left (brief)
1.2176976544406921,0.043301992581730356,0.14904246461282267,P1 minutes left (brief)
1.2175824162232842,0.043301992581730356,0.14892351611752108,P1 minutes left (brief)
1.2175307519654088,0.04338825153109635,0.14892351611752108,P1 minutes left (brief)
1.2149121615597365,0.04338825153109635,0.14630664922088732,P1 minutes left (brief)
1.214852230881168,0.04347451048046235,0.14630664922088732,P1 minutes left (brief)
1.2140500105434178,0.04347451048046235,0.14547400975377667,P1 minutes left (brief)
1.2136169485881416,0.043560769429828346,0.14547400975377667,P1 minutes left (brief)
1.212708000478625,0.043560769429828346,0.14487926727726896,P1 minutes left (brief)
1.212595799561899,0.043560769429828346,0.1446413702866659,P1 minutes left (brief)
1.2123998585382418,0.043560769429828346,0.14452242179136432,P1 minutes left (brief)
1.2120732321166408,0.04364702837919434,0.14452242179136432,P1 minutes left (brief)
1.2110079082733167,0.04364702837919434,0.14380873081955514,P1 minutes left (brief)
1.2107880645784088,0.04390580522729233,0.14380873081955514,P1 minutes left (brief)
1.210552776274622,0.04390580522729233,0.14357083382895208,P1 minutes left (brief)
1.2104864618353544,0.044078323126024326,0.14357083382895208,P1 minutes left (brief)
1.2099032322198588,0.044078323126024326,0.14309503984774596,P1 minutes left (brief)
1.2098832274006808,0.04416458207539032,0.14309503984774596,P1 minutes left (brief)
1.2069106492103268,0.04416458207539032,0.14131081241822296,P1 minutes left (brief)
1.2068907435865996,0.04416458207539032,0.1410729154276198,P1 minutes left (brief)
1.2061787371749981,0.044337099974122315,0.1410729154276198,P1 minutes left (brief)
1.205955123143029,0.044337099974122315,0.14095396693231832,P1 minutes left (brief)
1.2056631645156632,0.04442335892348831,0.14095396693231832,P1 minutes left (brief)
1.205132214968127,0.04442335892348831,0.14035922445581062,P1 minutes left (brief)
1.2049558670741078,0.04450961787285431,0.14035922445581062,P1 minutes left (brief)
1.2048438287291308,0.04450961787285431,0.14024027596050914,P1 minutes left (brief)
1.2048165156608601,0.04450961787285431,0.14000237896990608,P1 minutes left (brief)
1.2042459265752938,0.044595876822220305,0.14000237896990608,P1 minutes left (brief)
1.2037769156433817,0.044595876822220305,0.13964553348400144,P1 minutes left (brief)
1.2032859167672845,0.0446821357715863,0.13964553348400144,P1 minutes left (brief)
1.2028841305374947,0.0446821357715863,0.1392886879980968,P1 minutes left (brief)
1.2028398489014596,0.0447683947209523,0.1392886879980968,P1 minutes left (brief)
1.2019891188174674,0.0447683947209523,0.1380992030450815,P1 minutes left (brief)
1.2017660661691838,0.044854653670318295,0.1380992030450815,P1 minutes left (brief)
1.2015320123308832,0.044854653670318295,0.13774235755917685,P1 minutes left (brief)
1.2010833314952887,0.04494091261968429,0.13774235755917685,P1 minutes left (brief)
1.2009425824885676,0.04494091261968429,0.1375044605685738,P1 minutes left (brief)
1.2004087389276838,0.045113430518416285,0.1375044605685738,P1 minutes left (brief)
1.1999159365678755,0.045113430518416285,0.13643392411085997,P1 minutes left (brief)
1.1991487717792575,0.04519968946778228,0.13643392411085997,P1 minutes left (brief)
1.1980703499872523,0.04519968946778228,0.13548233614844774,P1 minutes left (brief)
1.1977492627555726,0.04528594841714828,0.13548233614844774,P1 minutes left (brief)
1.1970596674513367,0.04528594841714828,0.13488759367194003,P1 minutes left (brief)
1.1965059510689184,0.04545846631588027,0.13488759367194003,P1 minutes left (brief)
1.1963739439290955,0.04545846631588027,0.13464969668133697,P1 minutes left (brief)
1.1962444815410798,0.045630984214612265,0.13464969668133697,P1 minutes left (brief)
1.1960436072531355,0.045630984214612265,0.1345307481860355,P1 minutes left (brief)
1.1959716568475616,0.045630984214612265,0.13429285119543233,P1 minutes left (brief)
1.195851450342563,0.045717243163978266,0.13429285119543233,P1 minutes left (brief)
1.1945106129597933,0.045717243163978266,0.1339360057095278,P1 minutes left (brief)
1.1944653133385283,0.04580350211334426,0.1339360057095278,P1 minutes left (brief)
1.1936290280010808,0.04580350211334426,0.13346021172832168,P1 minutes left (brief)
1.193458463620142,0.045889761062710255,0.13346021172832168,P1 minutes left (brief)
1.1930037273043967,0.045889761062710255,0.13310336624241703,P1 minutes left (brief)
1.193000774271088,0.045976020012076256,0.13310336624241703,P1 minutes left (brief)
1.1905909876985616,0.045976020012076256,0.13120019031759245,P1 minutes left (brief)
1.1903840467578966,0.04606227896144225,0.13120019031759245,P1 minutes left (brief)
1.1893131508796453,0.04606227896144225,0.13060544784108485,P1 minutes left (brief)
1.1892013765854907,0.046148537910808245,0.13060544784108485,P1 minutes left (brief)
1.1873472923193908,0.046148537910808245,0.12882122041156174,P1 minutes left (brief)
1.187169387600574,0.046234796860174246,0.12882122041156174,P1 minutes left (brief)
1.187088559777359,0.046234796860174246,0.12870227191626027,P1 minutes left (brief)
1.1868830114158924,0.04632105580954024,0.12870227191626027,P1 minutes left (brief)
1.1866881886500469,0.04632105580954024,0.1284643749256572,P1 minutes left (brief)
1.1861368996585373,0.04632105580954024,0.1278696324491495,P1 minutes left (brief)
1.1859799019596204,0.046493573708272236,0.1278696324491495,P1 minutes left (brief)
1.1856815088837442,0.046493573708272236,0.12775068395384803,P1 minutes left (brief)
1.1856318810053914,0.046666091607004224,0.12775068395384803,P1 minutes left (brief)
1.1852032577387412,0.046666091607004224,0.1272748899726418,P1 minutes left (brief)
1.18518457516829,0.046752350556370226,0.1272748899726418,P1 minutes left (brief)
1.1848380978949116,0.046752350556370226,0.12715594147734033,P1 minutes left (brief)
1.1847344137231832,0.046752350556370226,0.12691804448673727,P1 minutes left (brief)
1.1844854671852814,0.046752350556370226,0.1266801474961342,P1 minutes left (brief)
1.1842150333110806,0.04683860950573622,0.1266801474961342,P1 minutes left (brief)
1.1834823013461317,0.04683860950573622,0.1262043535149281,P1 minutes left (brief)
1.1833841310693871,0.046924868455102214,0.1262043535149281,P1 minutes left (brief)
1.1833113335597167,0.046924868455102214,0.1260854050196265,P1 minutes left (brief)
1.1832568080646098,0.047011127404468216,0.1260854050196265,P1 minutes left (brief)
1.1827295342334365,0.047011127404468216,0.12572855953372186,P1 minutes left (brief)
1.182555770275902,0.047183645303200204,0.12572855953372186,P1 minutes left (brief)
1.1823585790388804,0.047183645303200204,0.12537171404781733,P1 minutes left (brief)
1.181784474816442,0.047269904252566206,0.12537171404781733,P1 minutes left (brief)
1.1810386520182994,0.047269904252566206,0.12513381705721427,P1 minutes left (brief)
1.180966856271566,0.0473561632019322,0.12513381705721427,P1 minutes left (brief)
1.1807047102137422,0.0473561632019322,0.12489592006661121,P1 minutes left (brief)
1.1806666517597935,0.047442422151298194,0.12489592006661121,P1 minutes left (brief)
1.1804386748217341,0.047442422151298194,0.12465802307600804,P1 minutes left (brief)
1.1800119724153373,0.04761494005003019,0.12465802307600804,P1 minutes left (brief)
1.1787746954160228,0.04761494005003019,0.12334958962769116,P1 minutes left (brief)
1.178661952444294,0.047787457948762185,0.12334958962769116,P1 minutes left (brief)
1.178461612324792,0.047787457948762185,0.12275484715118357,P1 minutes left (brief)
1.1784101397940827,0.04787371689812818,0.12275484715118357,P1 minutes left (brief)
1.1773785580212914,0.04787371689812818,0.12180325918877122,P1 minutes left (brief)
1.1772953766027179,0.048046234796860175,0.12180325918877122,P1 minutes left (brief)
1.1766205037670507,0.048046234796860175,0.12120851671226363,P1 minutes left (brief)
1.176501962752114,0.04813249374622617,0.12120851671226363,P1 minutes left (brief)
1.1759581194563695,0.04813249374622617,0.12097061972166057,P1 minutes left (brief)
1.1758952710169808,0.04821875269559217,0.12097061972166057,P1 minutes left (brief)
1.1756740207341296,0.04821875269559217,0.12061377423575592,P1 minutes left (brief)
1.1754765048267655,0.048305011644958165,0.12061377423575592,P1 minutes left (brief)
1.1752613956302658,0.048305011644958165,0.12049482574045434,P1 minutes left (brief)
1.1752192152643857,0.04839127059432416,0.12049482574045434,P1 minutes left (brief)
1.1746560608137617,0.04839127059432416,0.12025692874985128,P1 minutes left (brief)
1.1746344064131096,0.04847752954369016,0.12025692874985128,P1 minutes left (brief)
1.1745883825260168,0.04847752954369016,0.1201379802545498,P1 minutes left (brief)
1.1744068473977307,0.048563788493056155,0.1201379802545498,P1 minutes left (brief)
1.1743094462657346,0.048563788493056155,0.11978113476864516,P1 minutes left (brief)
1.174199981577431,0.04865004744242215,0.11978113476864516,P1 minutes left (brief)
1.1741266902661014,0.04865004744242215,0.11966218627334368,P1 minutes left (brief)
1.1737944993437144,0.048822565341154145,0.11966218627334368,P1 minutes left (brief)
1.1735333013125897,0.048822565341154145,0.1195432377780421,P1 minutes left (brief)
1.1734118496832064,0.049081342189252135,0.1195432377780421,P1 minutes left (brief)
1.1730357329003347,0.049081342189252135,0.11930534078743904,P1 minutes left (brief)
1.1729220505727793,0.04916760113861813,0.11930534078743904,P1 minutes left (brief)
1.1727299755072773,0.04916760113861813,0.11918639229213746,P1 minutes left (brief)
1.172589412896368,0.049340119037350125,0.11918639229213746,P1 minutes left (brief)
1.1720270731423639,0.049340119037350125,0.11871059831093134,P1 minutes left (brief)
1.171992116078238,0.049340119037350125,0.11847270132032828,P1 minutes left (brief)
1.171562449753244,0.049340119037350125,0.11799690733912216,P1 minutes left (brief)
1.1715621057303807,0.04942637798671612,0.11799690733912216,P1 minutes left (brief)
1.1709506695593193,0.04942637798671612,0.11752111335791604,P1 minutes left (brief)
1.1707414066162,0.04951263693608212,0.11752111335791604,P1 minutes left (brief)
1.1702867005299806,0.04951263693608212,0.11692637088140834,P1 minutes left (brief)
1.1702799324622892,0.049598895885448115,0.11692637088140834,P1 minutes left (brief)
1.1698939609765513,0.049598895885448115,0.11668847389080528,P1 minutes left (brief)
1.169521170348145,0.04968515483481411,0.11668847389080528,P1 minutes left (brief)
1.1694807095735167,0.04968515483481411,0.11656952539550369,P1 minutes left (brief)
1.1693814433684169,0.04977141378418011,0.11656952539550369,P1 minutes left (brief)
1.1687146011798557,0.04977141378418011,0.11621267990959916,P1 minutes left (brief)
1.1684180688377965,0.050116449581644094,0.11621267990959916,P1 minutes left (brief)
1.168327746998877,0.050116449581644094,0.11609373141429757,P1 minutes left (brief)
1.1683239751448915,0.05028896748037609,0.11609373141429757,P1 minutes left (brief)
1.1675625570145214,0.05028896748037609,0.11561793743309146,P1 minutes left (brief)
1.1674537104136633,0.050461485379108086,0.11561793743309146,P1 minutes left (brief)
1.1669621097784417,0.050461485379108086,0.1153800404424884,P1 minutes left (brief)
1.1669147076425437,0.05054774432847408,0.1153800404424884,P1 minutes left (brief)
1.1667585185789773,0.05054774432847408,0.11502319495658375,P1 minutes left (brief)
1.1667426455693575,0.050634003277840074,0.11502319495658375,P1 minutes left (brief)
1.1664071316171742,0.050634003277840074,0.11454740097537763,P1 minutes left (brief)
1.1662944664876864,0.050720262227206075,0.11454740097537763,P1 minutes left (brief)
1.1658434162194984,0.050720262227206075,0.11430950398477457,P1 minutes left (brief)
1.1653657257385899,0.050892780125938064,0.11430950398477457,P1 minutes left (brief)
1.164565863607508,0.050892780125938064,0.11335791602236234,P1 minutes left (brief)
1.1645123026743482,0.05106529802467006,0.11335791602236234,P1 minutes left (brief)
1.1638470558124911,0.05106529802467006,0.11276317354585463,P1 minutes left (brief)
1.1638055807202115,0.051151556974036054,0.11276317354585463,P1 minutes left (brief)
1.1628525155529106,0.051151556974036054,0.11240632805994999,P1 minutes left (brief)
1.162607524614498,0.051410333822134044,0.11240632805994999,P1 minutes left (brief)
1.1622766555761077,0.051410333822134044,0.11216843106934693,P1 minutes left (brief)
1.161950591409965,0.05158285172086604,0.11216843106934693,P1 minutes left (brief)
1.1608577905640654,0.05158285172086604,0.11193053407874387,P1 minutes left (brief)
1.1608440182083997,0.051669110670232034,0.11193053407874387,P1 minutes left (brief)
1.1603013666571333,0.051669110670232034,0.11145474009753775,P1 minutes left (brief)
1.1601384983619334,0.05184162856896403,0.11145474009753775,P1 minutes left (brief)
1.1596040980586304,0.05184162856896403,0.11109789461163311,P1 minutes left (brief)
1.1594995053596469,0.051927887518330024,0.11109789461163311,P1 minutes left (brief)
1.1593911992038055,0.051927887518330024,0.11085999762103005,P1 minutes left (brief)
1.1593520761970653,0.052014146467696025,0.11085999762103005,P1 minutes left (brief)
1.1585395824225144,0.052014146467696025,0.11026525514452246,P1 minutes left (brief)
1.1585280701208638,0.05210040541706202,0.11026525514452246,P1 minutes left (brief)
1.1581616613066688,0.05210040541706202,0.11014630664922087,P1 minutes left (brief)
1.1579924335831457,0.052272923315794015,0.11014630664922087,P1 minutes left (brief)
1.1579919513293817,0.052272923315794015,0.1100273581539194,P1 minutes left (brief)
1.1579849723213058,0.05235918226516001,0.1100273581539194,P1 minutes left (brief)
1.1578738670383768,0.05235918226516001,0.10990840965861781,P1 minutes left (brief)
1.1578364205380793,0.05244544121452601,0.10990840965861781,P1 minutes left (brief)
1.1575419246738663,0.05244544121452601,0.10967051266801475,P1 minutes left (brief)
1.1575387022017916,0.052531700163892005,0.10967051266801475,P1 minutes left (brief)
1.1572744270960884,0.052531700163892005,0.10955156417271317,P1 minutes left (brief)
1.157249883261595,0.052617959113258,0.10955156417271317,P1 minutes left (brief)
1.1572255202793278,0.052617959113258,0.1094326156774117,P1 minutes left (brief)
1.1571065902837532,0.052704218062624,0.1094326156774117,P1 minutes left (brief)
1.1567209910153384,0.052704218062624,0.10907577019150705,P1 minutes left (brief)
1.1567104646100337,0.052790477011989995,0.10907577019150705,P1 minutes left (brief)
1.1566596408378569,0.052790477011989995,0.10895682169620557,P1 minutes left (brief)
1.1566191352622748,0.05287673596135599,0.10895682169620557,P1 minutes left (brief)
1.1556453966462936,0.05287673596135599,0.10859997621030093,P1 minutes left (brief)
1.155579258620671,0.05296299491072199,0.10859997621030093,P1 minutes left (brief)
1.1552417341374226,0.05296299491072199,0.10836207921969787,P1 minutes left (brief)
1.1551898041486075,0.053049253860087985,0.10836207921969787,P1 minutes left (brief)
1.155155698883581,0.053049253860087985,0.10824313072439629,P1 minutes left (brief)
1.155047991536052,0.05313551280945398,0.10824313072439629,P1 minutes left (brief)
1.1549477594040785,0.05313551280945398,0.10800523373379323,P1 minutes left (brief)
1.154402998591629,0.053308030708185974,0.10800523373379323,P1 minutes left (brief)
1.1543328148015217,0.053308030708185974,0.10788628523849175,P1 minutes left (brief)
1.1542876129407373,0.05339428965755197,0.10788628523849175,P1 minutes left (brief)
1.1538833748098223,0.05339428965755197,0.1076483882478887,P1 minutes left (brief)
1.1536349847400535,0.05365306650564996,0.1076483882478887,P1 minutes left (brief)
1.1528779627185068,0.05365306650564996,0.10729154276198405,P1 minutes left (brief)
1.1528063333140852,0.053825584404381954,0.10729154276198405,P1 minutes left (brief)
1.1526920958168783,0.053825584404381954,0.10705364577138099,P1 minutes left (brief)
1.152287379528595,0.05399810230311395,0.10705364577138099,P1 minutes left (brief)
1.1519487645650184,0.05399810230311395,0.1069346972760794,P1 minutes left (brief)
1.1518896793987374,0.05417062020184594,0.1069346972760794,P1 minutes left (brief)
1.1508200465543919,0.05417062020184594,0.10645890329487329,P1 minutes left (brief)
1.1505818712269398,0.05425687915121194,0.10645890329487329,P1 minutes left (brief)
1.1500269204349218,0.05425687915121194,0.10598310931366717,P1 minutes left (brief)
1.1498742763291714,0.05442939704994393,0.10598310931366717,P1 minutes left (brief)
1.1488750053733827,0.05442939704994393,0.10538836683715946,P1 minutes left (brief)
1.1488475019268374,0.05451565599930993,0.10538836683715946,P1 minutes left (brief)
1.1483632399694226,0.05451565599930993,0.10503152135125493,P1 minutes left (brief)
1.1482071977960375,0.054688173898041925,0.10503152135125493,P1 minutes left (brief)
1.1466045281168002,0.054688173898041925,0.10455572737004881,P1 minutes left (brief)
1.1463988307412718,0.054860691796773914,0.10455572737004881,P1 minutes left (brief)
1.1463702548958323,0.054860691796773914,0.10443677887474723,P1 minutes left (brief)
1.1463610388800112,0.054946950746139915,0.10443677887474723,P1 minutes left (brief)
1.1463571724770638,0.054946950746139915,0.10431783037944575,P1 minutes left (brief)
1.1462362949822507,0.05503320969550591,0.10431783037944575,P1 minutes left (brief)
1.1458408000438944,0.05503320969550591,0.10407993338884258,P1 minutes left (brief)
1.1458139937505476,0.055119468644871904,0.10407993338884258,P1 minutes left (brief)
1.145773388881282,0.055119468644871904,0.10396098489354111,P1 minutes left (brief)
1.1455756894404268,0.055205727594237905,0.10396098489354111,P1 minutes left (brief)
1.1447110918825194,0.055205727594237905,0.10300939693112887,P1 minutes left (brief)
1.14430034025462,0.055378245492969894,0.10300939693112887,P1 minutes left (brief)
1.144085403311733,0.055378245492969894,0.10265255144522423,P1 minutes left (brief)
1.1438207029139913,0.055464504442335895,0.10265255144522423,P1 minutes left (brief)
1.1434433635703247,0.055464504442335895,0.10217675746401811,P1 minutes left (brief)
1.1434414957733423,0.05555076339170189,0.10217675746401811,P1 minutes left (brief)
1.1409661776015232,0.05555076339170189,0.10110622100630429,P1 minutes left (brief)
1.1407262742759232,0.055723281290433885,0.10110622100630429,P1 minutes left (brief)
1.1404929108940636,0.055723281290433885,0.10086832401570123,P1 minutes left (brief)
1.1404233398312482,0.055723281290433885,0.10074937552039964,P1 minutes left (brief)
1.140364434734712,0.05589579918916587,0.10074937552039964,P1 minutes left (brief)
1.139975617580671,0.05589579918916587,0.10051147852979658,P1 minutes left (brief)
1.1399575145323597,0.055982058138531875,0.10051147852979658,P1 minutes left (brief)
1.1398446222852272,0.055982058138531875,0.10039253003449511,P1 minutes left (brief)
1.1396000402730802,0.05615457603726386,0.10039253003449511,P1 minutes left (brief)
1.1386709734576819,0.05615457603726386,0.10015463304389205,P1 minutes left (brief)
1.138582118528805,0.056240834986629865,0.10015463304389205,P1 minutes left (brief)
1.1385588125329833,0.056240834986629865,0.10003568454859046,P1 minutes left (brief)
1.1385513338501336,0.05632709393599586,0.10003568454859046,P1 minutes left (brief)
1.13761960905727,0.05632709393599586,0.09896514809087664,P1 minutes left (brief)
1.1374643942487805,0.056499611834727854,0.09896514809087664,P1 minutes left (brief)
1.135410334535783,0.056499611834727854,0.0974188176519567,P1 minutes left (brief)
1.1352429591133535,0.056499611834727854,0.09718092066135364,P1 minutes left (brief)
1.134940123731787,0.05658587078409385,0.09718092066135364,P1 minutes left (brief)
1.134138546410539,0.05658587078409385,0.09670512668014752,P1 minutes left (brief)
1.1339771230136455,0.05667212973345984,0.09670512668014752,P1 minutes left (brief)
1.1337554141624753,0.05667212973345984,0.09646722968954446,P1 minutes left (brief)
1.1334022259207217,0.056758388682825844,0.09646722968954446,P1 minutes left (brief)
1.1328991416067549,0.056758388682825844,0.09611038420363982,P1 minutes left (brief)
1.1328475222775187,0.05684464763219184,0.09611038420363982,P1 minutes left (brief)
1.1326513305462067,0.05684464763219184,0.09599143570833824,P1 minutes left (brief)
1.1325177261510149,0.057017165530923834,0.09599143570833824,P1 minutes left (brief)
1.1324177523552772,0.057017165530923834,0.09587248721303676,P1 minutes left (brief)
1.132316400930335,0.05718968342965583,0.09587248721303676,P1 minutes left (brief)
1.132109323693792,0.05718968342965583,0.09575353871773518,P1 minutes left (brief)
1.1318587210624569,0.057275942379021824,0.09575353871773518,P1 minutes left (brief)
1.1318309718709605,0.057275942379021824,0.09551564172713212,P1 minutes left (brief)
1.131690413783717,0.05744846027775382,0.09551564172713212,P1 minutes left (brief)
1.1315659886242788,0.05744846027775382,0.09539669323183064,P1 minutes left (brief)
1.131510891884739,0.057534719227119814,0.09539669323183064,P1 minutes left (brief)
1.13146035341553,0.057534719227119814,0.09527774473652906,P1 minutes left (brief)
1.13143671522567,0.05762097817648581,0.09527774473652906,P1 minutes left (brief)
1.1309608035484815,0.05762097817648581,0.095039847745926,P1 minutes left (brief)
1.130720459115609,0.05770723712585181,0.095039847745926,P1 minutes left (brief)
1.1305147625762384,0.05770723712585181,0.09492089925062452,P1 minutes left (brief)
1.1301535476516034,0.0578797550245838,0.09492089925062452,P1 minutes left (brief)
1.1293650446878758,0.0578797550245838,0.09432615677411682,P1 minutes left (brief)
1.129166184538049,0.0579660139739498,0.09432615677411682,P1 minutes left (brief)
1.1288419625800827,0.0579660139739498,0.09408825978351376,P1 minutes left (brief)
1.1287824770361987,0.058052272923315794,0.09408825978351376,P1 minutes left (brief)
1.1286237777753023,0.058052272923315794,0.0938503627929107,P1 minutes left (brief)
1.1285102610224882,0.05813853187268179,0.0938503627929107,P1 minutes left (brief)
1.1283519436465703,0.05813853187268179,0.09373141429760912,P1 minutes left (brief)
1.1278342340963137,0.05822479082204779,0.09373141429760912,P1 minutes left (brief)
1.1273771050275567,0.05822479082204779,0.09337456881170458,P1 minutes left (brief)
1.1271058140319075,0.058569826619511774,0.09337456881170458,P1 minutes left (brief)
1.1257403344904309,0.058569826619511774,0.0926608778398953,P1 minutes left (brief)
1.1257253931159648,0.05865608556887777,0.0926608778398953,P1 minutes left (brief)
1.1250917845668633,0.05865608556887777,0.09194718686808612,P1 minutes left (brief)
1.1250583073255223,0.05874234451824377,0.09194718686808612,P1 minutes left (brief)
1.124888236279361,0.05874234451824377,0.09170928987748306,P1 minutes left (brief)
1.124869824177159,0.058828603467609764,0.09170928987748306,P1 minutes left (brief)
1.1244836943687306,0.058828603467609764,0.09123349589627694,P1 minutes left (brief)
1.1243405361139298,0.05891486241697576,0.09123349589627694,P1 minutes left (brief)
1.12358206614866,0.05891486241697576,0.09063875341976924,P1 minutes left (brief)
1.1235523349323167,0.05900112136634176,0.09063875341976924,P1 minutes left (brief)
1.1234984804675439,0.05900112136634176,0.09051980492446765,P1 minutes left (brief)
1.1233740443673035,0.059173639265073755,0.09051980492446765,P1 minutes left (brief)
1.1229757513334973,0.059173639265073755,0.09016295943856312,P1 minutes left (brief)
1.1228166357146618,0.05925989821443975,0.09016295943856312,P1 minutes left (brief)
1.1224603735611263,0.05925989821443975,0.08980611395265847,P1 minutes left (brief)
1.1223010652897514,0.059432416113171745,0.08980611395265847,P1 minutes left (brief)
1.1221453319479815,0.059432416113171745,0.08956821696205541,P1 minutes left (brief)
1.1221261088187806,0.05951867506253774,0.08956821696205541,P1 minutes left (brief)
1.121553797320778,0.05951867506253774,0.08933031997145235,P1 minutes left (brief)
1.1215347903018786,0.05960493401190373,0.08933031997145235,P1 minutes left (brief)
1.1212463517974718,0.05960493401190373,0.08897347448554771,P1 minutes left (brief)
1.1208275960784704,0.05986371086000172,0.08897347448554771,P1 minutes left (brief)
1.1202869432482585,0.05986371086000172,0.08849768050434159,P1 minutes left (brief)
1.1202234553408927,0.059949969809367724,0.08849768050434159,P1 minutes left (brief)
1.1190293689729585,0.059949969809367724,0.087902938027834,P1 minutes left (brief)
1.118463936325999,0.06003622875873372,0.087902938027834,P1 minutes left (brief)
1.1182083657642727,0.06003622875873372,0.08754609254192935,P1 minutes left (brief)
1.117629289406934,0.06012248770809971,0.08754609254192935,P1 minutes left (brief)
1.1176172853745747,0.06012248770809971,0.08742714404662777,P1 minutes left (brief)
1.1175225756618457,0.060208746657465714,0.08742714404662777,P1 minutes left (brief)
1.1168818526171318,0.060208746657465714,0.08671345307481859,P1 minutes left (brief)
1.1167425056060216,0.06029500560683171,0.08671345307481859,P1 minutes left (brief)
1.1163833354285204,0.06029500560683171,0.08623765909361247,P1 minutes left (brief)
1.1155956626484131,0.0605537824549297,0.08623765909361247,P1 minutes left (brief)
1.1151157622863361,0.0605537824549297,0.08588081360770783,P1 minutes left (brief)
1.1149695229902614,0.060726300353661694,0.08588081360770783,P1 minutes left (brief)
1.1143881412775987,0.060726300353661694,0.0855239681218033,P1 minutes left (brief)
1.1143306418139296,0.06081255930302769,0.0855239681218033,P1 minutes left (brief)
1.1142948194682327,0.06081255930302769,0.08528607113120024,P1 minutes left (brief)
1.1140126049752859,0.06107133615112568,0.08528607113120024,P1 minutes left (brief)
1.1139864781524245,0.06107133615112568,0.08516712263589865,P1 minutes left (brief)
1.1136671438699512,0.061502630897955664,0.08516712263589865,P1 minutes left (brief)
1.1135751991069032,0.061502630897955664,0.08504817414059718,P1 minutes left (brief)
1.113222463771821,0.06184766669541965,0.08504817414059718,P1 minutes left (brief)
1.113081130511826,0.06184766669541965,0.084810277149994,P1 minutes left (brief)
1.1130399386243832,0.06193392564478565,0.084810277149994,P1 minutes left (brief)
1.1126062045017775,0.06193392564478565,0.08433448316878789,P1 minutes left (brief)
1.1123802164499978,0.062020184594151644,0.08433448316878789,P1 minutes left (brief)
1.112312362343222,0.062020184594151644,0.08421553467348641,P1 minutes left (brief)
1.1121398285055946,0.062278961442249633,0.08421553467348641,P1 minutes left (brief)
1.1119876341594284,0.062278961442249633,0.08397763768288335,P1 minutes left (brief)
1.1119557075101334,0.06245147934098163,0.08397763768288335,P1 minutes left (brief)
1.1118539527824458,0.06253773829034763,0.08397763768288335,P1 minutes left (brief)
1.111725781238983,0.06253773829034763,0.08385868918758177,P1 minutes left (brief)
1.1110236718744624,0.06271025618907962,0.08385868918758177,P1 minutes left (brief)
1.1110148756880347,0.06271025618907962,0.0837397406922803,P1 minutes left (brief)
1.1110129485966993,0.06279651513844561,0.0837397406922803,P1 minutes left (brief)
1.1108467183055981,0.06279651513844561,0.08338289520637565,P1 minutes left (brief)
1.1101643237607786,0.0631415509359096,0.08338289520637565,P1 minutes left (brief)
1.1101539332044348,0.0631415509359096,0.08326394671107407,P1 minutes left (brief)
1.1100901886862213,0.06340032778400759,0.08326394671107407,P1 minutes left (brief)
1.1100604182628866,0.06340032778400759,0.08314499821577259,P1 minutes left (brief)
1.1099235771830975,0.06348658673337358,0.08314499821577259,P1 minutes left (brief)
1.1094791063887584,0.06348658673337358,0.08266920423456647,P1 minutes left (brief)
1.109151428634683,0.06365910463210558,0.08266920423456647,P1 minutes left (brief)
1.1088899761711777,0.06365910463210558,0.08243130724396341,P1 minutes left (brief)
1.1088430446139608,0.06374536358147158,0.08243130724396341,P1 minutes left (brief)
1.108525577818199,0.06374536358147158,0.08231235874866183,P1 minutes left (brief)
1.1081101591374158,0.06400414042956956,0.08231235874866183,P1 minutes left (brief)
1.1078068263625804,0.06400414042956956,0.08207446175805877,P1 minutes left (brief)
1.1077729264297558,0.06409039937893557,0.08207446175805877,P1 minutes left (brief)
1.1077126303393565,0.06409039937893557,0.08195551326275718,P1 minutes left (brief)
1.1072930217351409,0.06426291727766756,0.08195551326275718,P1 minutes left (brief)
1.1071619885948074,0.06426291727766756,0.08159866777685265,P1 minutes left (brief)
1.107047268422854,0.06443543517639955,0.08159866777685265,P1 minutes left (brief)
1.106907259895232,0.06443543517639955,0.08147971928155107,P1 minutes left (brief)
1.1068563590934541,0.06452169412576554,0.08147971928155107,P1 minutes left (brief)
1.106534035959695,0.06452169412576554,0.08124182229094801,P1 minutes left (brief)
1.1064382561072774,0.06460795307513155,0.08124182229094801,P1 minutes left (brief)
1.1059496560911886,0.06460795307513155,0.08112287379564653,P1 minutes left (brief)
1.1058970247497006,0.06469421202449754,0.08112287379564653,P1 minutes left (brief)
1.1054105359623487,0.06469421202449754,0.08088497680504336,P1 minutes left (brief)
1.105070152476991,0.06478047097386354,0.08088497680504336,P1 minutes left (brief)
1.1050037912944777,0.06478047097386354,0.08076602830974189,P1 minutes left (brief)
1.1049024433057202,0.06486672992322953,0.08076602830974189,P1 minutes left (brief)
1.1044073157465377,0.06486672992322953,0.08052813131913883,P1 minutes left (brief)
1.1041930157612803,0.06512550677132753,0.08052813131913883,P1 minutes left (brief)
1.103881196335601,0.06512550677132753,0.08005233733793271,P1 minutes left (brief)
1.1037278420713514,0.06521176572069352,0.08005233733793271,P1 minutes left (brief)
1.103467915414981,0.06521176572069352,0.07957654335672659,P1 minutes left (brief)
1.1028088678742944,0.0654705425687915,0.07957654335672659,P1 minutes left (brief)
1.1023129387860298,0.0654705425687915,0.07933864636612342,P1 minutes left (brief)
1.1021463407008232,0.06555680151815751,0.07933864636612342,P1 minutes left (brief)
1.101707671767126,0.06555680151815751,0.07910074937552036,P1 minutes left (brief)
1.1011489311170892,0.0657293194168895,0.07910074937552036,P1 minutes left (brief)
1.1009975435384487,0.0657293194168895,0.07898180088021889,P1 minutes left (brief)
1.1004998965734782,0.06598809626498749,0.07898180088021889,P1 minutes left (brief)
1.1003979320088944,0.06598809626498749,0.0788628523849173,P1 minutes left (brief)
1.1002881487763712,0.06624687311308548,0.0788628523849173,P1 minutes left (brief)
1.1002331368982934,0.06641939101181747,0.0788628523849173,P1 minutes left (brief)
1.0997257791684016,0.06641939101181747,0.07862495539431424,P1 minutes left (brief)
1.0996771211944498,0.06650564996118347,0.07862495539431424,P1 minutes left (brief)
1.0993248745079205,0.06650564996118347,0.07850600689901277,P1 minutes left (brief)
1.0991155481894541,0.06676442680928146,0.07850600689901277,P1 minutes left (brief)
1.0987712456934167,0.06676442680928146,0.07814916141310813,P1 minutes left (brief)
1.098755183094473,0.06685068575864746,0.07814916141310813,P1 minutes left (brief)
1.0982528303456018,0.06685068575864746,0.07755441893660042,P1 minutes left (brief)
1.0974669482573376,0.06754075735357544,0.07755441893660042,P1 minutes left (brief)
1.0974014823091338,0.06754075735357544,0.07731652194599736,P1 minutes left (brief)
1.0972672331318796,0.06762701630294143,0.07731652194599736,P1 minutes left (brief)
1.0969928133948292,0.06762701630294143,0.07719757345069589,P1 minutes left (brief)
1.0966754870498185,0.06779953420167342,0.07719757345069589,P1 minutes left (brief)
1.09664689881757,0.06779953420167342,0.0770786249553943,P1 minutes left (brief)
1.0959994297886824,0.0683170878978694,0.0770786249553943,P1 minutes left (brief)
1.0959814443438147,0.0683170878978694,0.07695967646009283,P1 minutes left (brief)
1.0956952420722732,0.06848960579660139,0.07695967646009283,P1 minutes left (brief)
1.0951331151712698,0.06848960579660139,0.07672177946948966,P1 minutes left (brief)
1.095092742244373,0.0686621236953334,0.07672177946948966,P1 minutes left (brief)
1.0948961818724807,0.0686621236953334,0.07636493398358513,P1 minutes left (brief)
1.094860517044296,0.06874838264469939,0.07636493398358513,P1 minutes left (brief)
1.094854425807622,0.06874838264469939,0.07624598548828354,P1 minutes left (brief)
1.094666599817078,0.06900715949279737,0.07624598548828354,P1 minutes left (brief)
1.094505066751797,0.06900715949279737,0.07612703699298207,P1 minutes left (brief)
1.0942463169534102,0.06909341844216338,0.07612703699298207,P1 minutes left (brief)
1.094017932359026,0.06909341844216338,0.07600808849768048,P1 minutes left (brief)
1.0933964292338023,0.06926593634089537,0.07600808849768048,P1 minutes left (brief)
1.0931637832618466,0.06926593634089537,0.07588914000237901,P1 minutes left (brief)
1.0926773018512872,0.06961097213835936,0.07588914000237901,P1 minutes left (brief)
1.092275643428936,0.06961097213835936,0.07565124301177595,P1 minutes left (brief)
1.0922672481262363,0.06969723108772535,0.07565124301177595,P1 minutes left (brief)
1.0920513555759512,0.06969723108772535,0.07541334602117278,P1 minutes left (brief)
1.091982875917368,0.06978349003709135,0.07541334602117278,P1 minutes left (brief)
1.0913694455446092,0.06978349003709135,0.0752943975258713,P1 minutes left (brief)
1.0912273345231165,0.06995600793582334,0.0752943975258713,P1 minutes left (brief)
1.090756804770252,0.06995600793582334,0.07493755203996666,P1 minutes left (brief)
1.0907135427195918,0.07012852583455534,0.07493755203996666,P1 minutes left (brief)
1.090705137756124,0.07012852583455534,0.07481860354466519,P1 minutes left (brief)
1.0906829281305312,0.07021478478392133,0.07481860354466519,P1 minutes left (brief)
1.0905077155690919,0.07021478478392133,0.07458070655406213,P1 minutes left (brief)
1.0902212788609587,0.07047356163201932,0.07458070655406213,P1 minutes left (brief)
1.089917073583047,0.07047356163201932,0.07422386106815748,P1 minutes left (brief)
1.0898334782827597,0.07064607953075132,0.07422386106815748,P1 minutes left (brief)
1.088954723200073,0.07064607953075132,0.07362911859164978,P1 minutes left (brief)
1.0888986378764733,0.07081859742948331,0.07362911859164978,P1 minutes left (brief)
1.088864405369213,0.07081859742948331,0.0735101700963483,P1 minutes left (brief)
1.0882579793900695,0.07142241007504528,0.0735101700963483,P1 minutes left (brief)
1.08802161661439,0.07142241007504528,0.07339122160104672,P1 minutes left (brief)
1.0876243917310484,0.07159492797377728,0.07339122160104672,P1 minutes left (brief)
1.0874588148761348,0.07159492797377728,0.07327227310574524,P1 minutes left (brief)
1.087328015260421,0.07168118692314328,0.07327227310574524,P1 minutes left (brief)
1.0868924966318212,0.07168118692314328,0.0729154276198406,P1 minutes left (brief)
1.0868114958632022,0.07176744587250927,0.0729154276198406,P1 minutes left (brief)
1.0867216288600143,0.07176744587250927,0.07279647912453913,P1 minutes left (brief)
1.0864898399378953,0.07185370482187527,0.07279647912453913,P1 minutes left (brief)
1.086397701536993,0.07185370482187527,0.07255858213393596,P1 minutes left (brief)
1.0863834043146856,0.07193996377124126,0.07255858213393596,P1 minutes left (brief)
1.08628443575907,0.07193996377124126,0.07243963363863448,P1 minutes left (brief)
1.0862170530937503,0.07202622272060727,0.07243963363863448,P1 minutes left (brief)
1.0860320605691745,0.07202622272060727,0.07220173664803142,P1 minutes left (brief)
1.0859077619938766,0.07211248166997326,0.07220173664803142,P1 minutes left (brief)
1.085132462174469,0.07211248166997326,0.0717259426668253,P1 minutes left (brief)
1.0850793662737124,0.07219874061933926,0.0717259426668253,P1 minutes left (brief)
1.0843591058747946,0.07219874061933926,0.07125014868561907,P1 minutes left (brief)
1.084253558108873,0.07228499956870525,0.07125014868561907,P1 minutes left (brief)
1.0841526080993742,0.07228499956870525,0.0711312001903176,P1 minutes left (brief)
1.0839149546957896,0.07237125851807125,0.0711312001903176,P1 minutes left (brief)
1.0832591168017855,0.07237125851807125,0.07065540620911148,P1 minutes left (brief)
1.0832298040122275,0.07245751746743724,0.07065540620911148,P1 minutes left (brief)
1.082975121867854,0.07245751746743724,0.07041750921850842,P1 minutes left (brief)
1.082828543670426,0.07263003536616924,0.07041750921850842,P1 minutes left (brief)
1.0825947733033945,0.07263003536616924,0.07017961222790536,P1 minutes left (brief)
1.0824507350972978,0.07263003536616924,0.0699417152373022,P1 minutes left (brief)
1.082358443517585,0.07263003536616924,0.06970381824669913,P1 minutes left (brief)
1.0822535377851266,0.07271629431553524,0.06970381824669913,P1 minutes left (brief)
1.0822034283477426,0.07271629431553524,0.06958486975139766,P1 minutes left (brief)
1.0818309289905763,0.07306133011299923,0.06958486975139766,P1 minutes left (brief)
1.0816349725218202,0.07306133011299923,0.0693469727607946,P1 minutes left (brief)
1.081187242668131,0.07332010696109721,0.0693469727607946,P1 minutes left (brief)
1.0807293521733512,0.07332010696109721,0.0687522302842869,P1 minutes left (brief)
1.080046144683506,0.0737514017079272,0.0687522302842869,P1 minutes left (brief)
1.080006014688916,0.0737514017079272,0.06863328178898542,P1 minutes left (brief)
1.0799690290232233,0.07383766065729319,0.06863328178898542,P1 minutes left (brief)
1.0799189837835634,0.07383766065729319,0.06851433329368384,P1 minutes left (brief)
1.079904972746586,0.07392391960665919,0.06851433329368384,P1 minutes left (brief)
1.0798866337625246,0.07392391960665919,0.06839538479838225,P1 minutes left (brief)
1.079828492556438,0.0740101785560252,0.06839538479838225,P1 minutes left (brief)
1.0795466637926283,0.0740101785560252,0.06803853931247772,P1 minutes left (brief)
1.0794580720239337,0.07435521435348917,0.06803853931247772,P1 minutes left (brief)
1.079402252311366,0.07435521435348917,0.06791959081717613,P1 minutes left (brief)
1.0791145155904007,0.07452773225222117,0.06791959081717613,P1 minutes left (brief)
1.0789172212925615,0.07452773225222117,0.06768169382657307,P1 minutes left (brief)
1.0789012283616615,0.07461399120158717,0.06768169382657307,P1 minutes left (brief)
1.0783411778787697,0.07461399120158717,0.06732484834066854,P1 minutes left (brief)
1.0776793559855091,0.07478650910031916,0.06732484834066854,P1 minutes left (brief)
1.0775661920790496,0.07478650910031916,0.06720589984536696,P1 minutes left (brief)
1.0775361062264646,0.07487276804968515,0.06720589984536696,P1 minutes left (brief)
1.0774761221864355,0.07487276804968515,0.06708695135006537,P1 minutes left (brief)
1.077204412247905,0.07495902699905115,0.06708695135006537,P1 minutes left (brief)
1.0763133761536157,0.07495902699905115,0.06649220887355778,P1 minutes left (brief)
1.0762585350783098,0.07504528594841715,0.06649220887355778,P1 minutes left (brief)
1.0762486333075962,0.07504528594841715,0.0663732603782562,P1 minutes left (brief)
1.0759207437093798,0.07539032174588113,0.0663732603782562,P1 minutes left (brief)
1.075824333861657,0.07539032174588113,0.06613536338765313,P1 minutes left (brief)
1.0757600858805705,0.07556283964461313,0.06613536338765313,P1 minutes left (brief)
1.0756341107692913,0.07556283964461313,0.06589746639705008,P1 minutes left (brief)
1.075528712049539,0.07564909859397913,0.06589746639705008,P1 minutes left (brief)
1.0745783304171712,0.07564909859397913,0.06542167241584396,P1 minutes left (brief)
1.074134076468558,0.07573535754334512,0.06542167241584396,P1 minutes left (brief)
1.0732445321475301,0.07573535754334512,0.06447008445343161,P1 minutes left (brief)
1.073168505838548,0.07582161649271112,0.06447008445343161,P1 minutes left (brief)
1.0728747179076052,0.07582161649271112,0.06411323896752708,P1 minutes left (brief)
1.0726204883683492,0.07590787544207711,0.06411323896752708,P1 minutes left (brief)
1.0719030452996392,0.07590787544207711,0.06387534197692402,P1 minutes left (brief)
1.0717791493707234,0.07599413439144312,0.06387534197692402,P1 minutes left (brief)
1.0715187196221492,0.07599413439144312,0.06351849649101937,P1 minutes left (brief)
1.0714728797337498,0.07616665229017511,0.06351849649101937,P1 minutes left (brief)
1.0712935662670682,0.07616665229017511,0.06328059950041631,P1 minutes left (brief)
1.0710321611670124,0.0762529112395411,0.06328059950041631,P1 minutes left (brief)
1.0706476783778056,0.0762529112395411,0.06292375401451167,P1 minutes left (brief)
1.0706436397486603,0.0763391701889071,0.06292375401451167,P1 minutes left (brief)
1.069985237765566,0.0763391701889071,0.06268585702390861,P1 minutes left (brief)
1.0699837356204442,0.07642542913827309,0.06268585702390861,P1 minutes left (brief)
1.069759636968988,0.07642542913827309,0.06244796003330555,P1 minutes left (brief)
1.0697558358716857,0.0765116880876391,0.06244796003330555,P1 minutes left (brief)
1.0693291380577343,0.0765116880876391,0.062329011538004075,P1 minutes left (brief)
1.0687853995360508,0.07677046493573708,0.062329011538004075,P1 minutes left (brief)
1.0683945359210882,0.07677046493573708,0.06221006304270249,P1 minutes left (brief)
1.0682249235736345,0.07685672388510308,0.06221006304270249,P1 minutes left (brief)
1.0673756075373855,0.07685672388510308,0.06161532056619479,P1 minutes left (brief)
1.067320178269338,0.07694298283446907,0.06161532056619479,P1 minutes left (brief)
1.0672236960597932,0.07694298283446907,0.06149637207089331,P1 minutes left (brief)
1.0669535375148498,0.07702924178383508,0.06149637207089331,P1 minutes left (brief)
1.0660338936021816,0.07702924178383508,0.061020578089687194,P1 minutes left (brief)
1.0659834598482156,0.07728801863193306,0.061020578089687194,P1 minutes left (brief)
1.0659097618120839,0.07728801863193306,0.06090162959438561,P1 minutes left (brief)
1.0654954191968606,0.07737427758129906,0.06090162959438561,P1 minutes left (brief)
1.0654841573387663,0.07754679548003106,0.06090162959438561,P1 minutes left (brief)
1.0654141803958317,0.07754679548003106,0.06066373260378255,P1 minutes left (brief)
1.0651979906188647,0.07780557232812904,0.06066373260378255,P1 minutes left (brief)
1.0650763145148046,0.07780557232812904,0.06042583561317949,P1 minutes left (brief)
1.065036093770403,0.07789183127749504,0.06042583561317949,P1 minutes left (brief)
1.0649905512969293,0.07789183127749504,0.060306887117877905,P1 minutes left (brief)
1.0645834615820773,0.07797809022686104,0.060306887117877905,P1 minutes left (brief)
1.0643437375444338,0.07797809022686104,0.06018793862257643,P1 minutes left (brief)
1.063982534397983,0.07815060812559303,0.06018793862257643,P1 minutes left (brief)
1.0639801052981395,0.07815060812559303,0.060068990127274846,P1 minutes left (brief)
1.0632611391961426,0.07866816182178901,0.060068990127274846,P1 minutes left (brief)
1.0632216624418782,0.07866816182178901,0.05995004163197337,P1 minutes left (brief)
1.062893806314171,0.078754420771155,0.05995004163197337,P1 minutes left (brief)
1.0627249539787236,0.078754420771155,0.05971214464137031,P1 minutes left (brief)
1.0625999470924787,0.078754420771155,0.059474247650767254,P1 minutes left (brief)
1.062232688384205,0.079013197619253,0.059474247650767254,P1 minutes left (brief)
1.061771865954792,0.079013197619253,0.059236350660164194,P1 minutes left (brief)
1.061164228146383,0.07927197446735099,0.059236350660164194,P1 minutes left (brief)
1.0608982333184163,0.07927197446735099,0.05911740216486261,P1 minutes left (brief)
1.0608005452392233,0.07935823341671698,0.05911740216486261,P1 minutes left (brief)
1.0606417377215327,0.07935823341671698,0.05887950517425955,P1 minutes left (brief)
1.0604484925072455,0.07935823341671698,0.05864160818365649,P1 minutes left (brief)
1.060401211844748,0.07944449236608297,0.05864160818365649,P1 minutes left (brief)
1.0599914319998736,0.07944449236608297,0.05816581420245037,P1 minutes left (brief)
1.0598790931770121,0.07961701026481498,0.05816581420245037,P1 minutes left (brief)
1.0598024338435559,0.07961701026481498,0.05804686570714879,P1 minutes left (brief)
1.0595101677155947,0.07978952816354697,0.05804686570714879,P1 minutes left (brief)
1.0579306906642283,0.07978952816354697,0.056500535268228846,P1 minutes left (brief)
1.0579100021049521,0.07996204606227895,0.056500535268228846,P1 minutes left (brief)
1.0578275858311785,0.07996204606227895,0.05638158677292737,P1 minutes left (brief)
1.0574573315355256,0.08022082291037695,0.05638158677292737,P1 minutes left (brief)
1.0570266490658349,0.08022082291037695,0.05626263827762579,P1 minutes left (brief)
1.0568258712755731,0.08030708185974295,0.05626263827762579,P1 minutes left (brief)
1.056476566244231,0.08030708185974295,0.055667895801118084,P1 minutes left (brief)
1.0561908977708159,0.08047959975847495,0.055667895801118084,P1 minutes left (brief)
1.055576028209084,0.08047959975847495,0.05507315332461049,P1 minutes left (brief)
1.0555148119733568,0.08056585870784094,0.05507315332461049,P1 minutes left (brief)
1.0554036266349907,0.08056585870784094,0.054954204829308906,P1 minutes left (brief)
1.0549563170915468,0.08082463555593893,0.054954204829308906,P1 minutes left (brief)
1.0549494618026538,0.08082463555593893,0.05483525633400732,P1 minutes left (brief)
1.0546909726411298,0.08099715345467093,0.05483525633400732,P1 minutes left (brief)
1.0546647886150908,0.08099715345467093,0.05471630783870585,P1 minutes left (brief)
1.0545919856738963,0.08108341240403692,0.05471630783870585,P1 minutes left (brief)
1.0543432899784435,0.08125593030276891,0.05471630783870585,P1 minutes left (brief)
1.0542926323310624,0.08125593030276891,0.05459735934340426,P1 minutes left (brief)
1.0539319690467852,0.08151470715086691,0.05459735934340426,P1 minutes left (brief)
1.0537853283665184,0.08151470715086691,0.05447841084810279,P1 minutes left (brief)
1.0529854833424162,0.08194600189769688,0.05447841084810279,P1 minutes left (brief)
1.0528155450127394,0.08194600189769688,0.0543594623528012,P1 minutes left (brief)
1.0526134351610597,0.08203226084706289,0.0543594623528012,P1 minutes left (brief)
1.0524613428905776,0.08203226084706289,0.05412156536219814,P1 minutes left (brief)
1.0524155988881794,0.08211851979642888,0.05412156536219814,P1 minutes left (brief)
1.0521297025039411,0.08211851979642888,0.05400261686689667,P1 minutes left (brief)
1.051968868454566,0.08229103769516087,0.05400261686689667,P1 minutes left (brief)
1.0514253929678836,0.08229103769516087,0.053645771380992024,P1 minutes left (brief)
1.0508802887889068,0.08246355559389287,0.053645771380992024,P1 minutes left (brief)
1.0507256440752752,0.08246355559389287,0.053407874390388965,P1 minutes left (brief)
1.0498416166614268,0.08272233244199086,0.053407874390388965,P1 minutes left (brief)
1.049829265489227,0.08272233244199086,0.05328892589508738,P1 minutes left (brief)
1.0496544284591574,0.08280859139135685,0.05328892589508738,P1 minutes left (brief)
1.049065594975451,0.08280859139135685,0.05293208040918285,P1 minutes left (brief)
1.048885769130488,0.08289485034072284,0.05293208040918285,P1 minutes left (brief)
1.0488763974038797,0.08289485034072284,0.05281313191388126,P1 minutes left (brief)
1.0488607746778624,0.08298110929008885,0.05281313191388126,P1 minutes left (brief)
1.0488487487187208,0.08298110929008885,0.05269418341857979,P1 minutes left (brief)
1.0486934795143883,0.08306736823945485,0.05269418341857979,P1 minutes left (brief)
1.0486308924261285,0.08306736823945485,0.0525752349232782,P1 minutes left (brief)
1.048407731147917,0.08332614508755283,0.0525752349232782,P1 minutes left (brief)
1.048027829770752,0.08332614508755283,0.05233733793267514,P1 minutes left (brief)
1.0476128389972659,0.08358492193565083,0.05233733793267514,P1 minutes left (brief)
1.0470232122424121,0.08358492193565083,0.052099440942072084,P1 minutes left (brief)
1.0469952475095232,0.08367118088501682,0.052099440942072084,P1 minutes left (brief)
1.0469638097238951,0.08367118088501682,0.0519804924467705,P1 minutes left (brief)
1.0467244582603161,0.08384369878374881,0.0519804924467705,P1 minutes left (brief)
1.0463251272135061,0.08384369878374881,0.051861543951469025,P1 minutes left (brief)
1.04613516938307,0.0839299577331148,0.051861543951469025,P1 minutes left (brief)
1.0457298162637747,0.0839299577331148,0.051623646960865965,P1 minutes left (brief)
1.045714093077851,0.08401621668248081,0.051623646960865965,P1 minutes left (brief)
1.0457138357049118,0.08401621668248081,0.05150469846556438,P1 minutes left (brief)
1.0443665839012597,0.08479254722677478,0.05150469846556438,P1 minutes left (brief)
1.044218963445501,0.08479254722677478,0.05114785297965985,P1 minutes left (brief)
1.0436439243824969,0.08505132407487277,0.05114785297965985,P1 minutes left (brief)
1.0435002170334229,0.08505132407487277,0.05102890448435826,P1 minutes left (brief)
1.0434634272388137,0.08522384197360476,0.05102890448435826,P1 minutes left (brief)
1.043230770860512,0.08522384197360476,0.0507910074937552,P1 minutes left (brief)
1.0431293077015396,0.08539635987233675,0.0507910074937552,P1 minutes left (brief)
1.0430796422220636,0.08539635987233675,0.05067205899845362,P1 minutes left (brief)
1.0426918463658055,0.08548261882170276,0.05067205899845362,P1 minutes left (brief)
1.0426339138777037,0.08548261882170276,0.05043416200785056,P1 minutes left (brief)
1.042241820893715,0.08574139566980074,0.05043416200785056,P1 minutes left (brief)
1.0422286494479307,0.08574139566980074,0.050315213512549084,P1 minutes left (brief)
1.0421011377220053,0.08591391356853273,0.050315213512549084,P1 minutes left (brief)
1.0419929418773866,0.08591391356853273,0.0501962650172475,P1 minutes left (brief)
1.0414858084348997,0.08617269041663073,0.0501962650172475,P1 minutes left (brief)
1.041036402085418,0.08617269041663073,0.050077316521946025,P1 minutes left (brief)
1.0409675726096166,0.08625894936599672,0.050077316521946025,P1 minutes left (brief)
1.040926971514869,0.08625894936599672,0.04995836802664444,P1 minutes left (brief)
1.0406550109216954,0.08634520831536271,0.04995836802664444,P1 minutes left (brief)
1.0401587884453467,0.08634520831536271,0.04972047103604138,P1 minutes left (brief)
1.040126314029037,0.08643146726472871,0.04972047103604138,P1 minutes left (brief)
1.040039364781129,0.08643146726472871,0.049601522540739906,P1 minutes left (brief)
1.0396186325966046,0.0870352799102907,0.049601522540739906,P1 minutes left (brief)
1.0394319149211637,0.0870352799102907,0.04948257404543832,P1 minutes left (brief)
1.0387589782635884,0.08729405675838868,0.04948257404543832,P1 minutes left (brief)
1.038696406591293,0.08729405675838868,0.049363625550136736,P1 minutes left (brief)
1.0371424138609737,0.08789786940395065,0.049363625550136736,P1 minutes left (brief)
1.0370879380825422,0.08789786940395065,0.04924467705483526,P1 minutes left (brief)
1.0370539940778996,0.08798412835331666,0.04924467705483526,P1 minutes left (brief)
1.0370396005423674,0.08815664625204865,0.04924467705483526,P1 minutes left (brief)
1.0370209990395156,0.08815664625204865,0.04912572855953368,P1 minutes left (brief)
1.0369657257991765,0.08824290520141465,0.04912572855953368,P1 minutes left (brief)
1.036362008040238,0.08824290520141465,0.0490067800642322,P1 minutes left (brief)
1.0361982810224062,0.08832916415078064,0.0490067800642322,P1 minutes left (brief)
1.036165280198577,0.08832916415078064,0.04888783156893062,P1 minutes left (brief)
1.0358763720297828,0.08858794099887864,0.04888783156893062,P1 minutes left (brief)
1.0355449300981838,0.08858794099887864,0.04876888307362914,P1 minutes left (brief)
1.0348899724047986,0.08901923574570862,0.04876888307362914,P1 minutes left (brief)
1.0347753256127916,0.08901923574570862,0.04864993457832756,P1 minutes left (brief)
1.0347531697624095,0.08910549469507462,0.04864993457832756,P1 minutes left (brief)
1.0346605030383975,0.08910549469507462,0.048530986083026084,P1 minutes left (brief)
1.0345733393482437,0.08919175364444061,0.048530986083026084,P1 minutes left (brief)
1.0338932217098935,0.08919175364444061,0.048055192101819966,P1 minutes left (brief)
1.0334765825319883,0.0896230483912706,0.048055192101819966,P1 minutes left (brief)
1.0334626998623055,0.0896230483912706,0.04793624360651838,P1 minutes left (brief)
1.0333190302250965,0.08970930734063659,0.04793624360651838,P1 minutes left (brief)
1.0327527740116298,0.08970930734063659,0.04746044962531226,P1 minutes left (brief)
1.0322619760161202,0.08988182523936858,0.04746044962531226,P1 minutes left (brief)
1.0315230087977363,0.08988182523936858,0.04734150113001068,P1 minutes left (brief)
1.0298165803137433,0.09039937893556456,0.04734150113001068,P1 minutes left (brief)
1.0291433602083964,0.09039937893556456,0.04710360413940762,P1 minutes left (brief)
1.0290089051627478,0.09083067368239454,0.04710360413940762,P1 minutes left (brief)
1.0288805753950876,0.09083067368239454,0.04686570714880456,P1 minutes left (brief)
1.028823856747321,0.09091693263176054,0.04686570714880456,P1 minutes left (brief)
1.0287449857474682,0.09091693263176054,0.046746758653503084,P1 minutes left (brief)
1.0281497729741969,0.09143448632795653,0.046746758653503084,P1 minutes left (brief)
1.0279449612908425,0.09143448632795653,0.046508861662899914,P1 minutes left (brief)
1.0278904135155287,0.09152074527732253,0.046508861662899914,P1 minutes left (brief)
1.0277730794815916,0.09152074527732253,0.04638991316759844,P1 minutes left (brief)
1.0275948673690793,0.09177952212542051,0.04638991316759844,P1 minutes left (brief)
1.0272461088901859,0.09177952212542051,0.04615201617699538,P1 minutes left (brief)
1.027147768274007,0.0920382989735185,0.04615201617699538,P1 minutes left (brief)
1.0268946474618332,0.0920382989735185,0.046033067681693796,P1 minutes left (brief)
1.0268253763520425,0.0921245579228845,0.046033067681693796,P1 minutes left (brief)
1.0264129868886624,0.09229707582161649,0.046033067681693796,P1 minutes left (brief)
1.0261295399979358,0.09238333477098248,0.046033067681693796,P1 minutes left (brief)
1.025884940250879,0.09238333477098248,0.04591411918639232,P1 minutes left (brief)
1.0258178849553614,0.09246959372034849,0.04591411918639232,P1 minutes left (brief)
1.0258095950721737,0.09246959372034849,0.045795170691090736,P1 minutes left (brief)
1.0256119569748194,0.09264211161908048,0.045795170691090736,P1 minutes left (brief)
1.0254351807003406,0.09264211161908048,0.04567622219578926,P1 minutes left (brief)
1.0253229841731601,0.09272837056844647,0.04567622219578926,P1 minutes left (brief)
1.0251442046042043,0.09272837056844647,0.04555727370048768,P1 minutes left (brief)
1.0245522149462243,0.09298714741654447,0.04555727370048768,P1 minutes left (brief)
1.024470630276058,0.09298714741654447,0.0454383252051862,P1 minutes left (brief)
1.0242132207098462,0.09333218321400845,0.0454383252051862,P1 minutes left (brief)
1.0241426834961918,0.09333218321400845,0.04531937670988462,P1 minutes left (brief)
1.0239169045428063,0.09359096006210645,0.04531937670988462,P1 minutes left (brief)
1.0234268567958216,0.09359096006210645,0.044962531223979973,P1 minutes left (brief)
1.0231184331169265,0.09384973691020443,0.044962531223979973,P1 minutes left (brief)
1.0229378592445917,0.09384973691020443,0.044724634233376914,P1 minutes left (brief)
1.02220556833851,0.09428103165703441,0.044724634233376914,P1 minutes left (brief)
1.0222006181379168,0.09445354955576642,0.044724634233376914,P1 minutes left (brief)
1.0221601374797007,0.09445354955576642,0.04460568573807544,P1 minutes left (brief)
1.0219191347992354,0.0947123264038644,0.04460568573807544,P1 minutes left (brief)
1.0217217833947987,0.0947123264038644,0.044486737242773855,P1 minutes left (brief)
1.0216593755397376,0.0947985853532304,0.044486737242773855,P1 minutes left (brief)
1.0216060617676836,0.0947985853532304,0.04436778874747238,P1 minutes left (brief)
1.0214872637301546,0.09488484430259639,0.04436778874747238,P1 minutes left (brief)
1.0212210925799594,0.09488484430259639,0.044248840252170796,P1 minutes left (brief)
1.0211007617518004,0.0949711032519624,0.044248840252170796,P1 minutes left (brief)
1.0210218745242308,0.0949711032519624,0.04412989175686932,P1 minutes left (brief)
1.020824068974619,0.09505736220132839,0.04412989175686932,P1 minutes left (brief)
1.020690729620058,0.09505736220132839,0.04389199476626615,P1 minutes left (brief)
1.0206405091271422,0.09505736220132839,0.04377304627096468,P1 minutes left (brief)
1.0202893039450036,0.09531613904942637,0.04377304627096468,P1 minutes left (brief)
1.0200993215157523,0.09531613904942637,0.04341620078506003,P1 minutes left (brief)
1.0200789848479432,0.09540239799879237,0.04341620078506003,P1 minutes left (brief)
1.0200598720145098,0.09540239799879237,0.04329725228975856,P1 minutes left (brief)
1.020036134257836,0.09548865694815838,0.04329725228975856,P1 minutes left (brief)
1.0197187623434483,0.09548865694815838,0.043178303794456974,P1 minutes left (brief)
1.0195404045487961,0.09566117484689036,0.043178303794456974,P1 minutes left (brief)
1.0194784221034263,0.09566117484689036,0.0430593552991555,P1 minutes left (brief)
1.0194481769186792,0.09574743379625636,0.0430593552991555,P1 minutes left (brief)
1.0188348834392345,0.09574743379625636,0.04282145830855244,P1 minutes left (brief)
1.017943510696574,0.09617872854308634,0.04282145830855244,P1 minutes left (brief)
1.0179180662014158,0.09617872854308634,0.042702509813250855,P1 minutes left (brief)
1.0178535271088422,0.09626498749245234,0.042702509813250855,P1 minutes left (brief)
1.0175028867346048,0.09626498749245234,0.04234566432734621,P1 minutes left (brief)
1.0173516494479895,0.09643750539118434,0.04234566432734621,P1 minutes left (brief)
1.0173196447462667,0.09643750539118434,0.04222671583204474,P1 minutes left (brief)
1.0169845540001703,0.09678254118864832,0.04222671583204474,P1 minutes left (brief)
1.016979763826225,0.09678254118864832,0.04210776733674315,P1 minutes left (brief)
1.016236269757071,0.0972138359354783,0.04210776733674315,P1 minutes left (brief)
1.0162297333429005,0.0972138359354783,0.04198881884144168,P1 minutes left (brief)
1.0161040947676419,0.09738635383421029,0.04198881884144168,P1 minutes left (brief)
1.0160434800877602,0.09738635383421029,0.04186987034614009,P1 minutes left (brief)
1.015929372745214,0.0975588717329423,0.04186987034614009,P1 minutes left (brief)
1.0159145109535623,0.0975588717329423,0.04175092185083862,P1 minutes left (brief)
1.015324957423163,0.09790390753040627,0.04175092185083862,P1 minutes left (brief)
1.015321463497901,0.09790390753040627,0.04163197335553703,P1 minutes left (brief)
1.0149358372711887,0.09816268437850427,0.04163197335553703,P1 minutes left (brief)
1.0148545470576473,0.09816268437850427,0.04151302486023556,P1 minutes left (brief)
1.0147902231474715,0.09833520227723626,0.04151302486023556,P1 minutes left (brief)
1.0146826634609514,0.09833520227723626,0.041394076364933974,P1 minutes left (brief)
1.0143586204067316,0.09842146122660227,0.041394076364933974,P1 minutes left (brief)
1.0143224064491159,0.09842146122660227,0.0412751278696325,P1 minutes left (brief)
1.0120452673694638,0.0998878633658242,0.0412751278696325,P1 minutes left (brief)
1.0119815971121726,0.0998878633658242,0.04103723087902933,P1 minutes left (brief)
1.011952935820134,0.0999741223151902,0.04103723087902933,P1 minutes left (brief)
1.0118701513403277,0.0999741223151902,0.040918282383727855,P1 minutes left (brief)
1.0111706785692995,0.10049167601138619,0.040918282383727855,P1 minutes left (brief)
1.0106766186409453,0.10049167601138619,0.04044248840252174,P1 minutes left (brief)
1.0104686770407232,0.10066419391011817,0.04044248840252174,P1 minutes left (brief)
1.0093950762769068,0.10066419391011817,0.03996669442131562,P1 minutes left (brief)
1.0093008545179687,0.10075045285948417,0.03996669442131562,P1 minutes left (brief)
1.0092761879404022,0.10075045285948417,0.03984774592601403,P1 minutes left (brief)
1.0091922357685328,0.10083671180885016,0.03984774592601403,P1 minutes left (brief)
1.008744178551268,0.10083671180885016,0.039609848935410974,P1 minutes left (brief)
1.0086572003685152,0.10092297075821617,0.039609848935410974,P1 minutes left (brief)
1.008390296722028,0.10092297075821617,0.039371951944807915,P1 minutes left (brief)
1.0083549377212842,0.10126800655568015,0.039371951944807915,P1 minutes left (brief)
1.0083172137225582,0.10126800655568015,0.03925300344950633,P1 minutes left (brief)
1.0080226871152067,0.10161304235314414,0.03925300344950633,P1 minutes left (brief)
1.0079223762531004,0.10161304235314414,0.039134054954204855,P1 minutes left (brief)
1.0078708105653866,0.10178556025187613,0.039134054954204855,P1 minutes left (brief)
1.007696825101191,0.10187181920124212,0.039134054954204855,P1 minutes left (brief)
1.007630132503092,0.10187181920124212,0.038896157963601796,P1 minutes left (brief)
1.007543984621278,0.10195807815060813,0.038896157963601796,P1 minutes left (brief)
1.0066026089950812,0.10195807815060813,0.03842036398239568,P1 minutes left (brief)
1.006116958010731,0.1023893728974381,0.03842036398239568,P1 minutes left (brief)
1.0061025457146309,0.1023893728974381,0.03830141548709409,P1 minutes left (brief)
1.0058230864779032,0.1026481497455361,0.03830141548709409,P1 minutes left (brief)
1.0056384557089852,0.1026481497455361,0.03818246699179251,P1 minutes left (brief)
1.0054653905940172,0.1027344086949021,0.03818246699179251,P1 minutes left (brief)
1.0053960076287416,0.1027344086949021,0.03806351849649103,P1 minutes left (brief)
1.005226557811252,0.10299318554300009,0.03806351849649103,P1 minutes left (brief)
1.0050993781782167,0.10299318554300009,0.037825621505887974,P1 minutes left (brief)
1.004988329968949,0.10307944449236608,0.037825621505887974,P1 minutes left (brief)
1.0039913854686093,0.10307944449236608,0.037587724515284915,P1 minutes left (brief)
1.0039779452574438,0.10333822134046407,0.037587724515284915,P1 minutes left (brief)
1.0036720447989926,0.10333822134046407,0.037349827524681856,P1 minutes left (brief)
1.0033424955276238,0.10368325713792806,0.037349827524681856,P1 minutes left (brief)
1.0031846168496314,0.10368325713792806,0.03723087902938027,P1 minutes left (brief)
1.0030391513733674,0.10376951608729405,0.03723087902938027,P1 minutes left (brief)
1.0030351319237822,0.10376951608729405,0.037111930534078796,P1 minutes left (brief)
1.002789376672184,0.10385577503666005,0.037111930534078796,P1 minutes left (brief)
1.0026755040821176,0.10385577503666005,0.03675508504817415,P1 minutes left (brief)
1.0020620727065912,0.10437332873285603,0.03675508504817415,P1 minutes left (brief)
1.0017252083153527,0.10437332873285603,0.036279291066968034,P1 minutes left (brief)
1.0011946371237639,0.10463210558095402,0.036279291066968034,P1 minutes left (brief)
1.0001759009381812,0.10463210558095402,0.03592244558106339,P1 minutes left (brief)
0.9999850439282321,0.10480462347968601,0.03592244558106339,P1 minutes left (brief)
0.9997578175487664,0.10480462347968601,0.03568454859046033,P1 minutes left (brief)
0.9996744750841685,0.10489088242905202,0.03568454859046033,P1 minutes left (brief)
0.9994856235052517,0.10489088242905202,0.035565600095158745,P1 minutes left (brief)
0.9994012643201531,0.10497714137841802,0.035565600095158745,P1 minutes left (brief)
0.9992262244065733,0.10497714137841802,0.035327703104555686,P1 minutes left (brief)
0.9991963770550367,0.10506340032778401,0.035327703104555686,P1 minutes left (brief)
0.9989145514998953,0.10506340032778401,0.03497085761865115,P1 minutes left (brief)
0.9986154556521213,0.10514965927715,0.03497085761865115,P1 minutes left (brief)
0.9984805880745881,0.10514965927715,0.03485190912334957,P1 minutes left (brief)
0.9970727793327343,0.10618476666954196,0.03485190912334957,P1 minutes left (brief)
0.9970165984392847,0.10618476666954196,0.03473296062804809,P1 minutes left (brief)
0.9969922793669304,0.10627102561890796,0.03473296062804809,P1 minutes left (brief)
0.996915893752703,0.10627102561890796,0.03461401213274651,P1 minutes left (brief)
0.9967385549410415,0.10635728456827395,0.03461401213274651,P1 minutes left (brief)
0.9962065007509677,0.10635728456827395,0.034495063637445034,P1 minutes left (brief)
0.9958210437704167,0.10644354351763996,0.034495063637445034,P1 minutes left (brief)
0.9954209980193995,0.10644354351763996,0.03437611514214345,P1 minutes left (brief)
0.9953845177910979,0.10644354351763996,0.03413821815154039,P1 minutes left (brief)
0.9952433614899951,0.10644354351763996,0.034019269656238804,P1 minutes left (brief)
0.9951216929229478,0.10661606141637195,0.034019269656238804,P1 minutes left (brief)
0.9950715258511476,0.10661606141637195,0.03390032116093733,P1 minutes left (brief)
0.9948039483620457,0.10678857931510394,0.03390032116093733,P1 minutes left (brief)
0.9946765692671443,0.10678857931510394,0.03366242417033427,P1 minutes left (brief)
0.9944887032709768,0.10687483826446993,0.03366242417033427,P1 minutes left (brief)
0.9944130991897436,0.10687483826446993,0.03342452717973121,P1 minutes left (brief)
0.9939739122624964,0.10713361511256793,0.03342452717973121,P1 minutes left (brief)
0.9937460845040511,0.10713361511256793,0.03318663018912815,P1 minutes left (brief)
0.9935435556937132,0.10730613301129992,0.03318663018912815,P1 minutes left (brief)
0.9934569820886346,0.10730613301129992,0.03306768169382657,P1 minutes left (brief)
0.9933438246701093,0.10739239196066593,0.03306768169382657,P1 minutes left (brief)
0.9930837342281329,0.10739239196066593,0.03294873319852509,P1 minutes left (brief)
0.9929571492905365,0.10756490985939791,0.03294873319852509,P1 minutes left (brief)
0.9927826008989977,0.1077374277581299,0.03294873319852509,P1 minutes left (brief)
0.9926281827884486,0.1077374277581299,0.03282978470322351,P1 minutes left (brief)
0.9923097872721374,0.1078236867074959,0.03282978470322351,P1 minutes left (brief)
0.9922323912589233,0.1078236867074959,0.03271083620792192,P1 minutes left (brief)
0.9915048551844508,0.10842749935305789,0.03271083620792192,P1 minutes left (brief)
0.9914570694586378,0.10842749935305789,0.03259188771262045,P1 minutes left (brief)
0.9914033771408426,0.10842749935305789,0.03235399072201739,P1 minutes left (brief)
0.9906839591458462,0.10885879409988786,0.03235399072201739,P1 minutes left (brief)
0.9905910671013841,0.10885879409988786,0.03211609373141433,P1 minutes left (brief)
0.9902484867290641,0.10911757094798585,0.03211609373141433,P1 minutes left (brief)
0.9901487698685636,0.10911757094798585,0.031997145236112745,P1 minutes left (brief)
0.987685605357429,0.10972138359354783,0.031997145236112745,P1 minutes left (brief)
0.9875717581754629,0.10972138359354783,0.03187819674081127,P1 minutes left (brief)
0.9871545630319488,0.10989390149227983,0.03187819674081127,P1 minutes left (brief)
0.9870490317319282,0.10989390149227983,0.03164029975020821,P1 minutes left (brief)
0.9856952318712809,0.11041145518847581,0.03164029975020821,P1 minutes left (brief)
0.9851806897533966,0.11041145518847581,0.03140240275960504,P1 minutes left (brief)
0.9850021920107894,0.11067023203657379,0.03140240275960504,P1 minutes left (brief)
0.9848907031891284,0.11067023203657379,0.03128345426430357,P1 minutes left (brief)
0.9848262223081004,0.11084274993530578,0.03128345426430357,P1 minutes left (brief)
0.984676053081678,0.11110152678340378,0.03128345426430357,P1 minutes left (brief)
0.9845403539478551,0.11110152678340378,0.031045557273700508,P1 minutes left (brief)
0.9838471574658,0.11127404468213577,0.031045557273700508,P1 minutes left (brief)
0.9838145055763632,0.11127404468213577,0.03080766028309745,P1 minutes left (brief)
0.9834486087220514,0.11161908047959976,0.03080766028309745,P1 minutes left (brief)
0.9831661515671163,0.11161908047959976,0.030450814797192804,P1 minutes left (brief)
0.9830646558580064,0.11170533942896575,0.030450814797192804,P1 minutes left (brief)
0.9829021951318037,0.11170533942896575,0.030212917806589745,P1 minutes left (brief)
0.9815427872069649,0.11239541102389373,0.030212917806589745,P1 minutes left (brief)
0.981466837210805,0.11239541102389373,0.029975020815986686,P1 minutes left (brief)
0.9809710050217016,0.11274044682135771,0.029975020815986686,P1 minutes left (brief)
0.9809493414380651,0.11274044682135771,0.0298560723206851,P1 minutes left (brief)
0.9809444189410544,0.1128267057707237,0.0298560723206851,P1 minutes left (brief)
0.9808992706677564,0.1128267057707237,0.029737123825383627,P1 minutes left (brief)
0.9801006670375985,0.11334425946691969,0.029737123825383627,P1 minutes left (brief)
0.9800327624491914,0.11334425946691969,0.02961817533008204,P1 minutes left (brief)
0.9799665096739976,0.1134305184162857,0.02961817533008204,P1 minutes left (brief)
0.9797653492348286,0.1134305184162857,0.029380278339478982,P1 minutes left (brief)
0.9797495222278355,0.11351677736565169,0.029380278339478982,P1 minutes left (brief)
0.9794115536525628,0.11351677736565169,0.029261329844177508,P1 minutes left (brief)
0.9792301907986364,0.11368929526438368,0.029261329844177508,P1 minutes left (brief)
0.9791586808003835,0.11368929526438368,0.029142381348875923,P1 minutes left (brief)
0.9788440155731057,0.11377555421374967,0.029142381348875923,P1 minutes left (brief)
0.9786119061529684,0.11377555421374967,0.028904484358272864,P1 minutes left (brief)
0.9781024277521806,0.11420684896057966,0.028904484358272864,P1 minutes left (brief)
0.9773307408086317,0.11420684896057966,0.028190793386463686,P1 minutes left (brief)
0.9769447971301636,0.11463814370740964,0.028190793386463686,P1 minutes left (brief)
0.9769063200555876,0.11463814370740964,0.0280718448911621,P1 minutes left (brief)
0.9766990694051618,0.11489692055550764,0.0280718448911621,P1 minutes left (brief)
0.9766251069046219,0.11489692055550764,0.027833947900559042,P1 minutes left (brief)
0.976489554777817,0.11498317950487363,0.027833947900559042,P1 minutes left (brief)
0.9762583820405518,0.11498317950487363,0.027596050909955983,P1 minutes left (brief)
0.9756906742944873,0.11524195635297162,0.027596050909955983,P1 minutes left (brief)
0.9756610535562801,0.11524195635297162,0.02747710241465451,P1 minutes left (brief)
0.9755176390742469,0.11541447425170362,0.02747710241465451,P1 minutes left (brief)
0.9754791748627931,0.11541447425170362,0.027358153919352923,P1 minutes left (brief)
0.9754329936842483,0.11558699215043561,0.027358153919352923,P1 minutes left (brief)
0.9751236622492602,0.11558699215043561,0.027239205424051338,P1 minutes left (brief)
0.97427495639818,0.1160182868972656,0.027239205424051338,P1 minutes left (brief)
0.9742708548481364,0.1160182868972656,0.027120256928749864,P1 minutes left (brief)
0.974153494161422,0.11610454584663159,0.027120256928749864,P1 minutes left (brief)
0.9736278250643147,0.11610454584663159,0.026882359938146805,P1 minutes left (brief)
0.9734090404534353,0.11636332269472958,0.026882359938146805,P1 minutes left (brief)
0.9732738520010219,0.11636332269472958,0.02676341144284522,P1 minutes left (brief)
0.9727255977730863,0.11688087639092556,0.02676341144284522,P1 minutes left (brief)
0.9726520894502112,0.11688087639092556,0.026644462947543746,P1 minutes left (brief)
0.9720462720087295,0.11731217113775554,0.026644462947543746,P1 minutes left (brief)
0.9720096274976329,0.11731217113775554,0.02652551445224216,P1 minutes left (brief)
0.9715252765205665,0.11774346588458552,0.02652551445224216,P1 minutes left (brief)
0.9713053305929471,0.11774346588458552,0.026406565956940686,P1 minutes left (brief)
0.9709690707301857,0.11800224273268352,0.026406565956940686,P1 minutes left (brief)
0.9709365676797284,0.11800224273268352,0.0262876174616391,P1 minutes left (brief)
0.9707480174592659,0.1181747606314155,0.0262876174616391,P1 minutes left (brief)
0.9705788702279184,0.1181747606314155,0.026168668966337627,P1 minutes left (brief)
0.9687402469852463,0.11920986802380747,0.026168668966337627,P1 minutes left (brief)
0.9687369848496643,0.11938238592253947,0.026168668966337627,P1 minutes left (brief)
0.9685649372897596,0.11946864487190546,0.026168668966337627,P1 minutes left (brief)
0.9684759689013521,0.11946864487190546,0.026049720471036042,P1 minutes left (brief)
0.9680730491635176,0.11981368066936944,0.026049720471036042,P1 minutes left (brief)
0.9680451378836094,0.11981368066936944,0.025930771975734457,P1 minutes left (brief)
0.9673627924564049,0.12015871646683343,0.025930771975734457,P1 minutes left (brief)
0.9672317886206055,0.12015871646683343,0.025811823480432983,P1 minutes left (brief)
0.9659240736900662,0.1210213059604934,0.025811823480432983,P1 minutes left (brief)
0.965846351783099,0.1210213059604934,0.025692874985131398,P1 minutes left (brief)
0.9649386161434662,0.12171137755542137,0.025692874985131398,P1 minutes left (brief)
0.9648802437333786,0.12171137755542137,0.025573926489829923,P1 minutes left (brief)
0.9647510363453881,0.12188389545415337,0.025573926489829923,P1 minutes left (brief)
0.9645991777748189,0.12188389545415337,0.02545497799452834,P1 minutes left (brief)
0.9644546721172017,0.12205641335288536,0.02545497799452834,P1 minutes left (brief)
0.9642856104560206,0.12205641335288536,0.025098132508623805,P1 minutes left (brief)
0.9641165515842937,0.12222893125161735,0.025098132508623805,P1 minutes left (brief)
0.9639126752824118,0.12222893125161735,0.02497918401332222,P1 minutes left (brief)
0.9634593402214026,0.12266022599844734,0.02497918401332222,P1 minutes left (brief)
0.9633685024969295,0.12266022599844734,0.024860235518020746,P1 minutes left (brief)
0.963275901418372,0.12283274389717934,0.024860235518020746,P1 minutes left (brief)
0.9630183147271723,0.12283274389717934,0.02474128702271916,P1 minutes left (brief)
0.9627175884031107,0.12300526179591133,0.02474128702271916,P1 minutes left (brief)
0.9626013448089187,0.12300526179591133,0.024622338527417575,P1 minutes left (brief)
0.9618501146832475,0.12343655654274131,0.024622338527417575,P1 minutes left (brief)
0.9618500816539197,0.1236090744414733,0.024622338527417575,P1 minutes left (brief)
0.961844299763726,0.1236090744414733,0.0245033900321161,P1 minutes left (brief)
0.9617532723525064,0.12378159234020529,0.0245033900321161,P1 minutes left (brief)
0.9616647768894896,0.12378159234020529,0.024384441536814516,P1 minutes left (brief)
0.9614972338834736,0.12395411023893729,0.024384441536814516,P1 minutes left (brief)
0.9614154570383933,0.12395411023893729,0.024146544546211457,P1 minutes left (brief)
0.9607339796173276,0.12473044078323126,0.024146544546211457,P1 minutes left (brief)
0.9606881135735631,0.12473044078323126,0.023908647555608398,P1 minutes left (brief)
0.9604120970249109,0.12507547658069526,0.023908647555608398,P1 minutes left (brief)
0.9603927678068266,0.12507547658069526,0.023789699060306924,P1 minutes left (brief)
0.9602611357304577,0.12516173553006124,0.023789699060306924,P1 minutes left (brief)
0.9601686180860995,0.12516173553006124,0.02367075056500534,P1 minutes left (brief)
0.9601152655997578,0.12524799447942725,0.02367075056500534,P1 minutes left (brief)
0.9599107484359264,0.12524799447942725,0.023551802069703864,P1 minutes left (brief)
0.9595638394132349,0.12550677132752522,0.023551802069703864,P1 minutes left (brief)
0.9595132102314613,0.12550677132752522,0.02343285357440228,P1 minutes left (brief)
0.9594595781515783,0.12559303027689123,0.02343285357440228,P1 minutes left (brief)
0.9593274958502974,0.12559303027689123,0.02319495658379922,P1 minutes left (brief)
0.9591845580496811,0.12567928922625723,0.02319495658379922,P1 minutes left (brief)
0.959094289568605,0.12567928922625723,0.023076008088497635,P1 minutes left (brief)
0.9590601933173375,0.12576554817562322,0.023076008088497635,P1 minutes left (brief)
0.9590593192504391,0.12576554817562322,0.02295705959319616,P1 minutes left (brief)
0.9578528045780618,0.1260243250237212,0.02295705959319616,P1 minutes left (brief)
0.957781132737858,0.1260243250237212,0.022838111097894576,P1 minutes left (brief)
0.9577197424035309,0.12611058397308722,0.022838111097894576,P1 minutes left (brief)
0.9576802976239092,0.12611058397308722,0.0227191626025931,P1 minutes left (brief)
0.957134878304615,0.1263693608211852,0.0227191626025931,P1 minutes left (brief)
0.957042205371183,0.1263693608211852,0.022600214107291516,P1 minutes left (brief)
0.9565626139651842,0.1267143966186492,0.022600214107291516,P1 minutes left (brief)
0.9564548084286579,0.1267143966186492,0.022362317116688457,P1 minutes left (brief)
0.9551539307047657,0.12809453980850513,0.022362317116688457,P1 minutes left (brief)
0.9551149801632964,0.12809453980850513,0.022243368621386983,P1 minutes left (brief)
0.9543736205755168,0.12861209350470112,0.022243368621386983,P1 minutes left (brief)
0.9540943519531454,0.12861209350470112,0.022124420126085398,P1 minutes left (brief)
0.9539079793224251,0.1286983524540671,0.022124420126085398,P1 minutes left (brief)
0.9538621893922431,0.1286983524540671,0.022005471630783924,P1 minutes left (brief)
0.9528185498973832,0.12947468299836107,0.022005471630783924,P1 minutes left (brief)
0.9525957313148616,0.12947468299836107,0.02188652313548234,P1 minutes left (brief)
0.9521774738250891,0.12999223669455706,0.02188652313548234,P1 minutes left (brief)
0.9521331869527713,0.12999223669455706,0.021767574640180753,P1 minutes left (brief)
0.9514580137986074,0.13042353144138705,0.021767574640180753,P1 minutes left (brief)
0.9513543779645098,0.13042353144138705,0.02164862614487928,P1 minutes left (brief)
0.9511175235282644,0.13050979039075303,0.02164862614487928,P1 minutes left (brief)
0.9509188127820459,0.13050979039075303,0.021529677649577694,P1 minutes left (brief)
0.9505773701398579,0.13085482618821703,0.021529677649577694,P1 minutes left (brief)
0.9503765663415037,0.13085482618821703,0.02141072915427622,P1 minutes left (brief)
0.9499925363760261,0.13102734408694902,0.02141072915427622,P1 minutes left (brief)
0.9499916455504538,0.13102734408694902,0.021291780658974635,P1 minutes left (brief)
0.9474328311568339,0.13258000517553697,0.021291780658974635,P1 minutes left (brief)
0.9470921844636336,0.13258000517553697,0.021053883668371576,P1 minutes left (brief)
0.9468875143345871,0.13275252307426896,0.021053883668371576,P1 minutes left (brief)
0.9468412559765652,0.13292504097300095,0.021053883668371576,P1 minutes left (brief)
0.9468162425732204,0.13292504097300095,0.0209349351730701,P1 minutes left (brief)
0.9462329762705917,0.13344259466919692,0.0209349351730701,P1 minutes left (brief)
0.9460114717840764,0.13344259466919692,0.020815986677768517,P1 minutes left (brief)
0.9455804274483446,0.13370137151729491,0.020815986677768517,P1 minutes left (brief)
0.9450002902184392,0.13370137151729491,0.020340192696562398,P1 minutes left (brief)
0.9448876312094323,0.13378763046666092,0.020340192696562398,P1 minutes left (brief)
0.9448312869295272,0.1339601483653929,0.020340192696562398,P1 minutes left (brief)
0.9444660307296779,0.1342189252134909,0.020340192696562398,P1 minutes left (brief)
0.9436051332326604,0.1342189252134909,0.020221244201260813,P1 minutes left (brief)
0.9433222903603034,0.1343914431122229,0.020221244201260813,P1 minutes left (brief)
0.9431930302080642,0.1343914431122229,0.02010229570595934,P1 minutes left (brief)
0.9430741096522554,0.13456396101095489,0.02010229570595934,P1 minutes left (brief)
0.9428657833017643,0.13473647890968687,0.02010229570595934,P1 minutes left (brief)
0.9427166535605008,0.13473647890968687,0.019983347210657754,P1 minutes left (brief)
0.9417761388589995,0.13516777365651686,0.019983347210657754,P1 minutes left (brief)
0.9417719586021076,0.13516777365651686,0.01986439871535628,P1 minutes left (brief)
0.9416514971598003,0.13534029155524885,0.01986439871535628,P1 minutes left (brief)
0.9416207986980566,0.13534029155524885,0.019745450220054694,P1 minutes left (brief)
0.9413335797264599,0.13559906840334685,0.019745450220054694,P1 minutes left (brief)
0.9412734516450662,0.13559906840334685,0.01962650172475322,P1 minutes left (brief)
0.9402712694750028,0.13628913999827483,0.01962650172475322,P1 minutes left (brief)
0.9401531445630098,0.13628913999827483,0.019507553229451635,P1 minutes left (brief)
0.9400540956845358,0.13654791684637282,0.019507553229451635,P1 minutes left (brief)
0.940012658469705,0.13654791684637282,0.01938860473415016,P1 minutes left (brief)
0.9399919875082314,0.1366341757957388,0.01938860473415016,P1 minutes left (brief)
0.9399003356782594,0.1366341757957388,0.01915070774354699,P1 minutes left (brief)
0.9396119257249722,0.13697921159320278,0.01915070774354699,P1 minutes left (brief)
0.939254317688907,0.13697921159320278,0.01891281075294393,P1 minutes left (brief)
0.9392321752237872,0.13697921159320278,0.018674913762340872,P1 minutes left (brief)
0.9385190974957652,0.13766928318813076,0.018674913762340872,P1 minutes left (brief)
0.9383099469428181,0.13766928318813076,0.018555965267039398,P1 minutes left (brief)
0.9382308055071341,0.13775554213749677,0.018555965267039398,P1 minutes left (brief)
0.9381927794205931,0.13775554213749677,0.018437016771737813,P1 minutes left (brief)
0.9381600298251616,0.13784180108686275,0.018437016771737813,P1 minutes left (brief)
0.9380499715291263,0.13784180108686275,0.01831806827643634,P1 minutes left (brief)
0.9377964016239773,0.13801431898559474,0.01831806827643634,P1 minutes left (brief)
0.9377104244989442,0.13801431898559474,0.018199119781134754,P1 minutes left (brief)
0.9375180322464165,0.13827309583369274,0.018199119781134754,P1 minutes left (brief)
0.9373612557507769,0.13827309583369274,0.01808017128583328,P1 minutes left (brief)
0.9367017480551705,0.13853187268179074,0.01808017128583328,P1 minutes left (brief)
0.936693057500501,0.13853187268179074,0.017961222790531695,P1 minutes left (brief)
0.9352984733718871,0.1391356853273527,0.017961222790531695,P1 minutes left (brief)
0.9352489204891967,0.1391356853273527,0.01784227429523022,P1 minutes left (brief)
0.9349846021292723,0.1394807211248167,0.01784227429523022,P1 minutes left (brief)
0.9348675479523543,0.1394807211248167,0.017723325799928635,P1 minutes left (brief)
0.9339651331757307,0.14034331061847666,0.017723325799928635,P1 minutes left (brief)
0.9337081349567629,0.14034331061847666,0.017485428809325576,P1 minutes left (brief)
0.9330782855154549,0.14077460536530664,0.017485428809325576,P1 minutes left (brief)
0.9325859858874892,0.14077460536530664,0.01736648031402399,P1 minutes left (brief)
0.9325204007793071,0.14094712326403863,0.01736648031402399,P1 minutes left (brief)
0.9324284137560863,0.14094712326403863,0.017247531818722517,P1 minutes left (brief)
0.9320219034397178,0.14146467696023463,0.017247531818722517,P1 minutes left (brief)
0.9319779343457242,0.14146467696023463,0.01712858332342093,P1 minutes left (brief)
0.9301371425295323,0.14310359699818856,0.01712858332342093,P1 minutes left (brief)
0.9296407658123419,0.14310359699818856,0.016890686332817872,P1 minutes left (brief)
0.9294358384158652,0.14327611489692055,0.016890686332817872,P1 minutes left (brief)
0.9290983745614072,0.14327611489692055,0.016652789342214813,P1 minutes left (brief)
0.9289949296532692,0.14344863279565254,0.016652789342214813,P1 minutes left (brief)
0.9288195496640348,0.14344863279565254,0.01653384084691334,P1 minutes left (brief)
0.928796755735006,0.14353489174501854,0.01653384084691334,P1 minutes left (brief)
0.9287219219973563,0.14353489174501854,0.01629594385631017,P1 minutes left (brief)
0.9285239660534126,0.14379366859311654,0.01629594385631017,P1 minutes left (brief)
0.9285190090144121,0.14379366859311654,0.016176995361008695,P1 minutes left (brief)
0.9283354342879037,0.14405244544121454,0.016176995361008695,P1 minutes left (brief)
0.928186041205725,0.14405244544121454,0.01605804686570711,P1 minutes left (brief)
0.9280398270224928,0.1443112222893125,0.01605804686570711,P1 minutes left (brief)
0.9277714986134434,0.1443112222893125,0.015939098370405635,P1 minutes left (brief)
0.9274344548183461,0.1445699991374105,0.015939098370405635,P1 minutes left (brief)
0.9272514560013426,0.1445699991374105,0.01582014987510405,P1 minutes left (brief)
0.926336224432921,0.14517381178297248,0.01582014987510405,P1 minutes left (brief)
0.9256911137141562,0.14517381178297248,0.015701201379802576,P1 minutes left (brief)
0.9251099083764334,0.14586388337790046,0.015701201379802576,P1 minutes left (brief)
0.9248880186455437,0.14586388337790046,0.015582252884500991,P1 minutes left (brief)
0.92414417416565,0.14638143707409643,0.015582252884500991,P1 minutes left (brief)
0.9236346877547348,0.14638143707409643,0.015463304389199517,P1 minutes left (brief)
0.9234239254659136,0.14646769602346243,0.015463304389199517,P1 minutes left (brief)
0.923383379085791,0.14646769602346243,0.015344355893897932,P1 minutes left (brief)
0.9231668309692798,0.1468127318209264,0.015344355893897932,P1 minutes left (brief)
0.922983461984855,0.1468127318209264,0.015225407398596458,P1 minutes left (brief)
0.9229002096924285,0.1469852497196584,0.015225407398596458,P1 minutes left (brief)
0.9228365886242353,0.1469852497196584,0.015106458903294873,P1 minutes left (brief)
0.9227454558197687,0.14715776761839042,0.015106458903294873,P1 minutes left (brief)
0.9226779171115453,0.14715776761839042,0.014987510407993287,P1 minutes left (brief)
0.9224422561092506,0.1473302855171224,0.014987510407993287,P1 minutes left (brief)
0.922434925316721,0.1473302855171224,0.014868561912691813,P1 minutes left (brief)
0.9218073852431723,0.1477615802639524,0.014868561912691813,P1 minutes left (brief)
0.9217530973709693,0.1477615802639524,0.014749613417390228,P1 minutes left (brief)
0.9203288281747507,0.14888294660571033,0.014749613417390228,P1 minutes left (brief)
0.920320162406123,0.14888294660571033,0.014630664922088754,P1 minutes left (brief)
0.9198498875106853,0.14922798240317434,0.014630664922088754,P1 minutes left (brief)
0.9197295354636589,0.14922798240317434,0.014511716426787169,P1 minutes left (brief)
0.9193318067403391,0.1495730182006383,0.014511716426787169,P1 minutes left (brief)
0.9193039462323789,0.1495730182006383,0.014392767931485695,P1 minutes left (brief)
0.9186685377236012,0.15034934874493228,0.014392767931485695,P1 minutes left (brief)
0.918627742041906,0.15034934874493228,0.01427381943618411,P1 minutes left (brief)
0.9170857379816513,0.15147071508669024,0.01427381943618411,P1 minutes left (brief)
0.9169150842430122,0.15147071508669024,0.014154870940882636,P1 minutes left (brief)
0.9168029801439778,0.15155697403605625,0.014154870940882636,P1 minutes left (brief)
0.9166135741736,0.15155697403605625,0.01403592244558105,P1 minutes left (brief)
0.9155848085255247,0.1522470456309842,0.01403592244558105,P1 minutes left (brief)
0.9153625839086605,0.1522470456309842,0.013916973950279576,P1 minutes left (brief)
0.9142029993949996,0.1530233761752782,0.013916973950279576,P1 minutes left (brief)
0.9141014542647129,0.1530233761752782,0.013679076959676406,P1 minutes left (brief)
0.9136977156469791,0.15328215302337617,0.013679076959676406,P1 minutes left (brief)
0.913595186994319,0.15328215302337617,0.013560128464374932,P1 minutes left (brief)
0.9115675086176674,0.1550073320106961,0.013560128464374932,P1 minutes left (brief)
0.9114446805321196,0.1550073320106961,0.013441179969073347,P1 minutes left (brief)
0.910780349266152,0.15535236780816009,0.013441179969073347,P1 minutes left (brief)
0.9106328864435504,0.15535236780816009,0.013322231473771873,P1 minutes left (brief)
0.9098953601000204,0.15578366255499007,0.013322231473771873,P1 minutes left (brief)
0.9098184207527596,0.15578366255499007,0.013203282978470288,P1 minutes left (brief)
0.9097063647193152,0.15586992150435608,0.013203282978470288,P1 minutes left (brief)
0.9095721142216213,0.15586992150435608,0.013084334483168814,P1 minutes left (brief)
0.909396517671329,0.1559561804537221,0.013084334483168814,P1 minutes left (brief)
0.9093825632384527,0.1559561804537221,0.012965385987867228,P1 minutes left (brief)
0.9093472756531453,0.15604243940308807,0.012965385987867228,P1 minutes left (brief)
0.9091071120218078,0.15604243940308807,0.01272748899726417,P1 minutes left (brief)
0.9090066759278406,0.15621495730182006,0.01272748899726417,P1 minutes left (brief)
0.9089372284537518,0.15621495730182006,0.012608540501962695,P1 minutes left (brief)
0.9079749367591198,0.15733632364357802,0.012608540501962695,P1 minutes left (brief)
0.9079725371664605,0.15733632364357802,0.01248959200666111,P1 minutes left (brief)
0.9074648069791866,0.157681359441042,0.01248959200666111,P1 minutes left (brief)
0.9074347723330558,0.157853877339774,0.01248959200666111,P1 minutes left (brief)
0.9067174819245378,0.158198913137238,0.01248959200666111,P1 minutes left (brief)
0.9065786734363296,0.158198913137238,0.012370643511359636,P1 minutes left (brief)
0.9059349779686118,0.158457689985336,0.012370643511359636,P1 minutes left (brief)
0.9059100982937976,0.158457689985336,0.01225169501605805,P1 minutes left (brief)
0.9040898129594337,0.15957905632709393,0.01225169501605805,P1 minutes left (brief)
0.9038742539968834,0.15957905632709393,0.012132746520756466,P1 minutes left (brief)
0.9024901085510572,0.16173553006124386,0.012132746520756466,P1 minutes left (brief)
0.9024153762628286,0.16173553006124386,0.012013798025454991,P1 minutes left (brief)
0.9021227806688042,0.16225308375743983,0.012013798025454991,P1 minutes left (brief)
0.9020069115287735,0.16225308375743983,0.011775901034851932,P1 minutes left (brief)
0.9009629685948066,0.16302941430173382,0.011775901034851932,P1 minutes left (brief)
0.9008046985679156,0.16302941430173382,0.011656952539550347,P1 minutes left (brief)
0.9006220079437072,0.1632019322004658,0.011656952539550347,P1 minutes left (brief)
0.9006168508490011,0.1632019322004658,0.011538004044248873,P1 minutes left (brief)
0.9005655795011118,0.1633744500991978,0.011538004044248873,P1 minutes left (brief)
0.8990211715702909,0.16466833433968775,0.011538004044248873,P1 minutes left (brief)
0.8990175921261363,0.16466833433968775,0.011419055548947288,P1 minutes left (brief)
0.8984507303353148,0.16509962908651774,0.011419055548947288,P1 minutes left (brief)
0.8980934760797525,0.16509962908651774,0.011300107053645814,P1 minutes left (brief)
0.8976883151660575,0.1657897006814457,0.011300107053645814,P1 minutes left (brief)
0.8976769743478633,0.1657897006814457,0.011181158558344229,P1 minutes left (brief)
0.89714708222007,0.1661347364789097,0.011181158558344229,P1 minutes left (brief)
0.8969647120681087,0.1661347364789097,0.011062210063042754,P1 minutes left (brief)
0.896763504541885,0.16630725437764168,0.011062210063042754,P1 minutes left (brief)
0.8966897077907644,0.16630725437764168,0.01094326156774117,P1 minutes left (brief)
0.8942054646798,0.16794617441559562,0.01094326156774117,P1 minutes left (brief)
0.8941248411814217,0.16794617441559562,0.010824313072439584,P1 minutes left (brief)
0.893475506150075,0.16889502285862157,0.010824313072439584,P1 minutes left (brief)
0.8934327684939237,0.16889502285862157,0.01070536457713811,P1 minutes left (brief)
0.893200308366196,0.16898128180798758,0.01070536457713811,P1 minutes left (brief)
0.8931597846879719,0.16898128180798758,0.010586416081836525,P1 minutes left (brief)
0.8910835260196425,0.17044768394720952,0.010586416081836525,P1 minutes left (brief)
0.8910618420370898,0.1706202018459415,0.010586416081836525,P1 minutes left (brief)
0.8910214662947027,0.1707927197446735,0.010586416081836525,P1 minutes left (brief)
0.8908961503163214,0.1707927197446735,0.010348519091233466,P1 minutes left (brief)
0.890054027102707,0.17139653239023547,0.010348519091233466,P1 minutes left (brief)
0.8900406815112754,0.17139653239023547,0.010229570595931992,P1 minutes left (brief)
0.8896464618035358,0.17165530923833347,0.010229570595931992,P1 minutes left (brief)
0.8896099730132533,0.17182782713706546,0.010229570595931992,P1 minutes left (brief)
0.8888254973426822,0.17251789873199344,0.010229570595931992,P1 minutes left (brief)
0.8883937961469728,0.17251789873199344,0.009991673605328932,P1 minutes left (brief)
0.8867154475447321,0.1736392650737514,0.009991673605328932,P1 minutes left (brief)
0.8863072733717607,0.1736392650737514,0.009872725110027347,P1 minutes left (brief)
0.8845086607007772,0.17519192616233933,0.009872725110027347,P1 minutes left (brief)
0.8843829328253575,0.17519192616233933,0.009753776614725873,P1 minutes left (brief)
0.8829491177077186,0.17588199775726732,0.009753776614725873,P1 minutes left (brief)
0.8828693769695664,0.17588199775726732,0.009634828119424288,P1 minutes left (brief)
0.8828364115750515,0.17596825670663332,0.009634828119424288,P1 minutes left (brief)
0.8827112268188978,0.17596825670663332,0.009515879624122703,P1 minutes left (brief)
0.8804803558026498,0.17838350728888122,0.009515879624122703,P1 minutes left (brief)
0.8803995072842205,0.17838350728888122,0.009396931128821229,P1 minutes left (brief)
0.8756491591144833,0.18114379366859312,0.009396931128821229,P1 minutes left (brief)
0.8756463878442741,0.18114379366859312,0.009277982633519644,P1 minutes left (brief)
0.8756091482467214,0.1812300526179591,0.009277982633519644,P1 minutes left (brief)
0.8755893090405454,0.1812300526179591,0.00915903413821817,P1 minutes left (brief)
0.8755345341417227,0.1813163115673251,0.00915903413821817,P1 minutes left (brief)
0.8754021791880764,0.1813163115673251,0.009040085642916584,P1 minutes left (brief)
0.8746233677519478,0.18192012421288709,0.009040085642916584,P1 minutes left (brief)
0.8743055564783311,0.18192012421288709,0.00892113714761511,P1 minutes left (brief)
0.8724962495147237,0.18312774950401103,0.00892113714761511,P1 minutes left (brief)
0.8723862855533198,0.18330026740274302,0.00892113714761511,P1 minutes left (brief)
0.8707566430844977,0.18390408004830502,0.00892113714761511,P1 minutes left (brief)
0.8706801798802467,0.18390408004830502,0.008683240157012051,P1 minutes left (brief)
0.8690879085748997,0.18528422323816096,0.008683240157012051,P1 minutes left (brief)
0.8689818868569946,0.18528422323816096,0.008445343166408992,P1 minutes left (brief)
0.8687272499365931,0.18554300008625896,0.008445343166408992,P1 minutes left (brief)
0.8686720262720282,0.18554300008625896,0.008326394671107407,P1 minutes left (brief)
0.8679992894302092,0.18640558957991893,0.008326394671107407,P1 minutes left (brief)
0.8678419670547544,0.18640558957991893,0.008207446175805821,P1 minutes left (brief)
0.8675813578609838,0.1867506253773829,0.008207446175805821,P1 minutes left (brief)
0.8674573572309299,0.1867506253773829,0.008088497680504347,P1 minutes left (brief)
0.8656642888632735,0.18752695592167687,0.008088497680504347,P1 minutes left (brief)
0.8656156645379918,0.18752695592167687,0.007969549185202762,P1 minutes left (brief)
0.8652952543012578,0.18769947382040886,0.007969549185202762,P1 minutes left (brief)
0.8652759146555126,0.18769947382040886,0.007850600689901288,P1 minutes left (brief)
0.8631855135495933,0.1892521349089968,0.007850600689901288,P1 minutes left (brief)
0.8629516924107262,0.1892521349089968,0.007731652194599703,P1 minutes left (brief)
0.8609365495927203,0.19054601914948677,0.007731652194599703,P1 minutes left (brief)
0.8609055425015177,0.19054601914948677,0.007612703699298229,P1 minutes left (brief)
0.8608839917126833,0.19063227809885275,0.007612703699298229,P1 minutes left (brief)
0.8606421694515053,0.19063227809885275,0.007493755203996644,P1 minutes left (brief)
0.8589746788528029,0.1924437160355387,0.007493755203996644,P1 minutes left (brief)
0.8589023215529812,0.1924437160355387,0.00737480670869517,P1 minutes left (brief)
0.8580415757853834,0.19313378763046665,0.00737480670869517,P1 minutes left (brief)
0.8578504056882741,0.19313378763046665,0.0072558582133935845,P1 minutes left (brief)
0.8573475700087869,0.19365134132666265,0.0072558582133935845,P1 minutes left (brief)
0.857288679522953,0.19365134132666265,0.00713690971809211,P1 minutes left (brief)
0.8571423106955289,0.19365134132666265,0.006899012727489051,P1 minutes left (brief)
0.8570104924824763,0.19382385922539463,0.006899012727489051,P1 minutes left (brief)
0.8566229073885231,0.19434141292159063,0.006899012727489051,P1 minutes left (brief)
0.8565594621992969,0.19434141292159063,0.006780064232187466,P1 minutes left (brief)
0.8557435939879855,0.19503148451651858,0.006780064232187466,P1 minutes left (brief)
0.8556652126597017,0.19503148451651858,0.006661115736885881,P1 minutes left (brief)
0.8548827504034157,0.19572155611144657,0.006661115736885881,P1 minutes left (brief)
0.8548792313446738,0.19572155611144657,0.006542167241584407,P1 minutes left (brief)
0.8537432169102854,0.19675666350383852,0.006542167241584407,P1 minutes left (brief)
0.8536917297985637,0.1969291814025705,0.006542167241584407,P1 minutes left (brief)
0.8527841925308178,0.19770551194686448,0.006542167241584407,P1 minutes left (brief)
0.8527287064441734,0.19770551194686448,0.006423218746282822,P1 minutes left (brief)
0.8505853758001978,0.19891313723798845,0.006423218746282822,P1 minutes left (brief)
0.8504963748264012,0.19891313723798845,0.0063042702509813475,P1 minutes left (brief)
0.8502367861445655,0.19908565513672044,0.0063042702509813475,P1 minutes left (brief)
0.8502267885039542,0.19908565513672044,0.006185321755679762,P1 minutes left (brief)
0.8497047029579057,0.19951694988355043,0.006185321755679762,P1 minutes left (brief)
0.8497023940858414,0.19968946778228241,0.006185321755679762,P1 minutes left (brief)
0.8479251985747084,0.20081083412404038,0.006185321755679762,P1 minutes left (brief)
0.8479154714433347,0.20081083412404038,0.006066373260378288,P1 minutes left (brief)
0.8470622150981102,0.20132838782023635,0.006066373260378288,P1 minutes left (brief)
0.847000848845986,0.20150090571896834,0.006066373260378288,P1 minutes left (brief)
0.8460612160346017,0.20219097731389632,0.006066373260378288,P1 minutes left (brief)
0.846045225867438,0.2023634952126283,0.006066373260378288,P1 minutes left (brief)
0.8451921667867596,0.20339860260502027,0.006066373260378288,P1 minutes left (brief)
0.8450819508934981,0.20339860260502027,0.005947424765076703,P1 minutes left (brief)
0.8424549458447442,0.20495126369360822,0.005947424765076703,P1 minutes left (brief)
0.8423620402125052,0.20495126369360822,0.005828476269775229,P1 minutes left (brief)
0.8422286085058317,0.2051237815923402,0.005828476269775229,P1 minutes left (brief)
0.8421624716939071,0.2051237815923402,0.005709527774473644,P1 minutes left (brief)
0.8409552490527457,0.20590011213663417,0.005709527774473644,P1 minutes left (brief)
0.8408917271773925,0.20590011213663417,0.00559057927917217,P1 minutes left (brief)
0.8394956577558006,0.20710773742775812,0.00559057927917217,P1 minutes left (brief)
0.839491752575995,0.20728025532649014,0.00559057927917217,P1 minutes left (brief)
0.8361743752062943,0.20943672906064004,0.00559057927917217,P1 minutes left (brief)
0.836138204372883,0.20943672906064004,0.005471630783870585,P1 minutes left (brief)
0.8349936971146393,0.21012680065556802,0.005471630783870585,P1 minutes left (brief)
0.8349394372778667,0.21012680065556802,0.0053526822885689995,P1 minutes left (brief)
0.8345180904245272,0.210471836453032,0.0053526822885689995,P1 minutes left (brief)
0.8344065996854773,0.21064435435176398,0.0053526822885689995,P1 minutes left (brief)
0.8334467779727919,0.21142068489605798,0.0053526822885689995,P1 minutes left (brief)
0.83340369228316,0.21159320279478996,0.0053526822885689995,P1 minutes left (brief)
0.8283926885013039,0.2157336323643578,0.0053526822885689995,P1 minutes left (brief)
0.8283569150111078,0.2157336323643578,0.005233733793267525,P1 minutes left (brief)
0.8282822277047321,0.2158198913137238,0.005233733793267525,P1 minutes left (brief)
0.8282707867878648,0.2158198913137238,0.00511478529796594,P1 minutes left (brief)
0.8266249783157962,0.21745881135167774,0.00511478529796594,P1 minutes left (brief)
0.8265353672425391,0.21745881135167774,0.004995836802664466,P1 minutes left (brief)
0.8255071219068035,0.2186664366428017,0.004995836802664466,P1 minutes left (brief)
0.8253802082366641,0.2186664366428017,0.004757939812061407,P1 minutes left (brief)
0.8244494686659644,0.22004657983265763,0.004757939812061407,P1 minutes left (brief)
0.8240287366580109,0.22004657983265763,0.004520042821458348,P1 minutes left (brief)
0.8235830655311905,0.22039161563012163,0.004520042821458348,P1 minutes left (brief)
0.8233519607265297,0.22039161563012163,0.0044010943261567625,P1 minutes left (brief)
0.8213548717828298,0.22185801776934358,0.0044010943261567625,P1 minutes left (brief)
0.8213512168373102,0.22185801776934358,0.0042821458308552884,P1 minutes left (brief)
0.819206079636165,0.2231519020098335,0.0042821458308552884,P1 minutes left (brief)
0.8190625695969996,0.2231519020098335,0.004163197335553703,P1 minutes left (brief)
0.818670672065965,0.2235831967566635,0.004163197335553703,P1 minutes left (brief)
0.8185653263423344,0.2237557146553955,0.004163197335553703,P1 minutes left (brief)
0.8129866351280972,0.22763736737686535,0.004163197335553703,P1 minutes left (brief)
0.8128403055791176,0.22763736737686535,0.004044248840252118,P1 minutes left (brief)
0.812839841622637,0.22772362632623136,0.004044248840252118,P1 minutes left (brief)
0.8127461037657656,0.22772362632623136,0.003806351849649059,P1 minutes left (brief)
0.811126102846907,0.2289312516173553,0.003806351849649059,P1 minutes left (brief)
0.8109934776397671,0.2289312516173553,0.003687403354347585,P1 minutes left (brief)
0.8093740997378971,0.23031139480721124,0.003687403354347585,P1 minutes left (brief)
0.80916464320341,0.23031139480721124,0.0035684548590459997,P1 minutes left (brief)
0.8074778842871009,0.23100146640213923,0.0035684548590459997,P1 minutes left (brief)
0.8074237549944954,0.23100146640213923,0.0034495063637445256,P1 minutes left (brief)
0.807249152294866,0.23117398430087122,0.0034495063637445256,P1 minutes left (brief)
0.8043210817544557,0.23350297593375313,0.0034495063637445256,P1 minutes left (brief)
0.8043051948110793,0.23350297593375313,0.0033305578684429404,P1 minutes left (brief)
0.8018226542367864,0.23540067281980506,0.0033305578684429404,P1 minutes left (brief)
0.8017520073277418,0.23557319071853705,0.0033305578684429404,P1 minutes left (brief)
0.8001745486783797,0.236867074959027,0.0033305578684429404,P1 minutes left (brief)
0.8001447615265531,0.236867074959027,0.0032116093731414663,P1 minutes left (brief)
0.7831225330369509,0.25127231950314843,0.0032116093731414663,P1 minutes left (brief)
0.7828802649009142,0.25127231950314843,0.003092660877839881,P1 minutes left (brief)
0.7825689825424229,0.25144483740188045,0.003092660877839881,P1 minutes left (brief)
0.7825433662640284,0.2516173553006124,0.003092660877839881,P1 minutes left (brief)
0.7803478604269647,0.25308375743983436,0.003092660877839881,P1 minutes left (brief)
0.7803290807105953,0.25308375743983436,0.002973712382538407,P1 minutes left (brief)
0.7783178475437553,0.25463641852842234,0.002973712382538407,P1 minutes left (brief)
0.7781873776739308,0.25463641852842234,0.002854763887236822,P1 minutes left (brief)
0.768606317660118,0.2608470628827741,0.002854763887236822,P1 minutes left (brief)
0.768540159163787,0.2608470628827741,0.002735815391935237,P1 minutes left (brief)
0.7675145300532952,0.26170965237643407,0.002735815391935237,P1 minutes left (brief)
0.7674598355254468,0.26170965237643407,0.0026168668966337627,P1 minutes left (brief)
0.7672119541533494,0.26179591132580005,0.0026168668966337627,P1 minutes left (brief)
0.7669443739306784,0.26179591132580005,0.0024979184013321776,P1 minutes left (brief)
0.7626459590698692,0.26654015354092986,0.0024979184013321776,P1 minutes left (brief)
0.7625939990196576,0.26654015354092986,0.0023789699060307035,P1 minutes left (brief)
0.759304305150898,0.26990425256620376,0.0023789699060307035,P1 minutes left (brief)
0.759139902782846,0.26990425256620376,0.0022600214107291183,P1 minutes left (brief)
0.7523744600790925,0.2743897179332356,0.0022600214107291183,P1 minutes left (brief)
0.7523575527146158,0.2743897179332356,0.0021410729154276442,P1 minutes left (brief)
0.7496053931916755,0.2769774864142155,0.0021410729154276442,P1 minutes left (brief)
0.7495399686755823,0.27715000431294745,0.0021410729154276442,P1 minutes left (brief)
0.7458420376733398,0.2813766928318813,0.0021410729154276442,P1 minutes left (brief)
0.7457963486739013,0.2815492107306133,0.0021410729154276442,P1 minutes left (brief)
0.736192769091879,0.28879496247735703,0.0021410729154276442,P1 minutes left (brief)
0.736156488491252,0.288967480376089,0.0021410729154276442,P1 minutes left (brief)
0.7304990297765288,0.29371172259121886,0.0021410729154276442,P1 minutes left (brief)
0.7304742790164817,0.29371172259121886,0.002022124420126059,P1 minutes left (brief)
0.7301137035300835,0.2941430173380488,0.002022124420126059,P1 minutes left (brief)
0.729985716841458,0.29431553523678083,0.002022124420126059,P1 minutes left (brief)
0.7292574517709599,0.2950056068317088,0.002022124420126059,P1 minutes left (brief)
0.7291838556038504,0.2950056068317088,0.001903175924824585,P1 minutes left (brief)
0.7270153249430243,0.2970758216164927,0.001903175924824585,P1 minutes left (brief)
0.7269247265207306,0.2970758216164927,0.0017842274295229998,P1 minutes left (brief)
0.7268818823911,0.2971620805658587,0.0017842274295229998,P1 minutes left (brief)
0.7268538754875774,0.2973345984645907,0.0017842274295229998,P1 minutes left (brief)
0.7199997948244431,0.3028551712240145,0.0017842274295229998,P1 minutes left (brief)
0.7197608418815833,0.3028551712240145,0.0016652789342215257,P1 minutes left (brief)
0.7171057252532658,0.30466660916070043,0.0016652789342215257,P1 minutes left (brief)
0.7170980707880547,0.30466660916070043,0.0015463304389199406,P1 minutes left (brief)
0.7156472492405387,0.30621927024928836,0.0015463304389199406,P1 minutes left (brief)
0.7154813837494148,0.30621927024928836,0.0014273819436184665,P1 minutes left (brief)
0.7127000001736663,0.3081169671353403,0.0014273819436184665,P1 minutes left (brief)
0.7126534666965019,0.3082894850340723,0.0014273819436184665,P1 minutes left (brief)
0.710184877793562,0.3108772535150522,0.0014273819436184665,P1 minutes left (brief)
0.710180361253797,0.3108772535150522,0.0013084334483168814,P1 minutes left (brief)
0.703105878574708,0.31475890623652203,0.0013084334483168814,P1 minutes left (brief)
0.7030341079118649,0.31475890623652203,0.0011894849530152962,P1 minutes left (brief)
0.6919769350970668,0.32519623910980766,0.0011894849530152962,P1 minutes left (brief)
0.6919080493700466,0.3253687570085396,0.0011894849530152962,P1 minutes left (brief)
0.6867707715436275,0.3296817044768395,0.0011894849530152962,P1 minutes left (brief)
0.6867212234466951,0.3298542223755715,0.0011894849530152962,P1 minutes left (brief)
0.6833953528779385,0.3330458035021133,0.0011894849530152962,P1 minutes left (brief)
0.6833805540681858,0.33321832140084534,0.0011894849530152962,P1 minutes left (brief)
0.6738996418601703,0.341240403691883,0.0011894849530152962,P1 minutes left (brief)
0.6738609010988078,0.34141292159061504,0.0011894849530152962,P1 minutes left (brief)
0.668617362621076,0.3471922711981368,0.0011894849530152962,P1 minutes left (brief)
0.6685742893466827,0.3471922711981368,0.0010705364577138221,P1 minutes left (brief)
0.6575606797455547,0.35486931769171054,0.0010705364577138221,P1 minutes left (brief)
0.6573890055575886,0.3550418355904425,0.0010705364577138221,P1 minutes left (brief)
0.6498221600465024,0.36185629259035623,0.0010705364577138221,P1 minutes left (brief)
0.6498197225475448,0.36185629259035623,0.000951587962412237,P1 minutes left (brief)
0.6480242786801833,0.3632364357802122,0.000951587962412237,P1 minutes left (brief)
0.6479759369025048,0.3632364357802122,0.0008326394671107629,P1 minutes left (brief)
0.6464645265848408,0.36487535581816616,0.0008326394671107629,P1 minutes left (brief)
0.6464283793120702,0.3650478737168981,0.0008326394671107629,P1 minutes left (brief)
0.6448800539660907,0.3660829811092901,0.0008326394671107629,P1 minutes left (brief)
0.6448197952328886,0.3660829811092901,0.0007136909718091777,P1 minutes left (brief)
0.6308324229779361,0.3769516087294057,0.0007136909718091777,P1 minutes left (brief)
0.6308261450223577,0.37712412662813766,0.0007136909718091777,P1 minutes left (brief)
0.6272986789144196,0.38005693090658155,0.0007136909718091777,P1 minutes left (brief)
0.6272722412124223,0.38022944880531356,0.0007136909718091777,P1 minutes left (brief)
0.623752085956111,0.3833347709824894,0.0007136909718091777,P1 minutes left (brief)
0.6236874355290474,0.38350728888122143,0.0007136909718091777,P1 minutes left (brief)
0.607166074082531,0.3992064176658328,0.0007136909718091777,P1 minutes left (brief)
0.6068406557011901,0.3992064176658328,0.0005947424765077036,P1 minutes left (brief)
0.5985920903639552,0.4052445441214526,0.0005947424765077036,P1 minutes left (brief)
0.5982890187165633,0.40541706202018457,0.0005947424765077036,P1 minutes left (brief)
0.5904533460261314,0.41180022427326834,0.0005947424765077036,P1 minutes left (brief)
0.5904244571992351,0.41180022427326834,0.0004757939812061185,P1 minutes left (brief)
0.5903429399952976,0.4118864832226343,0.0004757939812061185,P1 minutes left (brief)
0.590283027598434,0.41205900112136634,0.0004757939812061185,P1 minutes left (brief)
0.5809084878819194,0.4190459760200121,0.0004757939812061185,P1 minutes left (brief)
0.5808915212296347,0.41921849391874405,0.0004757939812061185,P1 minutes left (brief)
0.5730774617175024,0.4269817993616838,0.0004757939812061185,P1 minutes left (brief)
0.5730288618799662,0.42715431726041575,0.0004757939812061185,P1 minutes left (brief)
0.5695385570428775,0.43060467523505563,0.0004757939812061185,P1 minutes left (brief)
0.5695370829571081,0.43060467523505563,0.0003568454859046444,P1 minutes left (brief)
0.5491075014178686,0.446303804019667,0.0003568454859046444,P1 minutes left (brief)
0.5488749743429779,0.446303804019667,0.00023789699060305924,P1 minutes left (brief)
0.5421365372384743,0.4518243767790908,0.00023789699060305924,P1 minutes left (brief)
0.5421048001126564,0.45199689467782284,0.00023789699060305924,P1 minutes left (brief)
0.5391608903474931,0.4554472526524627,0.00023789699060305924,P1 minutes left (brief)
0.538952963558615,0.4556197705511947,0.00023789699060305924,P1 minutes left (brief)
0.5374981920052977,0.4570861726904166,0.00023789699060305924,P1 minutes left (brief)
0.5374027531848006,0.45725869058914864,0.00023789699060305924,P1 minutes left (brief)
0.5337802658433002,0.46019149486759253,0.00023789699060305924,P1 minutes left (brief)
0.5337491244226188,0.46019149486759253,0.00011894849530158513,P1 minutes left (brief)
0.533490775375901,0.4602777538169585,0.00011894849530158513,P1 minutes left (brief)
0.5334045313320953,0.46045027171569053,0.00011894849530158513,P1 minutes left (brief)
0.5327410649765287,0.46157163805744844,0.00011894849530158513,P1 minutes left (brief)
0.5326199653685175,0.46174415595618046,0.00011894849530158513,P1 minutes left (brief)
0.520898524988875,0.47131889933580606,0.00011894849530158513,P1 minutes left (brief)
0.5207646722983809,0.4714914172345381,0.00011894849530158513,P1 minutes left (brief)
0.5184841516057468,0.473302855171224,0.00011894849530158513,P1 minutes left (brief)
0.5184251134715389,0.473475373069956,0.00011894849530158513,P1 minutes left (brief)
0.5115144902611363,0.4799447942724058,0.00011894849530158513,P1 minutes left (brief)
0.5113522595039638,0.48011731217113773,0.00011894849530158513,P1 minutes left (brief)
0.4875921494546053,0.498921763132925,0.00011894849530158513,P1 minutes left (brief)
0.48729739325434485,0.49909428103165704,0.00011894849530158513,P1 minutes left (brief)
0.48148739419142156,0.5040110411455189,0.00011894849530158513,P1 minutes left (brief)
0.481047492737567,0.5040110411455189,0.0,P1 minutes left (brief)
0.47848237717541403,0.5060812559303027,0.0,P1 minutes left (brief)
0.47832302389495124,0.5062537738290348,0.0,P1 minutes left (brief)
0.4756104548202545,0.5089278012593806,0.0,P1 minutes left (brief)
0.4754296945946278,0.5091003191581126,0.0,P1 minutes left (brief)
0.47244423403785046,0.5114293107909945,0.0,P1 minutes left (brief)
0.4724381111870986,0.5116018286897266,0.0,P1 minutes left (brief)
0.46376677876657596,0.5196239109807642,0.0,P1 minutes left (brief)
0.4636418995429382,0.5197964288794963,0.0,P1 minutes left (brief)
0.46328579753321875,0.5203139825756923,0.0,P1 minutes left (brief)
0.46325589107953835,0.5204865004744242,0.0,P1 minutes left (brief)
0.4606841419793478,0.5222979384111102,0.0,P1 minutes left (brief)
0.4605183645694842,0.5224704563098421,0.0,P1 minutes left (brief)
0.45755224051603566,0.5250582247908221,0.0,P1 minutes left (brief)
0.45745882437490604,0.525230742689554,0.0,P1 minutes left (brief)
0.4538465675439856,0.5285085827654619,0.0,P1 minutes left (brief)
0.4536528375259618,0.5286811006641939,0.0,P1 minutes left (brief)
0.44860403538684734,0.5327352712843958,0.0,P1 minutes left (brief)
0.44859466649034613,0.5329077891831278,0.0,P1 minutes left (brief)
0.44172782106863134,0.5389459156387475,0.0,P1 minutes left (brief)
0.4416430558118365,0.5391184335374796,0.0,P1 minutes left (brief)
0.43812658679162747,0.5414474251703614,0.0,P1 minutes left (brief)
0.4380357844829061,0.5416199430690934,0.0,P1 minutes left (brief)
0.4335785429204011,0.5457603726386613,0.0,P1 minutes left (brief)
0.43354179422570877,0.5459328905373932,0.0,P1 minutes left (brief)
0.4296184910176812,0.5491244716639352,0.0,P1 minutes left (brief)
0.42960860025253417,0.5492969895626671,0.0,P1 minutes left (brief)
0.41937703446057106,0.5589579918916587,0.0,P1 minutes left (brief)
0.4193574737585696,0.5591305097903908,0.0,P1 minutes left (brief)
0.41922628539468193,0.5592167687397568,0.0,P1 minutes left (brief)
0.4191891944756905,0.5593892866384887,0.0,P1 minutes left (brief)
0.41899107799255436,0.5598205813853188,0.0,P1 minutes left (brief)
0.418989540850671,0.5599930992840507,0.0,P1 minutes left (brief)
0.4163790574189255,0.5620633140688347,0.0,P1 minutes left (brief)
0.41634583189161956,0.5622358319675667,0.0,P1 minutes left (brief)
0.409723632575777,0.5684464763219184,0.0,P1 minutes left (brief)
0.4096434789880334,0.5686189942206504,0.0,P1 minutes left (brief)
0.3875382118648233,0.5845768998533598,0.0,P1 minutes left (brief)
0.3874711160606012,0.5847494177520918,0.0,P1 minutes left (brief)
0.3514413535059553,0.6158026395238506,0.0,P1 minutes left (brief)
0.35112470909574184,0.6159751574225826,0.0,P1 minutes left (brief)
0.34480321433216793,0.6220132838782023,0.0,P1 minutes left (brief)
0.34474616984501155,0.6221858017769344,0.0,P1 minutes left (brief)
0.3368603048949621,0.6303804019667041,0.0,P1 minutes left (brief)
0.3368352243102031,0.630552919865436,0.0,P1 minutes left (brief)
0.32831290179763617,0.6377986716121797,0.0,P1 minutes left (brief)
0.32823819037118906,0.6379711895109118,0.0,P1 minutes left (brief)
0.32801016911226966,0.6385750021564738,0.0,P1 minutes left (brief)
0.32777364495974853,0.6387475200552057,0.0,P1 minutes left (brief)
0.31094487664312276,0.6536703182955231,0.0,P1 minutes left (brief)
0.3107301044053944,0.6538428361942552,0.0,P1 minutes left (brief)
0.3086778776562915,0.6552229793841111,0.0,P1 minutes left (brief)
0.3086680910635957,0.6553954972828431,0.0,P1 minutes left (brief)
0.29501475849401276,0.6658328301561287,0.0,P1 minutes left (brief)
0.294928629258901,0.6660053480548607,0.0,P1 minutes left (brief)
0.2935863273922895,0.6673854912447167,0.0,P1 minutes left (brief)
0.29353563805369937,0.6675580091434486,0.0,P1 minutes left (brief)
0.28628627204525314,0.6741136892952644,0.0,P1 minutes left (brief)
0.286254214798258,0.6742862071939963,0.0,P1 minutes left (brief)
0.24917369796303593,0.7074096437505392,0.0,P1 minutes left (brief)
0.24887788086192608,0.7075821616492711,0.0,P1 minutes left (brief)
0.23911444881205016,0.7156042439403089,0.0,P1 minutes left (brief)
0.23910862748305947,0.7157767618390408,0.0,P1 minutes left (brief)
0.23656382564360884,0.7176744587250927,0.0,P1 minutes left (brief)
0.23645197609470175,0.7178469766238247,0.0,P1 minutes left (brief)
0.23412096322891662,0.7200034503579746,0.0,P1 minutes left (brief)
0.23410777840292427,0.7201759682567066,0.0,P1 minutes left (brief)
0.228471960924133,0.7254377641680324,0.0,P1 minutes left (brief)
0.2282641885902848,0.7256102820667645,0.0,P1 minutes left (brief)
0.2165107374078427,0.736306391788148,0.0,P1 minutes left (brief)
0.21642448686038537,0.73647890968688,0.0,P1 minutes left (brief)
0.2099180689247147,0.7421720003450358,0.0,P1 minutes left (brief)
0.20981501584746662,0.7423445182437678,0.0,P1 minutes left (brief)
0.19714442963525328,0.7523505563702234,0.0,P1 minutes left (brief)
0.19712074781102695,0.7525230742689554,0.0,P1 minutes left (brief)
0.19559356918692625,0.7532131458638833,0.0,P1 minutes left (brief)
0.19552501508719936,0.7533856637626154,0.0,P1 minutes left (brief)
0.18984775858193023,0.7591650133701372,0.0,P1 minutes left (brief)
0.1897571388620775,0.7593375312688692,0.0,P1 minutes left (brief)
0.1764631562806604,0.7704649357370827,0.0,P1 minutes left (brief)
0.17638406637737647,0.7706374536358147,0.0,P1 minutes left (brief)
0.16970359562720788,0.7758129905977745,0.0,P1 minutes left (brief)
0.1695867424922353,0.7759855084965065,0.0,P1 minutes left (brief)
0.1569661390098925,0.7858190287242302,0.0,P1 minutes left (brief)
0.1567829811804671,0.7859915466229621,0.0,P1 minutes left (brief)
0.1554068871227551,0.7875442077115501,0.0,P1 minutes left (brief)
0.15540668198952476,0.787716725610282,0.0,P1 minutes left (brief)
0.14601473092000086,0.7955662900025877,0.0,P1 minutes left (brief)
0.14598719753543588,0.7957388079013198,0.0,P1 minutes left (brief)
0.1453054932897498,0.7966876563443457,0.0,P1 minutes left (brief)
0.14514789628788652,0.7968601742430778,0.0,P1 minutes left (brief)
0.12892090568318468,0.8077288018631933,0.0,P1 minutes left (brief)
0.12868783129994965,0.8079013197619253,0.0,P1 minutes left (brief)
0.11444806333703056,0.8166134736478909,0.0,P1 minutes left (brief)
0.11437953064446446,0.816785991546623,0.0,P1 minutes left (brief)
0.11295797830086947,0.8178210989390149,0.0,P1 minutes left (brief)
0.11295442149699103,0.817993616837747,0.0,P1 minutes left (brief)
0.09859116448508268,0.8302423876477184,0.0,P1 minutes left (brief)
0.09858258740983095,0.8304149055464505,0.0,P1 minutes left (brief)
0.09473132457596173,0.8338652635210904,0.0,P1 minutes left (brief)
0.09450595723826716,0.8340377814198223,0.0,P1 minutes left (brief)
0.08807995741035816,0.8387820236349521,0.0,P1 minutes left (brief)
0.08801258461826325,0.8389545415336841,0.0,P1 minutes left (brief)
0.0710260393727486,0.8524971965841456,0.0,P1 minutes left (brief)
0.07087221696589653,0.8526697144828776,0.0,P1 minutes left (brief)
0.0604857903025675,0.8598292072802554,0.0,P1 minutes left (brief)
0.060161638649469946,0.8600017251789873,0.0,P1 minutes left (brief)
0.027519164539621728,0.8832916415078065,0.0,P1 minutes left (brief)
0.027474573062627496,0.8834641594065384,0.0,P1 minutes left (brief)
0.004483954566744084,0.8970930734063659,0.0,P1 minutes left (brief)
0.00447330991107937,0.8972655913050979,0.0,P1 minutes left (brief)
-0.02082480715466202,0.9095143621150694,0.0,P1 minutes left (brief)
-0.020854491894665587,0.9096868800138014,0.0,P1 minutes left (brief)
-0.028162803804410018,0.9136547916846373,0.0,P1 minutes left (brief)
-0.028311426745447402,0.9138273095833693,0.0,P1 minutes left (brief)
-0.03311545165480639,0.9162425601656172,0.0,P1 minutes left (brief)
-0.033139695887614035,0.9164150780643492,0.0,P1 minutes left (brief)
-0.04635960124224591,0.9220219097731389,0.0,P1 minutes left (brief)
-0.04640943764538767,0.922194427671871,0.0,P1 minutes left (brief)
-0.05238114108119991,0.9246959372034849,0.0,P1 minutes left (brief)
-0.05245546267069278,0.9249547140515828,0.0,P1 minutes left (brief)
-0.060898611153583,0.9276287414819288,0.0,P1 minutes left (brief)
-0.06109499671008252,0.9279737772793928,0.0,P1 minutes left (brief)
-0.0673148564316665,0.9302165099629086,0.0,P1 minutes left (brief)
-0.06746275699052864,0.9303890278616407,0.0,P1 minutes left (brief)
-0.09194818508682544,0.9372897438109203,0.0,P1 minutes left (brief)
-0.09237556240830609,0.9374622617096524,0.0,P1 minutes left (brief)
-0.1040514660797882,0.9413439144311222,0.0,P1 minutes left (brief)
-0.10479014733979079,0.9415164323298543,0.0,P1 minutes left (brief)
-0.13949274832381645,0.9490209609246959,0.0,P1 minutes left (brief)
-0.13990544876264432,0.949193478823428,0.0,P1 minutes left (brief)
-0.15140638925509822,0.9514362115069438,0.0,P1 minutes left (brief)
-0.1516698664986471,0.9516087294056759,0.0,P1 minutes left (brief)
-0.18796686216897496,0.9570430432157336,0.0,P1 minutes left (brief)
-0.1894573737446805,0.9572155611144656,0.0,P1 minutes left (brief)
-0.1935348906682136,0.9577331148106616,0.0,P1 minutes left (brief)
-0.19434638279327254,0.9579056327093936,0.0,P1 minutes left (brief)
-0.19546455115668257,0.9581644095574916,0.0,P1 minutes left (brief)
-0.19587746734694486,0.9583369274562236,0.0,P1 minutes left (brief)
-0.2778943366850596,0.9692918140257052,0.0,P1 minutes left (brief)
-0.2785636480427846,0.9694643319244372,0.0,P1 minutes left (brief)
-0.3017869856172714,0.973087207797809,0.0,P1 minutes left (brief)
-0.30203818640267516,0.9732597256965411,0.0,P1 minutes left (brief)
-0.33518640784341797,0.9767963426205469,0.0,P1 minutes left (brief)
-0.33568992515473295,0.9769688605192789,0.0,P1 minutes left (brief)
-0.3551202373565481,0.9792978521521608,0.0,P1 minutes left (brief)
-0.35531773326667604,0.9794703700508928,0.0,P1 minutes left (brief)
-0.36544676921686126,0.9801604416458207,0.0,P1 minutes left (brief)
-0.3661762591042746,0.9803329595445528,0.0,P1 minutes left (brief)
-0.37898973442341166,0.9816268437850427,0.0,P1 minutes left (brief)
-0.3800719914825659,0.9817993616837747,0.0,P1 minutes left (brief)
-0.5172878642233357,0.9886138186836885,0.0,P1 minutes left (brief)
-0.5175446246550719,0.9887863365824204,0.0,P1 minutes left (brief)
-1.200144072784698,1.0,0.0,P1 minutes left (brief)
inf,0.0,1.0,"P2 energy, point estimates"
58.222498312215244,0.0,0.9998810515046984,"P2 energy, point estimates"
50.32169526297277,0.0,0.9906030688711788,"P2 energy, point estimates"
50.276907685799216,0.0,0.9903651718805757,"P2 energy, point estimates"
45.88773158645044,0.0,0.9689544427262995,"P2 energy, point estimates"
45.881233353584285,0.0,0.9687165457356964,"P2 energy, point estimates"
44.39842151469872,0.0,0.9595575115974783,"P2 energy, point estimates"
44.38362080461862,0.0,0.9593196146068752,"P2 energy, point estimates"
43.99836374274154,0.0,0.9559890567384323,"P2 energy, point estimates"
43.985224506649885,0.0,0.9557511597478292,"P2 energy, point estimates"
43.75047956312352,0.0,0.9538479838230046,"P2 energy, point estimates"
43.74086369806437,0.0,0.9536100868324016,"P2 energy, point estimates"
42.287377751076924,0.0,0.9407636493398358,"P2 energy, point estimates"
42.273537773935644,0.0,0.9405257523492327,"P2 energy, point estimates"
42.028374165726085,0.0,0.9386225764244083,"P2 energy, point estimates"
42.008240706035245,0.0,0.9383846794338052,"P2 energy, point estimates"
41.30235956983718,0.0,0.9314856667063162,"P2 energy, point estimates"
41.296665991128485,0.0,0.9312477697157131,"P2 energy, point estimates"
41.200487583376,0.0,0.9304151302486023,"P2 energy, point estimates"
41.18732737648578,0.0,0.9301772332579993,"P2 energy, point estimates"
39.10950157603551,0.0,0.9105507315332461,"P2 energy, point estimates"
39.09714047337342,0.0,0.910312834542643,"P2 energy, point estimates"
38.75373620630307,0.0,0.9066254311882955,"P2 energy, point estimates"
38.74876460648639,0.0,0.9063875341976924,"P2 energy, point estimates"
37.64516054246477,0.0,0.8941358391816343,"P2 energy, point estimates"
37.6434206196724,0.0,0.8938979421910312,"P2 energy, point estimates"
37.31504354139105,0.0,0.8900915903413822,"P2 energy, point estimates"
37.306989997142196,0.0,0.8898536933507791,"P2 energy, point estimates"
37.1973749534088,0.0,0.8887831568930653,"P2 energy, point estimates"
37.189212801688385,0.0,0.8885452599024622,"P2 energy, point estimates"
36.85332203250752,0.0,0.8848578565481147,"P2 energy, point estimates"
36.843089156225915,0.0,0.8846199595575116,"P2 energy, point estimates"
34.48118734286384,0.0,0.8585702390864756,"P2 energy, point estimates"
34.480790111851476,0.0,0.8583323420958725,"P2 energy, point estimates"
34.391121824414114,0.0,0.8563102176757464,"P2 energy, point estimates"
34.37782924110742,0.0,0.8560723206851433,"P2 energy, point estimates"
34.118869800149845,0.0,0.8529796598073034,"P2 energy, point estimates"
34.11238215968271,0.0,0.8527417628167003,"P2 energy, point estimates"
34.090283281675795,0.0,0.8522659688354942,"P2 energy, point estimates"
34.087892289206266,0.0,0.8520280718448912,"P2 energy, point estimates"
33.48798159550442,0.0,0.8441774711549899,"P2 energy, point estimates"
33.48431913018739,0.0,0.8439395741643868,"P2 energy, point estimates"
33.24074400939318,0.0,0.8408469132865469,"P2 energy, point estimates"
33.23893607384568,0.0,0.8406090162959439,"P2 energy, point estimates"
33.154414046932715,0.0,0.8394195313429285,"P2 energy, point estimates"
33.14825301220799,0.0,0.8391816343523255,"P2 energy, point estimates"
32.917543625778265,0.0,0.8366837159509932,"P2 energy, point estimates"
32.91251350744976,0.0,0.8364458189603902,"P2 energy, point estimates"
32.77553525085536,0.0,0.8345426430355656,"P2 energy, point estimates"
32.76407904448432,0.0,0.8343047460449625,"P2 energy, point estimates"
32.19572213951153,0.0,0.8260972998691567,"P2 energy, point estimates"
32.17902844263158,0.0,0.8258594028785535,"P2 energy, point estimates"
31.62950074105133,0.0,0.8163435232544308,"P2 energy, point estimates"
31.623035831560145,0.0,0.8161056262638278,"P2 energy, point estimates"
30.754354863250217,0.0,0.8051623646960866,"P2 energy, point estimates"
30.74404387100765,0.0,0.8049244677054835,"P2 energy, point estimates"
29.955601678783744,0.0,0.7931485666706316,"P2 energy, point estimates"
29.954650850701974,0.0,0.7929106696800285,"P2 energy, point estimates"
29.907142386305217,0.0,0.7924348756988224,"P2 energy, point estimates"
29.907136837168345,0.0,0.7921969787082194,"P2 energy, point estimates"
29.55844431060741,0.0,0.785654811466635,"P2 energy, point estimates"
29.55445404104905,0.0,0.7854169144760319,"P2 energy, point estimates"
28.940900231579562,0.0,0.7732841679552753,"P2 energy, point estimates"
28.937317254143405,0.0,0.7730462709646723,"P2 energy, point estimates"
28.03041450346214,0.0,0.7579398120613774,"P2 energy, point estimates"
28.023581255621096,0.0,0.7577019150707743,"P2 energy, point estimates"
27.878960788920082,0.0,0.7552039966694422,"P2 energy, point estimates"
27.877694013824993,0.0,0.7549660996788391,"P2 energy, point estimates"
27.830856118183963,0.0,0.7537766147258237,"P2 energy, point estimates"
27.82476350171412,0.0,0.7535387177352206,"P2 energy, point estimates"
27.640800695008124,0.0,0.7508029023432854,"P2 energy, point estimates"
27.634444166481174,0.0,0.7505650053526822,"P2 energy, point estimates"
26.980559434453458,0.0,0.738908052813132,"P2 energy, point estimates"
26.971778404862242,0.0,0.7386701558225288,"P2 energy, point estimates"
26.33305494255451,0.0,0.7272511002735815,"P2 energy, point estimates"
26.330221968348248,0.0,0.7270132032829785,"P2 energy, point estimates"
26.28303584282618,0.0,0.7259426668252646,"P2 energy, point estimates"
26.28126730228449,0.0,0.7257047698346616,"P2 energy, point estimates"
26.10321600322057,0.0,0.7233257999286309,"P2 energy, point estimates"
26.098155411806392,0.0,0.7230879029380278,"P2 energy, point estimates"
26.07932910555127,0.0,0.7229689544427262,"P2 energy, point estimates"
26.078436073849833,0.0,0.7227310574521233,"P2 energy, point estimates"
25.473893599250573,0.0,0.7109551564172714,"P2 energy, point estimates"
25.468652489012207,0.0,0.7107172594266682,"P2 energy, point estimates"
25.407148627115745,0.0,0.7092898774830498,"P2 energy, point estimates"
25.40162252562163,0.0,0.7090519804924468,"P2 energy, point estimates"
25.05817706086885,0.0,0.7025098132508624,"P2 energy, point estimates"
25.056205511484226,0.0,0.7022719162602593,"P2 energy, point estimates"
24.540749902819044,0.0,0.690852860711312,"P2 energy, point estimates"
24.539194118784703,0.0,0.6906149637207089,"P2 energy, point estimates"
24.466723968019792,0.0,0.6887117877958844,"P2 energy, point estimates"
24.466495494257416,0.0,0.6884738908052813,"P2 energy, point estimates"
23.88214485518126,0.0,0.6774116807422386,"P2 energy, point estimates"
23.88190168291252,0.0,0.6771737837516356,"P2 energy, point estimates"
23.157169990725357,0.0,0.6620673248483406,"P2 energy, point estimates"
23.155145667625,0.0,0.6618294278577376,"P2 energy, point estimates"
22.61823172114719,0.0,0.6500535268228858,"P2 energy, point estimates"
22.618231330618496,0.0,0.6498156298322826,"P2 energy, point estimates"
21.81656728441694,0.0,0.6332817889853694,"P2 energy, point estimates"
21.812948070001653,0.0,0.6330438919947663,"P2 energy, point estimates"
21.373159372150973,0.0,0.6241227548471512,"P2 energy, point estimates"
21.363795953770094,0.0,0.6238848578565481,"P2 energy, point estimates"
20.484641130663544,0.0,0.604734150113001,"P2 energy, point estimates"
20.475965662383437,0.0,0.6044962531223981,"P2 energy, point estimates"
20.345131939711017,0.0,0.6014035922445581,"P2 energy, point estimates"
20.339276252770063,0.0,0.601165695253955,"P2 energy, point estimates"
19.639200551778636,0.0,0.5860592363506602,"P2 energy, point estimates"
19.637155449278715,0.0,0.5858213393600571,"P2 energy, point estimates"
19.462713565848276,0.0,0.5811823480432973,"P2 energy, point estimates"
19.458731620023787,0.0,0.5809444510526942,"P2 energy, point estimates"
18.420899026687202,0.0,0.5553705245628643,"P2 energy, point estimates"
18.417956915737,0.0,0.5551326275722612,"P2 energy, point estimates"
18.391576686322153,0.0,0.5540620911145474,"P2 energy, point estimates"
18.383264238604035,0.0,0.5538241941239443,"P2 energy, point estimates"
18.316483933728954,0.0,0.5522778636850244,"P2 energy, point estimates"
18.312466079566114,0.0,0.5520399666944213,"P2 energy, point estimates"
18.185618225243346,0.0,0.549304151302486,"P2 energy, point estimates"
18.18558232303485,0.0,0.5490662543118829,"P2 energy, point estimates"
17.94217558854085,0.0,0.5433567265374093,"P2 energy, point estimates"
17.94030471144585,0.0,0.5431188295468062,"P2 energy, point estimates"
17.458290735851882,0.0,0.5307481860354466,"P2 energy, point estimates"
17.45768321164499,0.0,0.5305102890448437,"P2 energy, point estimates"
17.360952457158316,0.0,0.5282502676341144,"P2 energy, point estimates"
17.360586621442728,0.0,0.5280123706435114,"P2 energy, point estimates"
16.755379230078645,0.0,0.5098132508623766,"P2 energy, point estimates"
16.751688799133426,0.0,0.5095753538717736,"P2 energy, point estimates"
16.226383703833307,0.0,0.4966099678839063,"P2 energy, point estimates"
16.22355062836609,0.0,0.49637207089330315,"P2 energy, point estimates"
15.88145160803992,0.0,0.4889972641846081,"P2 energy, point estimates"
15.878876381242932,0.0,0.48875936719400503,"P2 energy, point estimates"
15.335404149896817,0.0,0.47615082669204234,"P2 energy, point estimates"
15.327378203989205,0.0,0.4759129297014393,"P2 energy, point estimates"
14.992290313186924,0.0,0.4674675865350303,"P2 energy, point estimates"
14.991156392220162,0.0,0.46722968954442723,"P2 energy, point estimates"
14.618487813004577,0.0,0.457832758415606,"P2 energy, point estimates"
14.61705059749966,0.0,0.45759486142500294,"P2 energy, point estimates"
14.194877496909747,0.0,0.4465326513619603,"P2 energy, point estimates"
14.184610895312591,0.0,0.44629475437135724,"P2 energy, point estimates"
13.713467863764464,0.0,0.435113595813013,"P2 energy, point estimates"
13.712561743260267,0.0,0.43487569882240995,"P2 energy, point estimates"
13.347498026648868,0.0,0.42357559176876414,"P2 energy, point estimates"
13.342576342926144,0.0,0.4233376947781611,"P2 energy, point estimates"
12.885147335692956,0.0,0.41096705126680144,"P2 energy, point estimates"
12.87782603928704,0.0,0.4107291542761984,"P2 energy, point estimates"
12.214279070791434,0.0,0.390388961579636,"P2 energy, point estimates"
12.212963655934882,0.0,0.3901510645890329,"P2 energy, point estimates"
12.125993714490136,0.0,0.3874152491970977,"P2 energy, point estimates"
12.11972937663981,0.0,0.38717735220649463,"P2 energy, point estimates"
11.950074429560232,0.0,0.37992149399310093,"P2 energy, point estimates"
11.948912803410687,0.0,0.3796835970024979,"P2 energy, point estimates"
11.670313073237427,0.0,0.37100035684548593,"P2 energy, point estimates"
11.669975352682073,0.0,0.3707624598548829,"P2 energy, point estimates"
11.571702916972127,0.0,0.36778874747234447,"P2 energy, point estimates"
11.56922229056584,0.0,0.3675508504817414,"P2 energy, point estimates"
11.473885068276534,0.0,0.3646960865945046,"P2 energy, point estimates"
11.473878300679566,0.0,0.36445818960390153,"P2 energy, point estimates"
11.465611293722453,0.0,0.3638634471273938,"P2 energy, point estimates"
11.463569435012786,8.625894936599672e-05,0.3638634471273938,"P2 energy, point estimates"
11.37135216605811,8.625894936599672e-05,0.36088973474485553,"P2 energy, point estimates"
11.370037398378095,8.625894936599672e-05,0.36065183775425236,"P2 energy, point estimates"
10.928729303050616,8.625894936599672e-05,0.3491138337100036,"P2 energy, point estimates"
10.926973015795838,8.625894936599672e-05,0.3486380397287975,"P2 energy, point estimates"
10.647783083047315,8.625894936599672e-05,0.34150113001070537,"P2 energy, point estimates"
10.647222984359338,8.625894936599672e-05,0.3412632330201023,"P2 energy, point estimates"
10.580514257346042,8.625894936599672e-05,0.3393600570952777,"P2 energy, point estimates"
10.578781012764836,0.00017251789873199344,0.3393600570952777,"P2 energy, point estimates"
10.484053020910228,0.00017251789873199344,0.3366242417033425,"P2 energy, point estimates"
10.47831479615487,0.00017251789873199344,0.3363863447127394,"P2 energy, point estimates"
10.002796000870369,0.00017251789873199344,0.32199357678125373,"P2 energy, point estimates"
9.976869565163085,0.00017251789873199344,0.3217556797906507,"P2 energy, point estimates"
9.930763804161616,0.00017251789873199344,0.32020934935173073,"P2 energy, point estimates"
9.92792908563904,0.00017251789873199344,0.3199714523611277,"P2 energy, point estimates"
9.857819183346628,0.00017251789873199344,0.31830617342690615,"P2 energy, point estimates"
9.853017180418941,0.00017251789873199344,0.3180682764363031,"P2 energy, point estimates"
9.76194806007921,0.00017251789873199344,0.3148566670631616,"P2 energy, point estimates"
9.7583049687426,0.00017251789873199344,0.31461877007255856,"P2 energy, point estimates"
9.581857760513387,0.00017251789873199344,0.3090281907933865,"P2 energy, point estimates"
9.577755361813672,0.00017251789873199344,0.30879029380278344,"P2 energy, point estimates"
9.352605569563,0.00017251789873199344,0.30165338408469133,"P2 energy, point estimates"
9.34981350819179,0.00025877684809799017,0.30165338408469133,"P2 energy, point estimates"
9.182129543712056,0.00025877684809799017,0.2970143927679315,"P2 energy, point estimates"
9.174787128723185,0.00025877684809799017,0.29677649577732845,"P2 energy, point estimates"
9.158773630293553,0.00025877684809799017,0.2964196502914238,"P2 energy, point estimates"
9.151341533305157,0.0003450357974639869,0.2964196502914238,"P2 energy, point estimates"
9.149352755792691,0.0003450357974639869,0.29618175330082075,"P2 energy, point estimates"
9.146501910872612,0.00043129474682998363,0.29618175330082075,"P2 energy, point estimates"
8.920698239060364,0.00043129474682998363,0.28963958605923634,"P2 energy, point estimates"
8.919421627488944,0.0005175536961959803,0.28963958605923634,"P2 energy, point estimates"
8.906529671946956,0.0005175536961959803,0.2891637920780302,"P2 energy, point estimates"
8.90428723122087,0.0005175536961959803,0.28892589508742716,"P2 energy, point estimates"
8.892693478855122,0.0005175536961959803,0.288212204115618,"P2 energy, point estimates"
8.890106781478416,0.0005175536961959803,0.2879743071250148,"P2 energy, point estimates"
8.86457251186333,0.0005175536961959803,0.28666587367669794,"P2 energy, point estimates"
8.862168703449141,0.0005175536961959803,0.2864279766860949,"P2 energy, point estimates"
8.809546433475099,0.0005175536961959803,0.28488164624717494,"P2 energy, point estimates"
8.803102064007938,0.000603812645561977,0.28488164624717494,"P2 energy, point estimates"
8.684696982307393,0.000603812645561977,0.28131319138812894,"P2 energy, point estimates"
8.684239986966887,0.0006900715949279737,0.28131319138812894,"P2 energy, point estimates"
8.681757186266218,0.0006900715949279737,0.28119424289282735,"P2 energy, point estimates"
8.679971018349548,0.0007763305442939705,0.28119424289282735,"P2 energy, point estimates"
8.561876090095083,0.0007763305442939705,0.2773878910431783,"P2 energy, point estimates"
8.558829206960993,0.0008625894936599673,0.2773878910431783,"P2 energy, point estimates"
8.511221965340923,0.0008625894936599673,0.27631735458546447,"P2 energy, point estimates"
8.51094072246309,0.000948848443025964,0.27631735458546447,"P2 energy, point estimates"
8.475553463860098,0.000948848443025964,0.2748899726418461,"P2 energy, point estimates"
8.472314036904073,0.000948848443025964,0.27465207565124305,"P2 energy, point estimates"
8.448368414517766,0.000948848443025964,0.2737004876888307,"P2 energy, point estimates"
8.44727568693893,0.0010351073923919607,0.2737004876888307,"P2 energy, point estimates"
8.421398529843707,0.0010351073923919607,0.27298679671702153,"P2 energy, point estimates"
8.415383796257721,0.0011213663417579574,0.27298679671702153,"P2 energy, point estimates"
8.318875433412916,0.0011213663417579574,0.2701320328297847,"P2 energy, point estimates"
8.317599873288366,0.001207625291123954,0.2701320328297847,"P2 energy, point estimates"
8.254178797638716,0.001207625291123954,0.26858570239086477,"P2 energy, point estimates"
8.241410088998457,0.001207625291123954,0.2683478054002617,"P2 energy, point estimates"
8.138666604273306,0.001207625291123954,0.26513619602712024,"P2 energy, point estimates"
8.136833037591657,0.001207625291123954,0.2648982990365172,"P2 energy, point estimates"
8.126768345759682,0.001207625291123954,0.2647793505412157,"P2 energy, point estimates"
8.126479001522682,0.0012938842404899508,0.2647793505412157,"P2 energy, point estimates"
8.120929902031762,0.0012938842404899508,0.264184608064708,"P2 energy, point estimates"
8.117726826713348,0.0012938842404899508,0.26394671107410494,"P2 energy, point estimates"
8.102295459176275,0.0012938842404899508,0.2629951231116926,"P2 energy, point estimates"
8.100880512497817,0.0013801431898559475,0.2629951231116926,"P2 energy, point estimates"
8.070679230981206,0.0013801431898559475,0.262400380635185,"P2 energy, point estimates"
8.068868094763204,0.0014664021392219442,0.262400380635185,"P2 energy, point estimates"
8.045123340325365,0.0014664021392219442,0.26156774116807424,"P2 energy, point estimates"
8.043700675700705,0.001552661088587941,0.26156774116807424,"P2 energy, point estimates"
8.022349898080389,0.001552661088587941,0.26097299869156654,"P2 energy, point estimates"
8.021318035766043,0.0016389200379539378,0.26097299869156654,"P2 energy, point estimates"
7.999477531029115,0.0016389200379539378,0.25978351373855124,"P2 energy, point estimates"
7.9988910734730325,0.0017251789873199345,0.25978351373855124,"P2 energy, point estimates"
7.953104387288295,0.0017251789873199345,0.2583561317949328,"P2 energy, point estimates"
7.9489908578252795,0.0018114379366859312,0.2583561317949328,"P2 energy, point estimates"
7.945800890042719,0.0018114379366859312,0.25799928630902824,"P2 energy, point estimates"
7.943601328137639,0.0018114379366859312,0.25776138931842507,"P2 energy, point estimates"
7.93748842020247,0.0018114379366859312,0.257523492327822,"P2 energy, point estimates"
7.935922850921358,0.0018114379366859312,0.25728559533721895,"P2 energy, point estimates"
7.922005325596352,0.0018114379366859312,0.2565719043654098,"P2 energy, point estimates"
7.921596939368719,0.001897696886051928,0.2565719043654098,"P2 energy, point estimates"
7.909823069267162,0.001897696886051928,0.2563340073748067,"P2 energy, point estimates"
7.905509773069511,0.0019839558354179244,0.2563340073748067,"P2 energy, point estimates"
7.891452272609399,0.0019839558354179244,0.25562031640299754,"P2 energy, point estimates"
7.8886315096278,0.0020702147847839214,0.25562031640299754,"P2 energy, point estimates"
7.785129048605622,0.0020702147847839214,0.25240870702985607,"P2 energy, point estimates"
7.77639450448072,0.002156473734149918,0.25240870702985607,"P2 energy, point estimates"
7.59185326985153,0.002156473734149918,0.24765076721779467,"P2 energy, point estimates"
7.578504014628567,0.002156473734149918,0.2474128702271916,"P2 energy, point estimates"
7.55056626733483,0.002156473734149918,0.2462233852741763,"P2 energy, point estimates"
7.543342658675385,0.0022427326835159148,0.2462233852741763,"P2 energy, point estimates"
7.317322580909455,0.0022427326835159148,0.23980016652789338,"P2 energy, point estimates"
7.315690337299728,0.0023289916328819117,0.23980016652789338,"P2 energy, point estimates"
7.2848098211776176,0.0023289916328819117,0.23920542405138578,"P2 energy, point estimates"
7.281456735995153,0.002415250582247908,0.23920542405138578,"P2 energy, point estimates"
7.173319758653015,0.002415250582247908,0.2367075056500535,"P2 energy, point estimates"
7.171554200186526,0.002501509531613905,0.2367075056500535,"P2 energy, point estimates"
7.115304786013098,0.002501509531613905,0.23587486618294273,"P2 energy, point estimates"
7.11220231346417,0.002501509531613905,0.23563696919233967,"P2 energy, point estimates"
7.10407019059798,0.002501509531613905,0.23539907220173661,"P2 energy, point estimates"
7.100725235278894,0.002501509531613905,0.23516117521113356,"P2 energy, point estimates"
7.037557886315476,0.002501509531613905,0.23397169025811826,"P2 energy, point estimates"
7.026295341170119,0.002501509531613905,0.2337337932675152,"P2 energy, point estimates"
6.952827467019816,0.002501509531613905,0.2319495658379922,"P2 energy, point estimates"
6.948556273661673,0.0025877684809799016,0.2319495658379922,"P2 energy, point estimates"
6.919287831515263,0.0025877684809799016,0.23087902938027838,"P2 energy, point estimates"
6.917282289379759,0.0026740274303458985,0.23087902938027838,"P2 energy, point estimates"
6.914621479001418,0.0026740274303458985,0.23064113238967532,"P2 energy, point estimates"
6.899545117241855,0.0026740274303458985,0.23040323539907215,"P2 energy, point estimates"
6.872991657677705,0.0026740274303458985,0.22992744141786603,"P2 energy, point estimates"
6.871313112290551,0.002760286379711895,0.22992744141786603,"P2 energy, point estimates"
6.845563826835296,0.002760286379711895,0.2288569049601522,"P2 energy, point estimates"
6.8443551596282095,0.002846545329077892,0.2288569049601522,"P2 energy, point estimates"
6.7258781868165585,0.002846545329077892,0.2254073985964078,"P2 energy, point estimates"
6.723210158080761,0.002846545329077892,0.22516950160580473,"P2 energy, point estimates"
6.722622906321398,0.0029328042784438884,0.22516950160580473,"P2 energy, point estimates"
6.7168579930569265,0.0029328042784438884,0.22493160461520156,"P2 energy, point estimates"
6.716200911273923,0.0030190632278098853,0.22493160461520156,"P2 energy, point estimates"
6.5912480981392925,0.0030190632278098853,0.22148209825145715,"P2 energy, point estimates"
6.591018389954641,0.0030190632278098853,0.2212442012608541,"P2 energy, point estimates"
6.457795623183564,0.0030190632278098853,0.21838943737361727,"P2 energy, point estimates"
6.457447451639723,0.003105322177175882,0.21838943737361727,"P2 energy, point estimates"
6.416136614470382,0.003105322177175882,0.21731890091590345,"P2 energy, point estimates"
6.413545951345917,0.003105322177175882,0.2170810039253004,"P2 energy, point estimates"
6.360283948203126,0.003105322177175882,0.21553467348638045,"P2 energy, point estimates"
6.35691569581531,0.0031915811265418787,0.21553467348638045,"P2 energy, point estimates"
6.324976256521644,0.0031915811265418787,0.21482098251457116,"P2 energy, point estimates"
6.322658881428339,0.0032778400759078757,0.21482098251457116,"P2 energy, point estimates"
6.21878902020439,0.0032778400759078757,0.21267990959914362,"P2 energy, point estimates"
6.212929018889909,0.003450357974639869,0.21267990959914362,"P2 energy, point estimates"
6.0708184982783635,0.003450357974639869,0.20875460925419298,"P2 energy, point estimates"
6.065218869879924,0.003450357974639869,0.20851671226358992,"P2 energy, point estimates"
6.064001669200749,0.0035366169240058655,0.20851671226358992,"P2 energy, point estimates"
6.042983013895473,0.0035366169240058655,0.20792196978708222,"P2 energy, point estimates"
6.042457785627079,0.0035366169240058655,0.20768407279647916,"P2 energy, point estimates"
6.019010750293553,0.0035366169240058655,0.2074461758058761,"P2 energy, point estimates"
6.016290919494182,0.0036228758733718625,0.2074461758058761,"P2 energy, point estimates"
5.998713581221615,0.0036228758733718625,0.20649458784346375,"P2 energy, point estimates"
5.992676087831503,0.0036228758733718625,0.2062566908528607,"P2 energy, point estimates"
5.992383427832998,0.0036228758733718625,0.20613774235755922,"P2 energy, point estimates"
5.991225399463616,0.003709134822737859,0.20613774235755922,"P2 energy, point estimates"
5.971854427024702,0.003709134822737859,0.20530510289044845,"P2 energy, point estimates"
5.970588815382975,0.003795393772103856,0.20530510289044845,"P2 energy, point estimates"
5.9294908811940275,0.003795393772103856,0.20363982395622693,"P2 energy, point estimates"
5.9249886764528625,0.0038816527214698524,0.20363982395622693,"P2 energy, point estimates"
5.890051769142914,0.0038816527214698524,0.20233139050791005,"P2 energy, point estimates"
5.884946111574308,0.003967911670835849,0.20233139050791005,"P2 energy, point estimates"
5.862213951592775,0.003967911670835849,0.20161769953610087,"P2 energy, point estimates"
5.861522559673915,0.004054170620201846,0.20161769953610087,"P2 energy, point estimates"
5.8561128222847465,0.004054170620201846,0.20149875104079928,"P2 energy, point estimates"
5.826579816612529,0.004140429569567843,0.20149875104079928,"P2 energy, point estimates"
5.717186777077842,0.004140429569567843,0.19828714166765793,"P2 energy, point estimates"
5.709308322353792,0.004312947468299836,0.19828714166765793,"P2 energy, point estimates"
5.686709627714002,0.004312947468299836,0.1978113476864518,"P2 energy, point estimates"
5.678228932365769,0.004399206417665833,0.1978113476864518,"P2 energy, point estimates"
5.6023427918235384,0.004399206417665833,0.19555132627572258,"P2 energy, point estimates"
5.5997532123861795,0.0044854653670318295,0.19555132627572258,"P2 energy, point estimates"
5.5529012831885645,0.0044854653670318295,0.19412394433210423,"P2 energy, point estimates"
5.552595446297403,0.0045717243163978264,0.19412394433210423,"P2 energy, point estimates"
5.507922005615804,0.0045717243163978264,0.19329130486499346,"P2 energy, point estimates"
5.500372055964306,0.0045717243163978264,0.1930534078743904,"P2 energy, point estimates"
5.434105306315136,0.0045717243163978264,0.1912691804448674,"P2 energy, point estimates"
5.432901013113337,0.004657983265763823,0.1912691804448674,"P2 energy, point estimates"
5.354315479078657,0.004657983265763823,0.18817651956702752,"P2 energy, point estimates"
5.3526936724163185,0.004744242215129819,0.18817651956702752,"P2 energy, point estimates"
5.337825291652507,0.004744242215129819,0.1877007255858213,"P2 energy, point estimates"
5.337250012954662,0.004830501164495816,0.1877007255858213,"P2 energy, point estimates"
5.330815933489276,0.004830501164495816,0.18722493160461517,"P2 energy, point estimates"
5.3299008037718,0.004916760113861813,0.18722493160461517,"P2 energy, point estimates"
5.31526994404204,0.004916760113861813,0.1863922921375044,"P2 energy, point estimates"
5.314678367879893,0.004916760113861813,0.18615439514690135,"P2 energy, point estimates"
5.313527776234491,0.004916760113861813,0.18603544665159988,"P2 energy, point estimates"
5.310689064180128,0.00500301906322781,0.18603544665159988,"P2 energy, point estimates"
5.2829955391980725,0.00500301906322781,0.1853217556797907,"P2 energy, point estimates"
5.281109558412702,0.005089278012593806,0.1853217556797907,"P2 energy, point estimates"
5.27478893963125,0.005089278012593806,0.18484596169858447,"P2 energy, point estimates"
5.2706531953552584,0.005175536961959803,0.18484596169858447,"P2 energy, point estimates"
5.265517267227203,0.005175536961959803,0.18425121922207688,"P2 energy, point estimates"
5.259778502823103,0.0052617959113258,0.18425121922207688,"P2 energy, point estimates"
5.173372578301866,0.0052617959113258,0.18211014630664923,"P2 energy, point estimates"
5.170436477027778,0.005348054860691797,0.18211014630664923,"P2 energy, point estimates"
5.164012629455456,0.005348054860691797,0.18187224931604618,"P2 energy, point estimates"
5.149539643973071,0.00552057275942379,0.18187224931604618,"P2 energy, point estimates"
5.133058397920102,0.00552057275942379,0.18163435232544312,"P2 energy, point estimates"
5.126901217594192,0.005693090658155784,0.18163435232544312,"P2 energy, point estimates"
5.053020143643547,0.005693090658155784,0.17973117640061853,"P2 energy, point estimates"
5.048486380143721,0.005779349607521781,0.17973117640061853,"P2 energy, point estimates"
4.995178754722804,0.005779349607521781,0.17794694897109553,"P2 energy, point estimates"
4.994991214828538,0.005865608556887777,0.17794694897109553,"P2 energy, point estimates"
4.984253712141989,0.005865608556887777,0.1774711549898894,"P2 energy, point estimates"
4.981941931318396,0.005951867506253774,0.1774711549898894,"P2 energy, point estimates"
4.892334197287703,0.005951867506253774,0.17616272154157253,"P2 energy, point estimates"
4.887877071690582,0.006038126455619771,0.17616272154157253,"P2 energy, point estimates"
4.833806489013426,0.006038126455619771,0.17497323658855712,"P2 energy, point estimates"
4.82575468373458,0.0061243854049857676,0.17497323658855712,"P2 energy, point estimates"
4.783728368817471,0.0061243854049857676,0.17354585464493877,"P2 energy, point estimates"
4.781993978768526,0.006210644354351764,0.17354585464493877,"P2 energy, point estimates"
4.780710542934948,0.006210644354351764,0.17342690614963718,"P2 energy, point estimates"
4.779598407902185,0.0062969033037177605,0.17342690614963718,"P2 energy, point estimates"
4.73209986839079,0.0062969033037177605,0.17104793624360648,"P2 energy, point estimates"
4.729906929737684,0.0062969033037177605,0.17081003925300342,"P2 energy, point estimates"
4.726714761360093,0.0062969033037177605,0.17057214226240036,"P2 energy, point estimates"
4.7228300979784805,0.0063831622530837575,0.17057214226240036,"P2 energy, point estimates"
4.709255140478213,0.0063831622530837575,0.17021529677649583,"P2 energy, point estimates"
4.704252288337699,0.006469421202449754,0.17021529677649583,"P2 energy, point estimates"
4.597652426319108,0.006469421202449754,0.1661710479362436,"P2 energy, point estimates"
4.597202697803347,0.006555680151815751,0.1661710479362436,"P2 energy, point estimates"
4.540469836590059,0.006555680151815751,0.164267872011419,"P2 energy, point estimates"
4.538697692826208,0.006641939101181747,0.164267872011419,"P2 energy, point estimates"
4.533385626049366,0.006641939101181747,0.16414892351611754,"P2 energy, point estimates"
4.531313694896083,0.006728198050547744,0.16414892351611754,"P2 energy, point estimates"
4.492603380008902,0.006728198050547744,0.16307838705840372,"P2 energy, point estimates"
4.490342215420625,0.006814456999913741,0.16307838705840372,"P2 energy, point estimates"
4.489717203873564,0.006814456999913741,0.16295943856310213,"P2 energy, point estimates"
4.487245138205417,0.006900715949279738,0.16295943856310213,"P2 energy, point estimates"
4.454667463391473,0.006900715949279738,0.16224574759129295,"P2 energy, point estimates"
4.4496760182090895,0.006986974898645734,0.16224574759129295,"P2 energy, point estimates"
4.436377111514318,0.006986974898645734,0.16153205661948378,"P2 energy, point estimates"
4.4335824850790715,0.006986974898645734,0.16129415962888072,"P2 energy, point estimates"
4.241207622209664,0.006986974898645734,0.15689306530272396,"P2 energy, point estimates"
4.239906859285263,0.007073233848011731,0.15689306530272396,"P2 energy, point estimates"
4.17932414643866,0.007073233848011731,0.15498988937789937,"P2 energy, point estimates"
4.169902312775164,0.007159492797377728,0.15498988937789937,"P2 energy, point estimates"
4.153301100808299,0.007159492797377728,0.15403830141548713,"P2 energy, point estimates"
4.152400375082173,0.007245751746743725,0.15403830141548713,"P2 energy, point estimates"
4.134814718250958,0.007245751746743725,0.1535625074342809,"P2 energy, point estimates"
4.131054876169031,0.007332010696109721,0.1535625074342809,"P2 energy, point estimates"
4.1215651821215715,0.007332010696109721,0.15344355893897943,"P2 energy, point estimates"
4.1214416042707995,0.007418269645475718,0.15344355893897943,"P2 energy, point estimates"
4.058528982697098,0.007418269645475718,0.15201617699536096,"P2 energy, point estimates"
4.0574550288210816,0.007504528594841715,0.15201617699536096,"P2 energy, point estimates"
4.0090981471509615,0.007504528594841715,0.15094564053764725,"P2 energy, point estimates"
4.002529538210268,0.007504528594841715,0.15070774354704408,"P2 energy, point estimates"
3.9940770365335467,0.007590787544207712,0.15070774354704408,"P2 energy, point estimates"
3.955468436254371,0.007590787544207712,0.14868561912691802,"P2 energy, point estimates"
3.955328606535657,0.007677046493573709,0.14868561912691802,"P2 energy, point estimates"
3.9491824526704065,0.007677046493573709,0.14844772213631496,"P2 energy, point estimates"
3.9448654875981504,0.007763305442939705,0.14844772213631496,"P2 energy, point estimates"
3.900908307807917,0.007763305442939705,0.14737718567860114,"P2 energy, point estimates"
3.900348470682623,0.007763305442939705,0.14713928868799808,"P2 energy, point estimates"
3.8419579211434396,0.007763305442939705,0.14499821577257044,"P2 energy, point estimates"
3.841444900386339,0.007849564392305702,0.14499821577257044,"P2 energy, point estimates"
3.8120592948006475,0.007849564392305702,0.14416557630545979,"P2 energy, point estimates"
3.8044865682656877,0.007935823341671698,0.14416557630545979,"P2 energy, point estimates"
3.804196666242717,0.007935823341671698,0.1440466278101582,"P2 energy, point estimates"
3.802119185167875,0.008022082291037696,0.1440466278101582,"P2 energy, point estimates"
3.784101106290578,0.008022082291037696,0.14333293683834902,"P2 energy, point estimates"
3.776429393758086,0.008108341240403692,0.14333293683834902,"P2 energy, point estimates"
3.7558339143103474,0.008108341240403692,0.14250029737123826,"P2 energy, point estimates"
3.7532762510375477,0.00819460018976969,0.14250029737123826,"P2 energy, point estimates"
3.7500469651347146,0.00819460018976969,0.14202450339003214,"P2 energy, point estimates"
3.748104891239585,0.00819460018976969,0.14178660639942908,"P2 energy, point estimates"
3.7195951897339405,0.00819460018976969,0.14059712144641368,"P2 energy, point estimates"
3.7088477456295053,0.008280859139135685,0.14059712144641368,"P2 energy, point estimates"
3.699940331855231,0.008280859139135685,0.14012132746520756,"P2 energy, point estimates"
3.6989402016317854,0.008367118088501681,0.14012132746520756,"P2 energy, point estimates"
3.6658007239215564,0.008367118088501681,0.13905079100749373,"P2 energy, point estimates"
3.6636461784592242,0.00845337703786768,0.13905079100749373,"P2 energy, point estimates"
3.639952658299322,0.00845337703786768,0.13833710003568456,"P2 energy, point estimates"
3.6340727954767402,0.008539635987233675,0.13833710003568456,"P2 energy, point estimates"
3.6105381630471953,0.008539635987233675,0.13738551207327232,"P2 energy, point estimates"
3.6096800010941763,0.008625894936599671,0.13738551207327232,"P2 energy, point estimates"
3.60530914254125,0.008625894936599671,0.13702866658736768,"P2 energy, point estimates"
3.5992076758887954,0.008625894936599671,0.13679076959676462,"P2 energy, point estimates"
3.5363221657471833,0.008625894936599671,0.13536338765314615,"P2 energy, point estimates"
3.5341526208712253,0.00871215388596567,0.13536338765314615,"P2 energy, point estimates"
3.517134866915967,0.00871215388596567,0.13488759367194003,"P2 energy, point estimates"
3.516433607777522,0.008798412835331665,0.13488759367194003,"P2 energy, point estimates"
3.5039178937648323,0.008798412835331665,0.1345307481860355,"P2 energy, point estimates"
3.5025162304199355,0.008884671784697663,0.1345307481860355,"P2 energy, point estimates"
3.474992370519697,0.008884671784697663,0.13429285119543233,"P2 energy, point estimates"
3.4667055858823943,0.008970930734063659,0.13429285119543233,"P2 energy, point estimates"
3.456653837524044,0.008970930734063659,0.13405495420482927,"P2 energy, point estimates"
3.4505531722176297,0.009057189683429655,0.13405495420482927,"P2 energy, point estimates"
3.4485335561925936,0.009057189683429655,0.1338170572142262,"P2 energy, point estimates"
3.4126133070866658,0.009057189683429655,0.13227072677530627,"P2 energy, point estimates"
3.40674852984192,0.009143448632795653,0.13227072677530627,"P2 energy, point estimates"
3.389611740097301,0.009143448632795653,0.1314380873081955,"P2 energy, point estimates"
3.3861073684538354,0.009229707582161649,0.1314380873081955,"P2 energy, point estimates"
3.3375464978255422,0.009229707582161649,0.12953491138337103,"P2 energy, point estimates"
3.336386494779589,0.009315966531527647,0.12953491138337103,"P2 energy, point estimates"
3.3249143921292053,0.009315966531527647,0.1290591174021649,"P2 energy, point estimates"
3.32268834252004,0.009402225480893643,0.1290591174021649,"P2 energy, point estimates"
3.3121971237687866,0.009402225480893643,0.12894016890686333,"P2 energy, point estimates"
3.301618503957556,0.009488484430259639,0.12894016890686333,"P2 energy, point estimates"
3.2645482683611142,0.009488484430259639,0.1279885809444511,"P2 energy, point estimates"
3.2590891566390425,0.009574743379625637,0.1279885809444511,"P2 energy, point estimates"
3.2568370724844016,0.009574743379625637,0.1278696324491495,"P2 energy, point estimates"
3.253314070855602,0.009661002328991633,0.1278696324491495,"P2 energy, point estimates"
3.2477940875371267,0.009661002328991633,0.12751278696324486,"P2 energy, point estimates"
3.2450690265591646,0.00974726127835763,0.12751278696324486,"P2 energy, point estimates"
3.237815183609115,0.00974726127835763,0.12715594147734033,"P2 energy, point estimates"
3.2284395360242826,0.009833520227723627,0.12715594147734033,"P2 energy, point estimates"
3.2211028083524518,0.009833520227723627,0.12679909599143568,"P2 energy, point estimates"
3.209727384781118,0.01000603812645562,0.12679909599143568,"P2 energy, point estimates"
3.1595273361788188,0.01000603812645562,0.12442012608540498,"P2 energy, point estimates"
3.1544996302111397,0.010092297075821616,0.12442012608540498,"P2 energy, point estimates"
3.120372058747762,0.010092297075821616,0.1231116926370881,"P2 energy, point estimates"
3.116447650651345,0.010351073923919606,0.1231116926370881,"P2 energy, point estimates"
3.0791173838144417,0.010351073923919606,0.12156536219816816,"P2 energy, point estimates"
3.0765740623796276,0.010437332873285604,0.12156536219816816,"P2 energy, point estimates"
3.0728095494625283,0.010437332873285604,0.12144641370286668,"P2 energy, point estimates"
3.0726529694191065,0.010437332873285604,0.12120851671226363,"P2 energy, point estimates"
2.94767787553182,0.010437332873285604,0.11645057690020222,"P2 energy, point estimates"
2.9465944172152128,0.010437332873285604,0.11621267990959916,"P2 energy, point estimates"
2.9455767167032505,0.010437332873285604,0.11609373141429757,"P2 energy, point estimates"
2.941000274792138,0.0105235918226516,0.11609373141429757,"P2 energy, point estimates"
2.9268290295687933,0.0105235918226516,0.11561793743309146,"P2 energy, point estimates"
2.9058046932549217,0.010609850772017596,0.11561793743309146,"P2 energy, point estimates"
2.87840359501552,0.010609850772017596,0.11502319495658375,"P2 energy, point estimates"
2.8728498394038127,0.010868627620115588,0.11502319495658375,"P2 energy, point estimates"
2.8721271989079824,0.010868627620115588,0.11490424646128228,"P2 energy, point estimates"
2.868302642251031,0.010954886569481584,0.11490424646128228,"P2 energy, point estimates"
2.8149608850894268,0.010954886569481584,0.11312001903175928,"P2 energy, point estimates"
2.813360092297785,0.01104114551884758,0.11312001903175928,"P2 energy, point estimates"
2.781148331697871,0.01104114551884758,0.11216843106934693,"P2 energy, point estimates"
2.776173786466277,0.011213663417579574,0.11216843106934693,"P2 energy, point estimates"
2.754504333300762,0.011213663417579574,0.11193053407874387,"P2 energy, point estimates"
2.7524207939727106,0.01129992236694557,0.11193053407874387,"P2 energy, point estimates"
2.718421080686614,0.01129992236694557,0.11109789461163311,"P2 energy, point estimates"
2.707498273708346,0.011386181316311568,0.11109789461163311,"P2 energy, point estimates"
2.672588376158238,0.011386181316311568,0.10967051266801475,"P2 energy, point estimates"
2.6639558262164016,0.011472440265677564,0.10967051266801475,"P2 energy, point estimates"
2.6092803383192162,0.011472440265677564,0.10776733674319017,"P2 energy, point estimates"
2.608671905263332,0.011558699215043561,0.10776733674319017,"P2 energy, point estimates"
2.590995859666357,0.011558699215043561,0.10729154276198405,"P2 energy, point estimates"
2.5880421243703964,0.011644958164409558,0.10729154276198405,"P2 energy, point estimates"
2.5444706215905555,0.011644958164409558,0.10669680028547635,"P2 energy, point estimates"
2.541964834422984,0.011731217113775554,0.10669680028547635,"P2 energy, point estimates"
2.517844272376415,0.011731217113775554,0.10562626382776263,"P2 energy, point estimates"
2.5048088150416206,0.011817476063141551,0.10562626382776263,"P2 energy, point estimates"
2.4828853364887316,0.011817476063141551,0.1051504698465564,"P2 energy, point estimates"
2.4814177373119364,0.011903735012507547,0.1051504698465564,"P2 energy, point estimates"
2.471358376073841,0.011903735012507547,0.10491257285595335,"P2 energy, point estimates"
2.4703736302051134,0.011989993961873545,0.10491257285595335,"P2 energy, point estimates"
2.468997860763828,0.011989993961873545,0.10479362436065187,"P2 energy, point estimates"
2.4598310285992184,0.012076252911239541,0.10479362436065187,"P2 energy, point estimates"
2.4329713864234606,0.012076252911239541,0.10419888188414417,"P2 energy, point estimates"
2.4285338414625315,0.012162511860605537,0.10419888188414417,"P2 energy, point estimates"
2.425807124155668,0.012162511860605537,0.10407993338884258,"P2 energy, point estimates"
2.4179196015538835,0.012248770809971535,0.10407993338884258,"P2 energy, point estimates"
2.4092495424978893,0.012248770809971535,0.10372308790293805,"P2 energy, point estimates"
2.395768072289856,0.012421288708703527,0.10372308790293805,"P2 energy, point estimates"
2.3877788976549255,0.012421288708703527,0.1033662424170334,"P2 energy, point estimates"
2.3825532093304176,0.012421288708703527,0.10312834542643035,"P2 energy, point estimates"
2.3803036545577463,0.012421288708703527,0.10289044843582729,"P2 energy, point estimates"
2.3772333174238547,0.012507547658069525,0.10289044843582729,"P2 energy, point estimates"
2.366429514951303,0.012507547658069525,0.10253360294992264,"P2 energy, point estimates"
2.362512602679132,0.012593806607435521,0.10253360294992264,"P2 energy, point estimates"
2.358642294165385,0.012593806607435521,0.10217675746401811,"P2 energy, point estimates"
2.355400249568163,0.012680065556801519,0.10217675746401811,"P2 energy, point estimates"
2.3454049852623555,0.012680065556801519,0.10193886047341505,"P2 energy, point estimates"
2.3432206257221715,0.012766324506167515,0.10193886047341505,"P2 energy, point estimates"
2.300439243666805,0.012766324506167515,0.10122516950160576,"P2 energy, point estimates"
2.2991666319177178,0.012852583455533511,0.10122516950160576,"P2 energy, point estimates"
2.280054403720456,0.012852583455533511,0.10039253003449511,"P2 energy, point estimates"
2.276553905573568,0.012938842404899509,0.10039253003449511,"P2 energy, point estimates"
2.265950921582835,0.012938842404899509,0.0997977875579874,"P2 energy, point estimates"
2.2637907149779295,0.013025101354265505,0.0997977875579874,"P2 energy, point estimates"
2.2479762374901906,0.013025101354265505,0.09944094207208276,"P2 energy, point estimates"
2.2462121341439563,0.013111360303631503,0.09944094207208276,"P2 energy, point estimates"
2.2424665582605883,0.013111360303631503,0.0992030450814797,"P2 energy, point estimates"
2.232994113458169,0.013197619252997499,0.0992030450814797,"P2 energy, point estimates"
2.212382385677394,0.013197619252997499,0.09872725110027358,"P2 energy, point estimates"
2.2100126411427095,0.013283878202363495,0.09872725110027358,"P2 energy, point estimates"
2.184659192941762,0.013283878202363495,0.09718092066135364,"P2 energy, point estimates"
2.1843541621747065,0.013370137151729493,0.09718092066135364,"P2 energy, point estimates"
2.1763272301658816,0.013370137151729493,0.09670512668014752,"P2 energy, point estimates"
2.1756530367627462,0.013456396101095489,0.09670512668014752,"P2 energy, point estimates"
2.137496058570651,0.013456396101095489,0.09551564172713212,"P2 energy, point estimates"
2.132766142166595,0.013715172949193478,0.09551564172713212,"P2 energy, point estimates"
2.108854134985421,0.013715172949193478,0.09492089925062452,"P2 energy, point estimates"
2.085804812238564,0.014060208746657466,0.09492089925062452,"P2 energy, point estimates"
2.0647540921898795,0.014060208746657466,0.09420720827881524,"P2 energy, point estimates"
2.061890194785164,0.014146467696023462,0.09420720827881524,"P2 energy, point estimates"
2.0617658966949293,0.014146467696023462,0.09396931128821218,"P2 energy, point estimates"
2.0307930412166897,0.014146467696023462,0.09349351730700606,"P2 energy, point estimates"
2.0262611240719117,0.014146467696023462,0.093255620316403,"P2 energy, point estimates"
2.0048896654967265,0.014146467696023462,0.09230403235399076,"P2 energy, point estimates"
2.000005499949957,0.01423272664538946,0.09230403235399076,"P2 energy, point estimates"
1.994165909901863,0.01423272664538946,0.0920661353633877,"P2 energy, point estimates"
1.9935485983140069,0.014318985594755456,0.0920661353633877,"P2 energy, point estimates"
1.9766934176085869,0.014318985594755456,0.09135244439157841,"P2 energy, point estimates"
1.971448378942199,0.014405244544121452,0.09135244439157841,"P2 energy, point estimates"
1.9385693400391197,0.014405244544121452,0.09075770191507082,"P2 energy, point estimates"
1.9151807480294725,0.014577762442853446,0.09075770191507082,"P2 energy, point estimates"
1.914783501825827,0.014577762442853446,0.09063875341976924,"P2 energy, point estimates"
1.9138093470554054,0.014664021392219442,0.09063875341976924,"P2 energy, point estimates"
1.9132409556324177,0.014664021392219442,0.09051980492446765,"P2 energy, point estimates"
1.904210950524245,0.014922798240317434,0.09051980492446765,"P2 energy, point estimates"
1.9026874291257911,0.014922798240317434,0.09040085642916618,"P2 energy, point estimates"
1.901273155613925,0.01500905718968343,0.09040085642916618,"P2 energy, point estimates"
1.8841508081066962,0.01500905718968343,0.08980611395265847,"P2 energy, point estimates"
1.8830712561643033,0.015095316139049426,0.08980611395265847,"P2 energy, point estimates"
1.8648197625372305,0.015095316139049426,0.08933031997145235,"P2 energy, point estimates"
1.8625940392564289,0.015181575088415424,0.08933031997145235,"P2 energy, point estimates"
1.8465124554263213,0.015181575088415424,0.08897347448554771,"P2 energy, point estimates"
1.8414634414806343,0.01526783403778142,0.08897347448554771,"P2 energy, point estimates"
1.8234675203569495,0.01526783403778142,0.08814083501843706,"P2 energy, point estimates"
1.8217104236479198,0.015354092987147417,0.08814083501843706,"P2 energy, point estimates"
1.7894233545191796,0.015354092987147417,0.08742714404662777,"P2 energy, point estimates"
1.777555763315494,0.01552661088587941,0.08742714404662777,"P2 energy, point estimates"
1.756372748885454,0.01552661088587941,0.08683240157012018,"P2 energy, point estimates"
1.754139282637837,0.015699128784611403,0.08683240157012018,"P2 energy, point estimates"
1.7520009885939523,0.015699128784611403,0.08671345307481859,"P2 energy, point estimates"
1.75144164230435,0.0157853877339774,0.08671345307481859,"P2 energy, point estimates"
1.7243559955114378,0.0157853877339774,0.08588081360770783,"P2 energy, point estimates"
1.7167214298731608,0.015871646683343395,0.08588081360770783,"P2 energy, point estimates"
1.706349024400673,0.015871646683343395,0.08540501962650171,"P2 energy, point estimates"
1.7033654292731129,0.015957905632709393,0.08540501962650171,"P2 energy, point estimates"
1.6861719489132092,0.015957905632709393,0.08457238015939095,"P2 energy, point estimates"
1.6845044758607628,0.01604416458207539,0.08457238015939095,"P2 energy, point estimates"
1.6807988683749286,0.01604416458207539,0.08421553467348641,"P2 energy, point estimates"
1.6791027718156286,0.016130423531441385,0.08421553467348641,"P2 energy, point estimates"
1.662535374373853,0.016130423531441385,0.0837397406922803,"P2 energy, point estimates"
1.6576461687884425,0.016216682480807383,0.0837397406922803,"P2 energy, point estimates"
1.6501839871591812,0.016216682480807383,0.08326394671107407,"P2 energy, point estimates"
1.6474832158557007,0.01630294143017338,0.08326394671107407,"P2 energy, point estimates"
1.6330219634322987,0.01630294143017338,0.08266920423456647,"P2 energy, point estimates"
1.6329739364532116,0.01638920037953938,0.08266920423456647,"P2 energy, point estimates"
1.6315656052625016,0.01638920037953938,0.08243130724396341,"P2 energy, point estimates"
1.6254086191698178,0.016475459328905373,0.08243130724396341,"P2 energy, point estimates"
1.5461132866005087,0.016475459328905373,0.08040918282383724,"P2 energy, point estimates"
1.5443904821302183,0.01656171827827137,0.08040918282383724,"P2 energy, point estimates"
1.527398347532401,0.01656171827827137,0.07981444034732965,"P2 energy, point estimates"
1.5257560781332309,0.01664797722763737,0.07981444034732965,"P2 energy, point estimates"
1.5120325768572513,0.01664797722763737,0.07945759486142501,"P2 energy, point estimates"
1.510202174152294,0.016734236177003363,0.07945759486142501,"P2 energy, point estimates"
1.472700228075709,0.016734236177003363,0.07838705840371119,"P2 energy, point estimates"
1.4694327469293214,0.01682049512636936,0.07838705840371119,"P2 energy, point estimates"
1.4663760388405649,0.01682049512636936,0.07814916141310813,"P2 energy, point estimates"
1.4186561885803357,0.01682049512636936,0.07672177946948966,"P2 energy, point estimates"
1.409371223506973,0.01707927197446735,0.07672177946948966,"P2 energy, point estimates"
1.3934144220393918,0.01707927197446735,0.07636493398358513,"P2 energy, point estimates"
1.3840461753144169,0.01707927197446735,0.07612703699298207,"P2 energy, point estimates"
1.3586115474889553,0.01707927197446735,0.07541334602117278,"P2 energy, point estimates"
1.356415634168279,0.01716553092383335,0.07541334602117278,"P2 energy, point estimates"
1.3484772965296479,0.01716553092383335,0.07517544903056972,"P2 energy, point estimates"
1.3337835354780978,0.017251789873199343,0.07517544903056972,"P2 energy, point estimates"
1.2962343166625665,0.017251789873199343,0.07434280956345907,"P2 energy, point estimates"
1.2790369279670415,0.017683084620029328,0.07434280956345907,"P2 energy, point estimates"
1.2614588907544366,0.017683084620029328,0.07398596407755442,"P2 energy, point estimates"
1.2555946691834947,0.017769343569395326,0.07398596407755442,"P2 energy, point estimates"
1.254123274700273,0.017769343569395326,0.07374806708695136,"P2 energy, point estimates"
1.2528571522466585,0.01785560251876132,0.07374806708695136,"P2 energy, point estimates"
1.251576275504295,0.01785560251876132,0.07362911859164978,"P2 energy, point estimates"
1.2503168757422713,0.017941861468127318,0.07362911859164978,"P2 energy, point estimates"
1.2391296054787446,0.017941861468127318,0.07339122160104672,"P2 energy, point estimates"
1.2373072213073346,0.018028120417493316,0.07339122160104672,"P2 energy, point estimates"
1.220186374899015,0.018028120417493316,0.07279647912453913,"P2 energy, point estimates"
1.218196258790151,0.01811437936685931,0.07279647912453913,"P2 energy, point estimates"
1.1456524868228257,0.01811437936685931,0.07089330319971454,"P2 energy, point estimates"
1.144999501869151,0.018200638316225308,0.07089330319971454,"P2 energy, point estimates"
1.1438371343295621,0.018200638316225308,0.07065540620911148,"P2 energy, point estimates"
1.1255204704008577,0.018286897265591306,0.07065540620911148,"P2 energy, point estimates"
1.115589943643716,0.018286897265591306,0.07029856072320684,"P2 energy, point estimates"
1.107942780503656,0.0183731562149573,0.07029856072320684,"P2 energy, point estimates"
1.0337409916909621,0.0183731562149573,0.06863328178898542,"P2 energy, point estimates"
1.0334478998685626,0.018459415164323298,0.06863328178898542,"P2 energy, point estimates"
1.029336172127529,0.018459415164323298,0.06851433329368384,"P2 energy, point estimates"
1.0284774366325635,0.018545674113689296,0.06851433329368384,"P2 energy, point estimates"
1.0250058083078208,0.018718192012421288,0.06851433329368384,"P2 energy, point estimates"
1.0138321062048572,0.018718192012421288,0.06839538479838225,"P2 energy, point estimates"
1.0129415604955838,0.018804450961787286,0.06839538479838225,"P2 energy, point estimates"
1.0105524829493788,0.018804450961787286,0.0681574878077792,"P2 energy, point estimates"
1.004898699988388,0.018890709911153283,0.0681574878077792,"P2 energy, point estimates"
1.0022830384290131,0.018890709911153283,0.06803853931247772,"P2 energy, point estimates"
0.9989442805985966,0.018976968860519278,0.06803853931247772,"P2 energy, point estimates"
0.9969882419180145,0.018976968860519278,0.06791959081717613,"P2 energy, point estimates"
0.9965210983124173,0.019063227809885275,0.06791959081717613,"P2 energy, point estimates"
0.9915126873681075,0.019063227809885275,0.06780064232187466,"P2 energy, point estimates"
0.988137529936651,0.019149486759251273,0.06780064232187466,"P2 energy, point estimates"
0.9669796797132335,0.019149486759251273,0.06744379683597002,"P2 energy, point estimates"
0.9593932916888406,0.019235745708617268,0.06744379683597002,"P2 energy, point estimates"
0.9570021892461504,0.019235745708617268,0.06732484834066854,"P2 energy, point estimates"
0.953343827135825,0.019408263607349263,0.06732484834066854,"P2 energy, point estimates"
0.9199309021259197,0.019408263607349263,0.06649220887355778,"P2 energy, point estimates"
0.9173459026527659,0.019580781506081255,0.06649220887355778,"P2 energy, point estimates"
0.916904942714055,0.019580781506081255,0.0663732603782562,"P2 energy, point estimates"
0.9168349190530947,0.019667040455447253,0.0663732603782562,"P2 energy, point estimates"
0.8821824389284352,0.019667040455447253,0.06542167241584396,"P2 energy, point estimates"
0.8731051277479978,0.019925817303545243,0.06542167241584396,"P2 energy, point estimates"
0.8577533591801227,0.019925817303545243,0.06482692993933625,"P2 energy, point estimates"
0.855970569626809,0.02001207625291124,0.06482692993933625,"P2 energy, point estimates"
0.8508819006186172,0.02001207625291124,0.0645890329487332,"P2 energy, point estimates"
0.8502155177747213,0.020098335202277235,0.0645890329487332,"P2 energy, point estimates"
0.8388218085956183,0.020098335202277235,0.06399429047222549,"P2 energy, point estimates"
0.8334587591329665,0.020184594151643233,0.06399429047222549,"P2 energy, point estimates"
0.8297267630134115,0.020184594151643233,0.06387534197692402,"P2 energy, point estimates"
0.8233440169540671,0.020443370999741223,0.06387534197692402,"P2 energy, point estimates"
0.8222663779764776,0.020443370999741223,0.06375639348162243,"P2 energy, point estimates"
0.8162046816313691,0.020702147847839213,0.06375639348162243,"P2 energy, point estimates"
0.808766698399932,0.020702147847839213,0.06351849649101937,"P2 energy, point estimates"
0.8074898901097143,0.020874665746571208,0.06351849649101937,"P2 energy, point estimates"
0.8072584922160431,0.020874665746571208,0.0633995479957179,"P2 energy, point estimates"
0.7906096159696219,0.021133442594669198,0.0633995479957179,"P2 energy, point estimates"
0.7833541728626159,0.021133442594669198,0.06316165100511484,"P2 energy, point estimates"
0.7766857053185419,0.021392219442767188,0.06316165100511484,"P2 energy, point estimates"
0.7676882947209975,0.021392219442767188,0.06268585702390861,"P2 energy, point estimates"
0.755707836665561,0.021650996290865178,0.06268585702390861,"P2 energy, point estimates"
0.7496556929403795,0.021650996290865178,0.06221006304270249,"P2 energy, point estimates"
0.7468473460678915,0.021737255240231176,0.06221006304270249,"P2 energy, point estimates"
0.746634924400766,0.021737255240231176,0.062091114547401016,"P2 energy, point estimates"
0.7448112869710215,0.021909773138963168,0.062091114547401016,"P2 energy, point estimates"
0.7419877193086535,0.021909773138963168,0.06185321755679796,"P2 energy, point estimates"
0.7339073416920563,0.022254808936427155,0.06185321755679796,"P2 energy, point estimates"
0.7317379095394543,0.022254808936427155,0.06173426906149637,"P2 energy, point estimates"
0.7158070684059723,0.02234106788579315,0.06173426906149637,"P2 energy, point estimates"
0.7095786592776534,0.02234106788579315,0.06161532056619479,"P2 energy, point estimates"
0.7066258222756954,0.022427326835159148,0.06161532056619479,"P2 energy, point estimates"
0.6973738714995186,0.022427326835159148,0.06113952658498867,"P2 energy, point estimates"
0.6891020902459992,0.022513585784525145,0.06113952658498867,"P2 energy, point estimates"
0.6880816025666867,0.022513585784525145,0.061020578089687194,"P2 energy, point estimates"
0.6827321968342375,0.02259984473389114,0.061020578089687194,"P2 energy, point estimates"
0.6776592685216798,0.02259984473389114,0.060782681099084135,"P2 energy, point estimates"
0.6762781007227332,0.022686103683257137,0.060782681099084135,"P2 energy, point estimates"
0.6717399632760959,0.022686103683257137,0.06066373260378255,"P2 energy, point estimates"
0.6706304485668966,0.022772362632623135,0.06066373260378255,"P2 energy, point estimates"
0.6661040509108105,0.022772362632623135,0.060306887117877905,"P2 energy, point estimates"
0.6567775251333217,0.022944880531355127,0.060306887117877905,"P2 energy, point estimates"
0.6565841352304105,0.022944880531355127,0.06018793862257643,"P2 energy, point estimates"
0.6547753227109894,0.023031139480721125,0.06018793862257643,"P2 energy, point estimates"
0.6478956242725502,0.023031139480721125,0.05983109313667179,"P2 energy, point estimates"
0.6463434383278184,0.023117398430087123,0.05983109313667179,"P2 energy, point estimates"
0.6361509641218852,0.023117398430087123,0.05959319614606873,"P2 energy, point estimates"
0.6275516830510313,0.023289916328819115,0.05959319614606873,"P2 energy, point estimates"
0.6176817810869366,0.023289916328819115,0.059236350660164194,"P2 energy, point estimates"
0.6110663247478065,0.023376175278185113,0.059236350660164194,"P2 energy, point estimates"
0.6106716476639065,0.023376175278185113,0.05911740216486261,"P2 energy, point estimates"
0.6026362580098734,0.023548693176917105,0.05911740216486261,"P2 energy, point estimates"
0.5896320463408316,0.023548693176917105,0.058760556678957965,"P2 energy, point estimates"
0.585973986726458,0.023634952126283103,0.058760556678957965,"P2 energy, point estimates"
0.5720058438385891,0.023634952126283103,0.05804686570714879,"P2 energy, point estimates"
0.5684485899629195,0.023721211075649097,0.05804686570714879,"P2 energy, point estimates"
0.5579799846365425,0.023721211075649097,0.05757107172594267,"P2 energy, point estimates"
0.5457626813174556,0.02397998792374709,0.05757107172594267,"P2 energy, point estimates"
0.5338223469873284,0.02397998792374709,0.05709527774473655,"P2 energy, point estimates"
0.5237873770574772,0.024066246873113085,0.05709527774473655,"P2 energy, point estimates"
0.5223753429335041,0.024066246873113085,0.056976329249434965,"P2 energy, point estimates"
0.5208802730791291,0.02423876477184508,0.056976329249434965,"P2 energy, point estimates"
0.5184751793254918,0.02423876477184508,0.056738432258831906,"P2 energy, point estimates"
0.5086552751834112,0.024411282670577072,0.056738432258831906,"P2 energy, point estimates"
0.47881230181564405,0.024411282670577072,0.05638158677292737,"P2 energy, point estimates"
0.46729394305600636,0.02449754161994307,0.05638158677292737,"P2 energy, point estimates"
0.4662765855777238,0.02449754161994307,0.05626263827762579,"P2 energy, point estimates"
0.455903971282396,0.024670059518675062,0.05626263827762579,"P2 energy, point estimates"
0.44868260677151284,0.024670059518675062,0.05602474128702273,"P2 energy, point estimates"
0.4464506344691799,0.02475631846804106,0.05602474128702273,"P2 energy, point estimates"
0.4373533469658497,0.02475631846804106,0.05578684429641967,"P2 energy, point estimates"
0.4301549971747747,0.02501509531613905,0.05578684429641967,"P2 energy, point estimates"
0.38918800032787004,0.02501509531613905,0.05483525633400732,"P2 energy, point estimates"
0.38111215613260185,0.025101354265505048,0.05483525633400732,"P2 energy, point estimates"
0.3655416866219561,0.025101354265505048,0.0543594623528012,"P2 energy, point estimates"
0.362700889055219,0.025187613214871042,0.0543594623528012,"P2 energy, point estimates"
0.3456593061458335,0.025187613214871042,0.053883668371595084,"P2 energy, point estimates"
0.3420202318778287,0.025360131113603038,0.053883668371595084,"P2 energy, point estimates"
0.3325764441546113,0.025360131113603038,0.05376471987629361,"P2 energy, point estimates"
0.328534377971458,0.025446390062969032,0.05376471987629361,"P2 energy, point estimates"
0.3283256717309655,0.025446390062969032,0.053645771380992024,"P2 energy, point estimates"
0.3272134683682424,0.025446390062969032,0.053407874390388965,"P2 energy, point estimates"
0.3228642106046493,0.025446390062969032,0.05328892589508738,"P2 energy, point estimates"
0.3211115625801,0.02553264901233503,0.05328892589508738,"P2 energy, point estimates"
0.31963991740092723,0.02553264901233503,0.053169977399785906,"P2 energy, point estimates"
0.31866151171403523,0.025618907961701028,0.053169977399785906,"P2 energy, point estimates"
0.3183773663395897,0.025618907961701028,0.05305102890448432,"P2 energy, point estimates"
0.307886972105166,0.02579142586043302,0.05305102890448432,"P2 energy, point estimates"
0.3025801016844909,0.02579142586043302,0.05293208040918285,"P2 energy, point estimates"
0.3023111600634252,0.025877684809799018,0.05293208040918285,"P2 energy, point estimates"
0.29628449603199414,0.025877684809799018,0.05281313191388126,"P2 energy, point estimates"
0.29037384569523184,0.02605020270853101,0.05281313191388126,"P2 energy, point estimates"
0.2855505361564994,0.02605020270853101,0.05269418341857979,"P2 energy, point estimates"
0.2829998763404049,0.026136461657897007,0.05269418341857979,"P2 energy, point estimates"
0.2781679994737516,0.026136461657897007,0.0525752349232782,"P2 energy, point estimates"
0.2749877722716896,0.026308979556629,0.0525752349232782,"P2 energy, point estimates"
0.27015666633830193,0.026308979556629,0.05245628642797673,"P2 energy, point estimates"
0.26815294821960656,0.026395238505994997,0.05245628642797673,"P2 energy, point estimates"
0.2509317684128085,0.026395238505994997,0.05221838943737367,"P2 energy, point estimates"
0.24921529407326304,0.026481497455360995,0.05221838943737367,"P2 energy, point estimates"
0.24269085802280443,0.026481497455360995,0.052099440942072084,"P2 energy, point estimates"
0.2180403043172916,0.026740274303458985,0.052099440942072084,"P2 energy, point estimates"
0.21779584692973586,0.026740274303458985,0.0519804924467705,"P2 energy, point estimates"
0.21766095561118703,0.02682653325282498,0.0519804924467705,"P2 energy, point estimates"
0.21584062210899901,0.02682653325282498,0.05174259545616744,"P2 energy, point estimates"
0.21299594884138173,0.026912792202190977,0.05174259545616744,"P2 energy, point estimates"
0.21282003801247384,0.026912792202190977,0.051623646960865965,"P2 energy, point estimates"
0.21221312249048196,0.026999051151556975,0.051623646960865965,"P2 energy, point estimates"
0.20751097005086194,0.026999051151556975,0.05150469846556438,"P2 energy, point estimates"
0.20075338811064825,0.02708531010092297,0.05150469846556438,"P2 energy, point estimates"
0.18400489924121644,0.02708531010092297,0.05102890448435826,"P2 energy, point estimates"
0.1799688733875655,0.027171569050288967,0.05102890448435826,"P2 energy, point estimates"
0.17520207351140726,0.027171569050288967,0.0507910074937552,"P2 energy, point estimates"
0.1719363739691886,0.027257827999654965,0.0507910074937552,"P2 energy, point estimates"
0.1625742719604304,0.027257827999654965,0.05043416200785056,"P2 energy, point estimates"
0.16217147441272317,0.027344086949020963,0.05043416200785056,"P2 energy, point estimates"
0.15820524323441099,0.027344086949020963,0.050315213512549084,"P2 energy, point estimates"
0.1575753124343393,0.027430345898386957,0.050315213512549084,"P2 energy, point estimates"
0.1553726740954744,0.027430345898386957,0.0501962650172475,"P2 energy, point estimates"
0.1388334188072431,0.027602863797118952,0.0501962650172475,"P2 energy, point estimates"
0.13662428085687495,0.027602863797118952,0.050077316521946025,"P2 energy, point estimates"
0.13120419785313686,0.027775381695850945,0.050077316521946025,"P2 energy, point estimates"
0.1306516166565217,0.027775381695850945,0.04995836802664444,"P2 energy, point estimates"
0.12715430837414488,0.027861640645216942,0.04995836802664444,"P2 energy, point estimates"
0.1073228192944029,0.027861640645216942,0.04972047103604138,"P2 energy, point estimates"
0.10440072429296521,0.027947899594582937,0.04972047103604138,"P2 energy, point estimates"
0.09201275318830682,0.027947899594582937,0.049363625550136736,"P2 energy, point estimates"
0.09170348159778996,0.028034158543948934,0.049363625550136736,"P2 energy, point estimates"
0.07918688271785257,0.028034158543948934,0.04912572855953368,"P2 energy, point estimates"
0.07713655887032189,0.028120417493314932,0.04912572855953368,"P2 energy, point estimates"
0.07176273252637344,0.028120417493314932,0.04888783156893062,"P2 energy, point estimates"
0.060116963972561166,0.028206676442680927,0.04888783156893062,"P2 energy, point estimates"
0.05924792016043057,0.028206676442680927,0.04876888307362914,"P2 energy, point estimates"
0.043282857355897875,0.02846545329077892,0.04876888307362914,"P2 energy, point estimates"
0.03436334954781728,0.02846545329077892,0.0484120375877245,"P2 energy, point estimates"
0.002669028257351158,0.028896748037608902,0.0484120375877245,"P2 energy, point estimates"
0.0018726800443502611,0.028896748037608902,0.048293089092423025,"P2 energy, point estimates"
-0.006405156812000712,0.029155524885706892,0.048293089092423025,"P2 energy, point estimates"
-0.012590994727325722,0.029155524885706892,0.04817414059712144,"P2 energy, point estimates"
-0.017832185304889947,0.02924178383507289,0.04817414059712144,"P2 energy, point estimates"
-0.017937609560698675,0.02924178383507289,0.048055192101819966,"P2 energy, point estimates"
-0.0390201548048239,0.029328042784438884,0.048055192101819966,"P2 energy, point estimates"
-0.04426876809615976,0.029328042784438884,0.04793624360651838,"P2 energy, point estimates"
-0.05438371515140972,0.02950056068317088,0.04793624360651838,"P2 energy, point estimates"
-0.07050069079794952,0.02950056068317088,0.04769834661591532,"P2 energy, point estimates"
-0.07444739020439783,0.02967307858190287,0.04769834661591532,"P2 energy, point estimates"
-0.07745319016612484,0.02967307858190287,0.047579398120613736,"P2 energy, point estimates"
-0.08546689267803487,0.02975933753126887,0.047579398120613736,"P2 energy, point estimates"
-0.09500155428542811,0.02975933753126887,0.04746044962531226,"P2 energy, point estimates"
-0.09591867835758094,0.029845596480634867,0.04746044962531226,"P2 energy, point estimates"
-0.09986072544700164,0.029845596480634867,0.0472225526347092,"P2 energy, point estimates"
-0.10779658615788179,0.02993185543000086,0.0472225526347092,"P2 energy, point estimates"
-0.1280821729580488,0.02993185543000086,0.0466278101582015,"P2 energy, point estimates"
-0.12852910577596077,0.03001811437936686,0.0466278101582015,"P2 energy, point estimates"
-0.1358750494570451,0.03001811437936686,0.04615201617699538,"P2 energy, point estimates"
-0.13618197021161293,0.030104373328732857,0.04615201617699538,"P2 energy, point estimates"
-0.14612246721888766,0.030104373328732857,0.04591411918639232,"P2 energy, point estimates"
-0.14753981193197063,0.03019063227809885,0.04591411918639232,"P2 energy, point estimates"
-0.1804125627742792,0.03019063227809885,0.045795170691090736,"P2 energy, point estimates"
-0.18089801907527203,0.03027689122746485,0.045795170691090736,"P2 energy, point estimates"
-0.18406298717309255,0.03027689122746485,0.04567622219578926,"P2 energy, point estimates"
-0.18590527185835626,0.030363150176830847,0.04567622219578926,"P2 energy, point estimates"
-0.18860241430222402,0.030363150176830847,0.04555727370048768,"P2 energy, point estimates"
-0.19880242919084168,0.030621927024928837,0.04555727370048768,"P2 energy, point estimates"
-0.20573673260290093,0.030621927024928837,0.0454383252051862,"P2 energy, point estimates"
-0.20810955725758618,0.030621927024928837,0.04520042821458303,"P2 energy, point estimates"
-0.22062645229991773,0.030880703873026827,0.04520042821458303,"P2 energy, point estimates"
-0.22250376990663767,0.030880703873026827,0.044962531223979973,"P2 energy, point estimates"
-0.22532606096860164,0.03105322177175882,0.044962531223979973,"P2 energy, point estimates"
-0.24096197096211114,0.03105322177175882,0.044724634233376914,"P2 energy, point estimates"
-0.2427660500074893,0.031225739670490815,0.044724634233376914,"P2 energy, point estimates"
-0.2472062265773154,0.031225739670490815,0.04460568573807544,"P2 energy, point estimates"
-0.24778870156314348,0.03131199861985681,0.04460568573807544,"P2 energy, point estimates"
-0.24905318972551882,0.03131199861985681,0.044486737242773855,"P2 energy, point estimates"
-0.25774289728199307,0.0314845165185888,0.044486737242773855,"P2 energy, point estimates"
-0.26201708305401183,0.0314845165185888,0.044248840252170796,"P2 energy, point estimates"
-0.269790761137795,0.0316570344173208,0.044248840252170796,"P2 energy, point estimates"
-0.27418278725565415,0.0316570344173208,0.044010943261567737,"P2 energy, point estimates"
-0.2779072115377872,0.03174329336668679,0.044010943261567737,"P2 energy, point estimates"
-0.27988431246320644,0.03174329336668679,0.04389199476626615,"P2 energy, point estimates"
-0.28114541933010884,0.03182955231605279,0.04389199476626615,"P2 energy, point estimates"
-0.2827472814774872,0.03182955231605279,0.04365409777566309,"P2 energy, point estimates"
-0.2868421716653806,0.031915811265418786,0.04365409777566309,"P2 energy, point estimates"
-0.28783291428611335,0.031915811265418786,0.04353514928036162,"P2 energy, point estimates"
-0.2979447535290518,0.032174588113516776,0.04353514928036162,"P2 energy, point estimates"
-0.3077881185432041,0.032174588113516776,0.04329725228975856,"P2 energy, point estimates"
-0.3170115559705735,0.032433364961614766,0.04329725228975856,"P2 energy, point estimates"
-0.3176135101498758,0.032433364961614766,0.043178303794456974,"P2 energy, point estimates"
-0.3191898845949037,0.03251962391098077,0.043178303794456974,"P2 energy, point estimates"
-0.3249393678984731,0.032692141809712756,0.043178303794456974,"P2 energy, point estimates"
-0.3297949895282386,0.03277840075907876,0.043178303794456974,"P2 energy, point estimates"
-0.33946389828671286,0.03277840075907876,0.042940406803853914,"P2 energy, point estimates"
-0.344294668058609,0.03303717760717675,0.042940406803853914,"P2 energy, point estimates"
-0.3519224797457454,0.03303717760717675,0.042702509813250855,"P2 energy, point estimates"
-0.3555207519364316,0.033209695505908736,0.042702509813250855,"P2 energy, point estimates"
-0.36108471826631927,0.033209695505908736,0.04222671583204474,"P2 energy, point estimates"
-0.3635902228711956,0.03338221340464073,0.04222671583204474,"P2 energy, point estimates"
-0.3653420848502016,0.03338221340464073,0.04210776733674315,"P2 energy, point estimates"
-0.37361596272690534,0.033468472354006726,0.04210776733674315,"P2 energy, point estimates"
-0.37939230452991524,0.033468472354006726,0.04186987034614009,"P2 energy, point estimates"
-0.38215625346468585,0.03355473130337273,0.04186987034614009,"P2 energy, point estimates"
-0.38216258859659646,0.03355473130337273,0.04175092185083862,"P2 energy, point estimates"
-0.38319918651467333,0.03364099025273872,0.04175092185083862,"P2 energy, point estimates"
-0.3874321432080521,0.03364099025273872,0.041394076364933974,"P2 energy, point estimates"
-0.3907230998107565,0.033727249202104716,0.041394076364933974,"P2 energy, point estimates"
-0.415969930557722,0.033727249202104716,0.04103723087902933,"P2 energy, point estimates"
-0.4172615864447309,0.03381350815147072,0.04103723087902933,"P2 energy, point estimates"
-0.42606938705537445,0.03381350815147072,0.040680385393124796,"P2 energy, point estimates"
-0.43634983673690186,0.033986026050202706,0.040680385393124796,"P2 energy, point estimates"
-0.4445153357859297,0.033986026050202706,0.04032353990722015,"P2 energy, point estimates"
-0.45296066886276165,0.03407228499956871,0.04032353990722015,"P2 energy, point estimates"
-0.453593396145509,0.03407228499956871,0.04020459141191868,"P2 energy, point estimates"
-0.46045951622742365,0.03441732079703269,0.04020459141191868,"P2 energy, point estimates"
-0.46824851117582256,0.03441732079703269,0.03984774592601403,"P2 energy, point estimates"
-0.47487821622945603,0.034503579746398685,0.03984774592601403,"P2 energy, point estimates"
-0.47509358434875537,0.034503579746398685,0.03972879743071245,"P2 energy, point estimates"
-0.47806386676658263,0.03458983869576469,0.03972879743071245,"P2 energy, point estimates"
-0.48438305889851563,0.03458983869576469,0.03949090044010939,"P2 energy, point estimates"
-0.4977231151467816,0.03502113344259467,0.03949090044010939,"P2 energy, point estimates"
-0.4989208898589652,0.03519365134132666,0.03949090044010939,"P2 energy, point estimates"
-0.5008539510186658,0.03527991029069266,0.03949090044010939,"P2 energy, point estimates"
-0.5128086463232684,0.03527991029069266,0.03901510645890327,"P2 energy, point estimates"
-0.5194582117353939,0.035366169240058656,0.03901510645890327,"P2 energy, point estimates"
-0.5216141395210521,0.035366169240058656,0.038896157963601796,"P2 energy, point estimates"
-0.5339830079842613,0.035624946088156646,0.038896157963601796,"P2 energy, point estimates"
-0.5493719123231919,0.035624946088156646,0.03853931247769715,"P2 energy, point estimates"
-0.5701848226814157,0.03579746398688864,0.03853931247769715,"P2 energy, point estimates"
-0.5891973217924438,0.03579746398688864,0.03806351849649103,"P2 energy, point estimates"
-0.5892638832753079,0.035883722936254636,0.03806351849649103,"P2 energy, point estimates"
-0.5900647734483471,0.035883722936254636,0.03794457000118945,"P2 energy, point estimates"
-0.5908422051368625,0.03596998188562063,0.03794457000118945,"P2 energy, point estimates"
-0.5911381686363271,0.03596998188562063,0.037825621505887974,"P2 energy, point estimates"
-0.592510926226204,0.03605624083498663,0.037825621505887974,"P2 energy, point estimates"
-0.610684346823767,0.03605624083498663,0.03723087902938027,"P2 energy, point estimates"
-0.623423247914598,0.03631501768308462,0.03723087902938027,"P2 energy, point estimates"
-0.6283549398378465,0.03631501768308462,0.036874033543475626,"P2 energy, point estimates"
-0.6532628321047937,0.03648753558181661,0.036874033543475626,"P2 energy, point estimates"
-0.6550007448612405,0.03648753558181661,0.03675508504817415,"P2 energy, point estimates"
-0.6596899488341528,0.0367463124299146,0.03675508504817415,"P2 energy, point estimates"
-0.6634107906439368,0.0367463124299146,0.03663613655287257,"P2 energy, point estimates"
-0.674952515327405,0.0370050892780126,0.03663613655287257,"P2 energy, point estimates"
-0.6983908326708104,0.0370050892780126,0.036279291066968034,"P2 energy, point estimates"
-0.6999094677990598,0.03726386612611059,0.036279291066968034,"P2 energy, point estimates"
-0.7064577470508979,0.03726386612611059,0.03616034257166645,"P2 energy, point estimates"
-0.7157877390530096,0.037436384024842576,0.03616034257166645,"P2 energy, point estimates"
-0.7174057515349759,0.037436384024842576,0.036041394076364974,"P2 energy, point estimates"
-0.7226217649506879,0.03760890192357457,0.036041394076364974,"P2 energy, point estimates"
-0.741023385076879,0.03760890192357457,0.035803497085761915,"P2 energy, point estimates"
-0.7426638709963953,0.037695160872940565,0.035803497085761915,"P2 energy, point estimates"
-0.7441121205274328,0.037695160872940565,0.03568454859046033,"P2 energy, point estimates"
-0.7513463158516505,0.03786767877167256,0.03568454859046033,"P2 energy, point estimates"
-0.761076670494802,0.03786767877167256,0.035565600095158745,"P2 energy, point estimates"
-0.7662147893036604,0.03812645561977055,0.035565600095158745,"P2 energy, point estimates"
-0.7673991800370032,0.03812645561977055,0.03544665159985727,"P2 energy, point estimates"
-0.7717736692227106,0.038298973518502546,0.03544665159985727,"P2 energy, point estimates"
-0.7853711420259071,0.038298973518502546,0.03520875460925421,"P2 energy, point estimates"
-0.7906082769631624,0.03864400931596653,0.03520875460925421,"P2 energy, point estimates"
-0.7972123971775389,0.03864400931596653,0.035089806113952626,"P2 energy, point estimates"
-0.8094693784529365,0.03916156301216251,0.035089806113952626,"P2 energy, point estimates"
-0.813256457805549,0.03916156301216251,0.03485190912334957,"P2 energy, point estimates"
-0.8351567973645295,0.0394203398602605,0.03485190912334957,"P2 energy, point estimates"
-0.8384106362297601,0.0394203398602605,0.03473296062804809,"P2 energy, point estimates"
-0.8420757086504018,0.03967911670835849,0.03473296062804809,"P2 energy, point estimates"
-0.8484360598742704,0.03967911670835849,0.034495063637445034,"P2 energy, point estimates"
-0.8533449834756546,0.03993789355645648,0.034495063637445034,"P2 energy, point estimates"
-0.8590750577278286,0.03993789355645648,0.03437611514214345,"P2 energy, point estimates"
-0.8658170269816239,0.04028292935392047,0.03437611514214345,"P2 energy, point estimates"
-0.8720110715842218,0.04028292935392047,0.03390032116093733,"P2 energy, point estimates"
-0.8896992293312493,0.040627965151384456,0.03390032116093733,"P2 energy, point estimates"
-0.9047803320014296,0.040627965151384456,0.03342452717973121,"P2 energy, point estimates"
-0.9155241865428039,0.04105925989821444,0.03342452717973121,"P2 energy, point estimates"
-0.9258413210860752,0.04105925989821444,0.03318663018912815,"P2 energy, point estimates"
-0.9266771897619677,0.041145518847580435,0.03318663018912815,"P2 energy, point estimates"
-0.931694039562089,0.041145518847580435,0.03306768169382657,"P2 energy, point estimates"
-0.9482548997925946,0.04157681359441042,0.03306768169382657,"P2 energy, point estimates"
-0.9502233831365459,0.04157681359441042,0.03294873319852509,"P2 energy, point estimates"
-0.9788206867224609,0.042180626239972395,0.03294873319852509,"P2 energy, point estimates"
-0.9892612733368438,0.042180626239972395,0.03282978470322351,"P2 energy, point estimates"
-0.9955612568696743,0.042439403088070385,0.03282978470322351,"P2 energy, point estimates"
-0.9999153590628644,0.042439403088070385,0.03259188771262045,"P2 energy, point estimates"
-1.0000097893389501,0.042525662037436386,0.03259188771262045,"P2 energy, point estimates"
-1.0000123357071118,0.042525662037436386,0.032472939217318864,"P2 energy, point estimates"
-1.0034539827342783,0.04261192098680238,0.032472939217318864,"P2 energy, point estimates"
-1.0063473904192008,0.04261192098680238,0.03235399072201739,"P2 energy, point estimates"
-1.0141752440937246,0.042698179936168375,0.03235399072201739,"P2 energy, point estimates"
-1.01449559481118,0.04287069783490037,0.03235399072201739,"P2 energy, point estimates"
-1.0147194383936977,0.042956956784266365,0.03235399072201739,"P2 energy, point estimates"
-1.0283802702656608,0.042956956784266365,0.03211609373141433,"P2 energy, point estimates"
-1.039538468964448,0.043301992581730356,0.03211609373141433,"P2 energy, point estimates"
-1.0407677616044495,0.043301992581730356,0.031997145236112745,"P2 energy, point estimates"
-1.0531841865177967,0.04347451048046235,0.031997145236112745,"P2 energy, point estimates"
-1.0556343389591447,0.04347451048046235,0.031759248245509686,"P2 energy, point estimates"
-1.0625518113689232,0.043560769429828346,0.031759248245509686,"P2 energy, point estimates"
-1.07328176339486,0.043560769429828346,0.03164029975020821,"P2 energy, point estimates"
-1.0811639721750836,0.04364702837919434,0.03164029975020821,"P2 energy, point estimates"
-1.0838914123693044,0.04364702837919434,0.03140240275960504,"P2 energy, point estimates"
-1.090620122533963,0.04373328732856034,0.03140240275960504,"P2 energy, point estimates"
-1.0919663152186168,0.04373328732856034,0.031164505769001982,"P2 energy, point estimates"
-1.1014646884895,0.043819546277926336,0.031164505769001982,"P2 energy, point estimates"
-1.1018273810894996,0.043819546277926336,0.031045557273700508,"P2 energy, point estimates"
-1.1040318485235225,0.04390580522729233,0.031045557273700508,"P2 energy, point estimates"
-1.1055915892941428,0.04390580522729233,0.030926608778398923,"P2 energy, point estimates"
-1.109927445358565,0.04399206417665833,0.030926608778398923,"P2 energy, point estimates"
-1.111310857633363,0.04399206417665833,0.03080766028309745,"P2 energy, point estimates"
-1.1415313149371045,0.0446821357715863,0.03080766028309745,"P2 energy, point estimates"
-1.142839467481224,0.0446821357715863,0.030688711787795864,"P2 energy, point estimates"
-1.1480354243717308,0.044854653670318295,0.030688711787795864,"P2 energy, point estimates"
-1.1495949375966816,0.044854653670318295,0.030450814797192804,"P2 energy, point estimates"
-1.1885804928241335,0.04528594841714828,0.030450814797192804,"P2 energy, point estimates"
-1.1956443791838396,0.04528594841714828,0.03033186630189133,"P2 energy, point estimates"
-1.1982993513764555,0.045372207366514275,0.03033186630189133,"P2 energy, point estimates"
-1.202656651188235,0.045372207366514275,0.03009396931128816,"P2 energy, point estimates"
-1.2039923808222284,0.04545846631588027,0.03009396931128816,"P2 energy, point estimates"
-1.2102264313348492,0.04545846631588027,0.0298560723206851,"P2 energy, point estimates"
-1.212677831957663,0.045717243163978266,0.0298560723206851,"P2 energy, point estimates"
-1.214088094381765,0.045717243163978266,0.029737123825383627,"P2 energy, point estimates"
-1.214978985106967,0.04580350211334426,0.029737123825383627,"P2 energy, point estimates"
-1.2255699627114147,0.04580350211334426,0.02961817533008204,"P2 energy, point estimates"
-1.2627272807094485,0.046752350556370226,0.02961817533008204,"P2 energy, point estimates"
-1.2672499546284293,0.046752350556370226,0.029499226834780568,"P2 energy, point estimates"
-1.2970808697681768,0.047269904252566206,0.029499226834780568,"P2 energy, point estimates"
-1.3016983084944727,0.047269904252566206,0.029380278339478982,"P2 energy, point estimates"
-1.3046644985098652,0.0473561632019322,0.029380278339478982,"P2 energy, point estimates"
-1.3065609098851745,0.0473561632019322,0.029261329844177508,"P2 energy, point estimates"
-1.3115603309747073,0.04761494005003019,0.029261329844177508,"P2 energy, point estimates"
-1.3166717794895924,0.04761494005003019,0.02902343285357445,"P2 energy, point estimates"
-1.3211931434227466,0.047701198999396184,0.02902343285357445,"P2 energy, point estimates"
-1.325065746668944,0.047701198999396184,0.028904484358272864,"P2 energy, point estimates"
-1.3291566654527571,0.047787457948762185,0.028904484358272864,"P2 energy, point estimates"
-1.330322273428763,0.047787457948762185,0.02878553586297128,"P2 energy, point estimates"
-1.338885196917353,0.048046234796860175,0.02878553586297128,"P2 energy, point estimates"
-1.3404270548580808,0.048046234796860175,0.028666587367669805,"P2 energy, point estimates"
-1.3478271249937706,0.04813249374622617,0.028666587367669805,"P2 energy, point estimates"
-1.348322223718391,0.04813249374622617,0.02854763887236822,"P2 energy, point estimates"
-1.3631101904098557,0.048563788493056155,0.02854763887236822,"P2 energy, point estimates"
-1.377050286367492,0.048563788493056155,0.02830974188176516,"P2 energy, point estimates"
-1.3834682458998913,0.048822565341154145,0.02830974188176516,"P2 energy, point estimates"
-1.3924050230853666,0.048822565341154145,0.028190793386463686,"P2 energy, point estimates"
-1.394311288769348,0.04890882429052014,0.028190793386463686,"P2 energy, point estimates"
-1.394623111557408,0.04890882429052014,0.0280718448911621,"P2 energy, point estimates"
-1.4082327836447206,0.04916760113861813,0.0280718448911621,"P2 energy, point estimates"
-1.4205341055590281,0.04916760113861813,0.027833947900559042,"P2 energy, point estimates"
-1.4234294071248694,0.04942637798671612,0.027833947900559042,"P2 energy, point estimates"
-1.4237945418638986,0.04942637798671612,0.027714999405257568,"P2 energy, point estimates"
-1.4252695718405093,0.049598895885448115,0.027714999405257568,"P2 energy, point estimates"
-1.4279593292882353,0.049598895885448115,0.027596050909955983,"P2 energy, point estimates"
-1.4320714468747155,0.049857672733546105,0.027596050909955983,"P2 energy, point estimates"
-1.4396873752536266,0.049857672733546105,0.02747710241465451,"P2 energy, point estimates"
-1.4404309447667245,0.0499439316829121,0.02747710241465451,"P2 energy, point estimates"
-1.4408958481265515,0.0499439316829121,0.027358153919352923,"P2 energy, point estimates"
-1.451652722468868,0.0500301906322781,0.027358153919352923,"P2 energy, point estimates"
-1.4548643383055442,0.0500301906322781,0.027120256928749864,"P2 energy, point estimates"
-1.4669979575561207,0.050461485379108086,0.027120256928749864,"P2 energy, point estimates"
-1.4707077968205482,0.050461485379108086,0.026882359938146805,"P2 energy, point estimates"
-1.4741687202038207,0.050634003277840074,0.026882359938146805,"P2 energy, point estimates"
-1.4778198159433789,0.050634003277840074,0.02676341144284522,"P2 energy, point estimates"
-1.4823523702608963,0.050892780125938064,0.02676341144284522,"P2 energy, point estimates"
-1.496191576153059,0.050892780125938064,0.02652551445224216,"P2 energy, point estimates"
-1.5155212888521064,0.051151556974036054,0.02652551445224216,"P2 energy, point estimates"
-1.5158864666535976,0.051151556974036054,0.026406565956940686,"P2 energy, point estimates"
-1.5175115456479666,0.051237815923402055,0.026406565956940686,"P2 energy, point estimates"
-1.521020284036192,0.051237815923402055,0.0262876174616391,"P2 energy, point estimates"
-1.5212280431534797,0.05132407487276805,0.0262876174616391,"P2 energy, point estimates"
-1.5218451387963583,0.05132407487276805,0.026049720471036042,"P2 energy, point estimates"
-1.5267340009245913,0.051669110670232034,0.026049720471036042,"P2 energy, point estimates"
-1.5303819964866605,0.051669110670232034,0.025811823480432983,"P2 energy, point estimates"
-1.5518502462550714,0.051927887518330024,0.025811823480432983,"P2 energy, point estimates"
-1.551939742970717,0.051927887518330024,0.025692874985131398,"P2 energy, point estimates"
-1.5616292156051728,0.052186664366428014,0.025692874985131398,"P2 energy, point estimates"
-1.5870904033473323,0.052186664366428014,0.02545497799452834,"P2 energy, point estimates"
-1.6210925590087726,0.05287673596135599,0.02545497799452834,"P2 energy, point estimates"
-1.621525570598365,0.05287673596135599,0.025336029499226864,"P2 energy, point estimates"
-1.648499009575886,0.05322177175881998,0.025336029499226864,"P2 energy, point estimates"
-1.669654378124136,0.05322177175881998,0.02521708100392528,"P2 energy, point estimates"
-1.6715208853028543,0.053308030708185974,0.02521708100392528,"P2 energy, point estimates"
-1.6823661517501982,0.053308030708185974,0.025098132508623805,"P2 energy, point estimates"
-1.6899187608593245,0.05339428965755197,0.025098132508623805,"P2 energy, point estimates"
-1.691380831020222,0.05339428965755197,0.02497918401332222,"P2 energy, point estimates"
-1.6956734303984735,0.05348054860691797,0.02497918401332222,"P2 energy, point estimates"
-1.702334582099045,0.05348054860691797,0.024622338527417575,"P2 energy, point estimates"
-1.7050587978301905,0.053566807556283964,0.024622338527417575,"P2 energy, point estimates"
-1.7092606692153112,0.053566807556283964,0.0245033900321161,"P2 energy, point estimates"
-1.7194776942190941,0.05373932545501596,0.0245033900321161,"P2 energy, point estimates"
-1.7253661629794532,0.05373932545501596,0.024384441536814516,"P2 energy, point estimates"
-1.7465065211598052,0.054343138100577934,0.024384441536814516,"P2 energy, point estimates"
-1.747961884597082,0.054343138100577934,0.024265493041513042,"P2 energy, point estimates"
-1.7677304174017934,0.05477443284740792,0.024265493041513042,"P2 energy, point estimates"
-1.7728950941344905,0.05477443284740792,0.024027596050909983,"P2 energy, point estimates"
-1.788740366854503,0.055205727594237905,0.024027596050909983,"P2 energy, point estimates"
-1.7918918224863312,0.055205727594237905,0.023908647555608398,"P2 energy, point estimates"
-1.8285120490753641,0.055982058138531875,0.023908647555608398,"P2 energy, point estimates"
-1.8349043741861237,0.055982058138531875,0.02367075056500534,"P2 energy, point estimates"
-1.837559600299734,0.05615457603726386,0.02367075056500534,"P2 energy, point estimates"
-1.8408170602234861,0.05615457603726386,0.023551802069703864,"P2 energy, point estimates"
-1.8500828286549904,0.05632709393599586,0.023551802069703864,"P2 energy, point estimates"
-1.8670938907255046,0.05632709393599586,0.02343285357440228,"P2 energy, point estimates"
-1.8784915633700834,0.05667212973345984,0.02343285357440228,"P2 energy, point estimates"
-1.8849399857233635,0.05667212973345984,0.02319495658379922,"P2 energy, point estimates"
-1.9006311938287581,0.05667212973345984,0.0227191626025931,"P2 energy, point estimates"
-1.905732430421807,0.057017165530923834,0.0227191626025931,"P2 energy, point estimates"
-1.9197990945766676,0.057017165530923834,0.022481265611990042,"P2 energy, point estimates"
-1.9365776980715879,0.057275942379021824,0.022481265611990042,"P2 energy, point estimates"
-1.9366706078183302,0.057275942379021824,0.022362317116688457,"P2 energy, point estimates"
-1.952733207320442,0.0579660139739498,0.022362317116688457,"P2 energy, point estimates"
-1.956489601806016,0.0579660139739498,0.022243368621386983,"P2 energy, point estimates"
-1.9705970574381269,0.058569826619511774,0.022243368621386983,"P2 energy, point estimates"
-1.9738092586321088,0.058569826619511774,0.022124420126085398,"P2 energy, point estimates"
-1.9824842998596175,0.05874234451824377,0.022124420126085398,"P2 energy, point estimates"
-1.9891742626833242,0.05874234451824377,0.02188652313548234,"P2 energy, point estimates"
-1.9900209455096487,0.05874234451824377,0.021529677649577694,"P2 energy, point estimates"
-2.0341324884868186,0.05986371086000172,0.021529677649577694,"P2 energy, point estimates"
-2.0372198845787253,0.05986371086000172,0.02141072915427622,"P2 energy, point estimates"
-2.047207766120449,0.060208746657465714,0.02141072915427622,"P2 energy, point estimates"
-2.052070800140008,0.060208746657465714,0.021291780658974635,"P2 energy, point estimates"
-2.0537916428580125,0.06029500560683171,0.021291780658974635,"P2 energy, point estimates"
-2.0579090367903348,0.06029500560683171,0.02117283216367316,"P2 energy, point estimates"
-2.0708928356675855,0.06064004140429569,0.02117283216367316,"P2 energy, point estimates"
-2.0711804565829155,0.06064004140429569,0.021053883668371576,"P2 energy, point estimates"
-2.0768292858225443,0.06081255930302769,0.021053883668371576,"P2 energy, point estimates"
-2.0790792957079205,0.06081255930302769,0.020815986677768517,"P2 energy, point estimates"
-2.0851755850482547,0.06115759510049167,0.020815986677768517,"P2 energy, point estimates"
-2.0941239500674556,0.06115759510049167,0.020697038182467042,"P2 energy, point estimates"
-2.1075037606925875,0.06158888984732166,0.020697038182467042,"P2 energy, point estimates"
-2.1083945518044267,0.06158888984732166,0.020578089687165457,"P2 energy, point estimates"
-2.1110885247350204,0.06167514879668766,0.020578089687165457,"P2 energy, point estimates"
-2.117012461248912,0.06167514879668766,0.020221244201260813,"P2 energy, point estimates"
-2.1234546999934523,0.06184766669541965,0.020221244201260813,"P2 energy, point estimates"
-2.1299506218737356,0.06219270249288364,0.020221244201260813,"P2 energy, point estimates"
-2.1302164539130537,0.06219270249288364,0.02010229570595934,"P2 energy, point estimates"
-2.1316228179881875,0.062278961442249633,0.02010229570595934,"P2 energy, point estimates"
-2.132112973305034,0.062278961442249633,0.019983347210657754,"P2 energy, point estimates"
-2.1367422691169473,0.06236522039161563,0.019983347210657754,"P2 energy, point estimates"
-2.139863124611331,0.06236522039161563,0.01986439871535628,"P2 energy, point estimates"
-2.1450080421310282,0.06271025618907962,0.01986439871535628,"P2 energy, point estimates"
-2.154166579737506,0.06271025618907962,0.019745450220054694,"P2 energy, point estimates"
-2.164556209096599,0.06305529198654361,0.019745450220054694,"P2 energy, point estimates"
-2.171158450257174,0.06305529198654361,0.019507553229451635,"P2 energy, point estimates"
-2.238544259240136,0.06417665832830156,0.019507553229451635,"P2 energy, point estimates"
-2.240212187437855,0.06417665832830156,0.01938860473415016,"P2 energy, point estimates"
-2.2487759621329317,0.06434917622703355,0.01938860473415016,"P2 energy, point estimates"
-2.252897306714271,0.06434917622703355,0.019269656238848576,"P2 energy, point estimates"
-2.261127130616856,0.06452169412576554,0.019269656238848576,"P2 energy, point estimates"
-2.262038281135439,0.06452169412576554,0.01915070774354699,"P2 energy, point estimates"
-2.2637657685670973,0.06469421202449754,0.01915070774354699,"P2 energy, point estimates"
-2.2670062508244175,0.06469421202449754,0.019031759248245517,"P2 energy, point estimates"
-2.2736607847872,0.06486672992322953,0.019031759248245517,"P2 energy, point estimates"
-2.277952414592388,0.06486672992322953,0.01891281075294393,"P2 energy, point estimates"
-2.278365870560343,0.06495298887259553,0.01891281075294393,"P2 energy, point estimates"
-2.280422075811627,0.06495298887259553,0.018793862257642457,"P2 energy, point estimates"
-2.2944910309533526,0.06512550677132753,0.018793862257642457,"P2 energy, point estimates"
-2.2967219550490334,0.06512550677132753,0.018674913762340872,"P2 energy, point estimates"
-2.3167751328786927,0.06555680151815751,0.018674913762340872,"P2 energy, point estimates"
-2.3233689236070205,0.06555680151815751,0.018555965267039398,"P2 energy, point estimates"
-2.3682467953887,0.06659190891054947,0.018555965267039398,"P2 energy, point estimates"
-2.3690709183763374,0.06659190891054947,0.018437016771737813,"P2 energy, point estimates"
-2.3725123264329113,0.06667816785991547,0.018437016771737813,"P2 energy, point estimates"
-2.375859324070934,0.06667816785991547,0.01831806827643634,"P2 energy, point estimates"
-2.38013774090472,0.06676442680928146,0.01831806827643634,"P2 energy, point estimates"
-2.380140795009382,0.06676442680928146,0.018199119781134754,"P2 energy, point estimates"
-2.4007173635257573,0.06728198050547744,0.018199119781134754,"P2 energy, point estimates"
-2.4016834609305207,0.06728198050547744,0.01808017128583328,"P2 energy, point estimates"
-2.4126981535309753,0.06745449840420943,0.01808017128583328,"P2 energy, point estimates"
-2.4173574670721223,0.06745449840420943,0.017961222790531695,"P2 energy, point estimates"
-2.421239816350905,0.06754075735357544,0.017961222790531695,"P2 energy, point estimates"
-2.4220882997841784,0.06754075735357544,0.01784227429523022,"P2 energy, point estimates"
-2.4326767849803623,0.06779953420167342,0.01784227429523022,"P2 energy, point estimates"
-2.436553508647009,0.06779953420167342,0.01760437730462705,"P2 energy, point estimates"
-2.437686458905503,0.06797205210040541,0.01760437730462705,"P2 energy, point estimates"
-2.4385602987799757,0.06797205210040541,0.017485428809325576,"P2 energy, point estimates"
-2.4396506258191373,0.06805831104977142,0.017485428809325576,"P2 energy, point estimates"
-2.4467420523555177,0.06805831104977142,0.017247531818722517,"P2 energy, point estimates"
-2.457145231047555,0.0684033468472354,0.017247531818722517,"P2 energy, point estimates"
-2.4580922800941707,0.0684033468472354,0.01712858332342093,"P2 energy, point estimates"
-2.476346710395404,0.06874838264469939,0.01712858332342093,"P2 energy, point estimates"
-2.4765944991123696,0.06874838264469939,0.017009634828119458,"P2 energy, point estimates"
-2.5031358370222705,0.06943845423962736,0.017009634828119458,"P2 energy, point estimates"
-2.5047305953461887,0.06943845423962736,0.016890686332817872,"P2 energy, point estimates"
-2.540838785218625,0.07055982058138532,0.016890686332817872,"P2 energy, point estimates"
-2.5506351025721656,0.07055982058138532,0.0167717378375164,"P2 energy, point estimates"
-2.551492990706709,0.07064607953075132,0.0167717378375164,"P2 energy, point estimates"
-2.567745286422216,0.07064607953075132,0.016414892351611754,"P2 energy, point estimates"
-2.5721883333338695,0.0710773742775813,0.016414892351611754,"P2 energy, point estimates"
-2.5792306508179053,0.0710773742775813,0.01629594385631017,"P2 energy, point estimates"
-2.5934156875227607,0.07159492797377728,0.01629594385631017,"P2 energy, point estimates"
-2.594375039177457,0.07159492797377728,0.016176995361008695,"P2 energy, point estimates"
-2.596346087473755,0.07168118692314328,0.016176995361008695,"P2 energy, point estimates"
-2.5969380255845564,0.07168118692314328,0.01605804686570711,"P2 energy, point estimates"
-2.7147125813727513,0.07409643750539119,0.01605804686570711,"P2 energy, point estimates"
-2.717021766076737,0.07409643750539119,0.015939098370405635,"P2 energy, point estimates"
-2.7242420418147617,0.07426895540412318,0.015939098370405635,"P2 energy, point estimates"
-2.735066501995565,0.07426895540412318,0.015701201379802576,"P2 energy, point estimates"
-2.767388693561305,0.07487276804968515,0.015701201379802576,"P2 energy, point estimates"
-2.770631928807928,0.07487276804968515,0.015582252884500991,"P2 energy, point estimates"
-2.7787877494325492,0.07504528594841715,0.015582252884500991,"P2 energy, point estimates"
-2.782708253614132,0.07504528594841715,0.015344355893897932,"P2 energy, point estimates"
-2.796966511626332,0.07539032174588113,0.015344355893897932,"P2 energy, point estimates"
-2.8007353761308877,0.07539032174588113,0.015225407398596458,"P2 energy, point estimates"
-2.8051307201387985,0.07556283964461313,0.015225407398596458,"P2 energy, point estimates"
-2.808424975219417,0.07556283964461313,0.015106458903294873,"P2 energy, point estimates"
-2.810966213321546,0.07582161649271112,0.015106458903294873,"P2 energy, point estimates"
-2.811018310258248,0.07582161649271112,0.014987510407993287,"P2 energy, point estimates"
-2.835452018564119,0.0762529112395411,0.014987510407993287,"P2 energy, point estimates"
-2.8459164569388875,0.0762529112395411,0.014749613417390228,"P2 energy, point estimates"
-2.888211554789656,0.07668420598637109,0.014749613417390228,"P2 energy, point estimates"
-2.888506697288612,0.07668420598637109,0.014630664922088754,"P2 energy, point estimates"
-2.889282544178805,0.07677046493573708,0.014630664922088754,"P2 energy, point estimates"
-2.8973383368538563,0.07677046493573708,0.014511716426787169,"P2 energy, point estimates"
-2.904180573260131,0.07685672388510308,0.014511716426787169,"P2 energy, point estimates"
-2.906027630995311,0.07685672388510308,0.014392767931485695,"P2 energy, point estimates"
-2.9149069046397216,0.07711550073320107,0.014392767931485695,"P2 energy, point estimates"
-2.922280714012498,0.07711550073320107,0.01427381943618411,"P2 energy, point estimates"
-2.923337074484113,0.07720175968256707,0.01427381943618411,"P2 energy, point estimates"
-2.925090323782854,0.07720175968256707,0.014154870940882636,"P2 energy, point estimates"
-2.9312628813676564,0.07728801863193306,0.014154870940882636,"P2 energy, point estimates"
-2.9365962745186636,0.07728801863193306,0.013916973950279576,"P2 energy, point estimates"
-2.9406855566177583,0.07746053653066505,0.013916973950279576,"P2 energy, point estimates"
-2.9423758781841087,0.07746053653066505,0.013798025454977991,"P2 energy, point estimates"
-2.9859493176895313,0.07823686707495903,0.013798025454977991,"P2 energy, point estimates"
-2.9991842664447166,0.07823686707495903,0.013441179969073347,"P2 energy, point estimates"
-3.0080742813095114,0.07849564392305702,0.013441179969073347,"P2 energy, point estimates"
-3.008134791668038,0.07849564392305702,0.013322231473771873,"P2 energy, point estimates"
-3.0110233495759857,0.07858190287242302,0.013322231473771873,"P2 energy, point estimates"
-3.0146448524583818,0.07858190287242302,0.013203282978470288,"P2 energy, point estimates"
-3.017605122124472,0.078840679720521,0.013203282978470288,"P2 energy, point estimates"
-3.0196678776019876,0.079013197619253,0.013203282978470288,"P2 energy, point estimates"
-3.059271440556497,0.07978952816354697,0.013203282978470288,"P2 energy, point estimates"
-3.0606597257728936,0.07978952816354697,0.013084334483168814,"P2 energy, point estimates"
-3.1186394498906367,0.0813421892521349,0.013084334483168814,"P2 energy, point estimates"
-3.121570993412135,0.0813421892521349,0.012846437492565754,"P2 energy, point estimates"
-3.124787128565174,0.0814284482015009,0.012846437492565754,"P2 energy, point estimates"
-3.135096201951768,0.0814284482015009,0.012608540501962695,"P2 energy, point estimates"
-3.137437687274655,0.0816872250495989,0.012608540501962695,"P2 energy, point estimates"
-3.138516597048417,0.0816872250495989,0.01248959200666111,"P2 energy, point estimates"
-3.148570915425239,0.08185974294833089,0.01248959200666111,"P2 energy, point estimates"
-3.1498256966802884,0.08185974294833089,0.012370643511359636,"P2 energy, point estimates"
-3.152732140437948,0.08203226084706289,0.012370643511359636,"P2 energy, point estimates"
-3.155136020697743,0.08203226084706289,0.01225169501605805,"P2 energy, point estimates"
-3.156629573286372,0.08211851979642888,0.01225169501605805,"P2 energy, point estimates"
-3.158506808018906,0.08211851979642888,0.012132746520756466,"P2 energy, point estimates"
-3.172462785296471,0.08289485034072284,0.012132746520756466,"P2 energy, point estimates"
-3.1725825706577595,0.08289485034072284,0.012013798025454991,"P2 energy, point estimates"
-3.175730590966417,0.08306736823945485,0.012013798025454991,"P2 energy, point estimates"
-3.1771534518162383,0.08306736823945485,0.011894849530153406,"P2 energy, point estimates"
-3.2330592935273685,0.08453377037867679,0.011894849530153406,"P2 energy, point estimates"
-3.233162412878734,0.08453377037867679,0.011775901034851932,"P2 energy, point estimates"
-3.2338389741397577,0.08462002932804279,0.011775901034851932,"P2 energy, point estimates"
-3.2351052468111448,0.08462002932804279,0.011656952539550347,"P2 energy, point estimates"
-3.243622247249256,0.08487880617614077,0.011656952539550347,"P2 energy, point estimates"
-3.244475580120721,0.08487880617614077,0.011538004044248873,"P2 energy, point estimates"
-3.2593092609593093,0.08522384197360476,0.011538004044248873,"P2 energy, point estimates"
-3.2620920475854547,0.08522384197360476,0.011419055548947288,"P2 energy, point estimates"
-3.303236519168383,0.08591391356853273,0.011419055548947288,"P2 energy, point estimates"
-3.3080277620687433,0.08591391356853273,0.011300107053645814,"P2 energy, point estimates"
-3.3255196204951822,0.08634520831536271,0.011300107053645814,"P2 energy, point estimates"
-3.3282358751955456,0.08634520831536271,0.011062210063042754,"P2 energy, point estimates"
-3.332789972428394,0.08660398516346071,0.011062210063042754,"P2 energy, point estimates"
-3.338897336725843,0.08660398516346071,0.01094326156774117,"P2 energy, point estimates"
-3.3515311004537978,0.0869490209609247,0.01094326156774117,"P2 energy, point estimates"
-3.3615881414430504,0.0869490209609247,0.010586416081836525,"P2 energy, point estimates"
-3.403656747470647,0.08781161045458466,0.010586416081836525,"P2 energy, point estimates"
-3.4123418920611,0.08781161045458466,0.01046746758653505,"P2 energy, point estimates"
-3.416081122369878,0.08789786940395065,0.01046746758653505,"P2 energy, point estimates"
-3.427395414368755,0.08807038730268266,0.01046746758653505,"P2 energy, point estimates"
-3.4606954393796183,0.08901923574570862,0.01046746758653505,"P2 energy, point estimates"
-3.4652709246753517,0.08901923574570862,0.010348519091233466,"P2 energy, point estimates"
-3.503109462993102,0.08979556629000258,0.010348519091233466,"P2 energy, point estimates"
-3.5058370295250185,0.08979556629000258,0.010110622100630406,"P2 energy, point estimates"
-3.5221999175590994,0.09014060208746658,0.010110622100630406,"P2 energy, point estimates"
-3.5229442855515316,0.09014060208746658,0.009991673605328932,"P2 energy, point estimates"
-3.543423493526042,0.09074441473302855,0.009991673605328932,"P2 energy, point estimates"
-3.549226109955077,0.09074441473302855,0.009872725110027347,"P2 energy, point estimates"
-3.5577143616930265,0.09091693263176054,0.009872725110027347,"P2 energy, point estimates"
-3.563207227398035,0.09126196842922453,0.009872725110027347,"P2 energy, point estimates"
-3.5663753885869856,0.09126196842922453,0.009634828119424288,"P2 energy, point estimates"
-3.5823248674683477,0.09177952212542051,0.009634828119424288,"P2 energy, point estimates"
-3.5844561818029383,0.09177952212542051,0.009515879624122703,"P2 energy, point estimates"
-3.607949848400885,0.09255585266971449,0.009515879624122703,"P2 energy, point estimates"
-3.6080792560319885,0.09255585266971449,0.009396931128821229,"P2 energy, point estimates"
-3.640348467011499,0.09341844216337444,0.009396931128821229,"P2 energy, point estimates"
-3.6410725172125744,0.09341844216337444,0.009277982633519644,"P2 energy, point estimates"
-3.657255514653148,0.09359096006210645,0.009277982633519644,"P2 energy, point estimates"
-3.6599098470463716,0.09359096006210645,0.00915903413821817,"P2 energy, point estimates"
-3.681359252003787,0.09402225480893643,0.00915903413821817,"P2 energy, point estimates"
-3.6854936750670255,0.09402225480893643,0.00892113714761511,"P2 energy, point estimates"
-3.702105509657443,0.09428103165703441,0.00892113714761511,"P2 energy, point estimates"
-3.7063313258603294,0.09428103165703441,0.008802188652313525,"P2 energy, point estimates"
-3.7309627248390864,0.09488484430259639,0.008802188652313525,"P2 energy, point estimates"
-3.732524066916813,0.09488484430259639,0.008683240157012051,"P2 energy, point estimates"
-3.8013836133778476,0.09643750539118434,0.008683240157012051,"P2 energy, point estimates"
-3.8159218937846973,0.09643750539118434,0.008445343166408992,"P2 energy, point estimates"
-3.816725044918133,0.09661002328991633,0.008445343166408992,"P2 energy, point estimates"
-3.819566806911899,0.09661002328991633,0.008326394671107407,"P2 energy, point estimates"
-3.822794177964603,0.09678254118864832,0.008326394671107407,"P2 energy, point estimates"
-3.822860940802947,0.09678254118864832,0.008207446175805821,"P2 energy, point estimates"
-3.83065438933666,0.09712757698611231,0.008207446175805821,"P2 energy, point estimates"
-3.8393495603489676,0.09712757698611231,0.008088497680504347,"P2 energy, point estimates"
-3.854326384032568,0.0974726127835763,0.008088497680504347,"P2 energy, point estimates"
-3.860766380871212,0.0974726127835763,0.007969549185202762,"P2 energy, point estimates"
-3.8850515357545916,0.09833520227723626,0.007969549185202762,"P2 energy, point estimates"
-3.892504472483722,0.09833520227723626,0.007850600689901288,"P2 energy, point estimates"
-3.9102124023884883,0.09876649702406624,0.007850600689901288,"P2 energy, point estimates"
-3.912463046062653,0.09876649702406624,0.007731652194599703,"P2 energy, point estimates"
-3.963726718087372,0.0998878633658242,0.007731652194599703,"P2 energy, point estimates"
-3.9660336651533328,0.0998878633658242,0.007612703699298229,"P2 energy, point estimates"
-4.004515230340747,0.10066419391011817,0.007612703699298229,"P2 energy, point estimates"
-4.005501356800616,0.10066419391011817,0.007493755203996644,"P2 energy, point estimates"
-4.005605496467229,0.10075045285948417,0.007493755203996644,"P2 energy, point estimates"
-4.010209758907845,0.10075045285948417,0.00737480670869517,"P2 energy, point estimates"
-4.057658332696306,0.10161304235314414,0.00737480670869517,"P2 energy, point estimates"
-4.058650804089481,0.10161304235314414,0.0072558582133935845,"P2 energy, point estimates"
-4.100563552986387,0.1025618907961701,0.0072558582133935845,"P2 energy, point estimates"
-4.110827702291719,0.1025618907961701,0.00713690971809211,"P2 energy, point estimates"
-4.120703184836223,0.10299318554300009,0.00713690971809211,"P2 energy, point estimates"
-4.133951075841278,0.10299318554300009,0.006899012727489051,"P2 energy, point estimates"
-4.163627232470091,0.10376951608729405,0.006899012727489051,"P2 energy, point estimates"
-4.1701921301937475,0.10376951608729405,0.006780064232187466,"P2 energy, point estimates"
-4.184050820300449,0.10428706978349003,0.006780064232187466,"P2 energy, point estimates"
-4.188491573141945,0.10428706978349003,0.006661115736885881,"P2 energy, point estimates"
-4.190930202977448,0.10437332873285603,0.006661115736885881,"P2 energy, point estimates"
-4.193796070069723,0.10437332873285603,0.006542167241584407,"P2 energy, point estimates"
-4.200485334403787,0.10463210558095402,0.006542167241584407,"P2 energy, point estimates"
-4.202355392482472,0.10463210558095402,0.006423218746282822,"P2 energy, point estimates"
-4.2050493935426445,0.10471836453032002,0.006423218746282822,"P2 energy, point estimates"
-4.206530491527513,0.10471836453032002,0.0063042702509813475,"P2 energy, point estimates"
-4.21478080446709,0.10506340032778401,0.0063042702509813475,"P2 energy, point estimates"
-4.2149919764006025,0.10506340032778401,0.006185321755679762,"P2 energy, point estimates"
-4.3164315042202475,0.1077374277581299,0.006185321755679762,"P2 energy, point estimates"
-4.331534297034459,0.1077374277581299,0.006066373260378288,"P2 energy, point estimates"
-4.405744496128296,0.10980764254291382,0.006066373260378288,"P2 energy, point estimates"
-4.4082131022137006,0.10980764254291382,0.005947424765076703,"P2 energy, point estimates"
-4.417569884194881,0.11006641939101182,0.005947424765076703,"P2 energy, point estimates"
-4.418193847901501,0.11006641939101182,0.005828476269775229,"P2 energy, point estimates"
-4.430774334694075,0.11023893728974381,0.005828476269775229,"P2 energy, point estimates"
-4.433605339510592,0.11023893728974381,0.005709527774473644,"P2 energy, point estimates"
-4.456528152996583,0.11092900888467179,0.005709527774473644,"P2 energy, point estimates"
-4.458699461238922,0.11092900888467179,0.00559057927917217,"P2 energy, point estimates"
-4.580728812961709,0.11351677736565169,0.00559057927917217,"P2 energy, point estimates"
-4.584394488215036,0.11351677736565169,0.005471630783870585,"P2 energy, point estimates"
-4.590668174663843,0.11377555421374967,0.005471630783870585,"P2 energy, point estimates"
-4.591521169882771,0.11377555421374967,0.0053526822885689995,"P2 energy, point estimates"
-4.596001877452693,0.11403433106184767,0.0053526822885689995,"P2 energy, point estimates"
-4.600420553305469,0.11403433106184767,0.005233733793267525,"P2 energy, point estimates"
-4.662727987197133,0.1158457689985336,0.005233733793267525,"P2 energy, point estimates"
-4.664775330107261,0.1158457689985336,0.00511478529796594,"P2 energy, point estimates"
-4.674107227102191,0.11627706374536358,0.00511478529796594,"P2 energy, point estimates"
-4.676831248820363,0.11627706374536358,0.004995836802664466,"P2 energy, point estimates"
-4.681899313659265,0.11636332269472958,0.004995836802664466,"P2 energy, point estimates"
-4.68663033860064,0.11636332269472958,0.004876888307362881,"P2 energy, point estimates"
-4.687224224538539,0.11653584059346157,0.004876888307362881,"P2 energy, point estimates"
-4.762743337864805,0.11800224273268352,0.004876888307362881,"P2 energy, point estimates"
-4.774822458884934,0.11800224273268352,0.004757939812061407,"P2 energy, point estimates"
-4.820058022121168,0.11912360907444147,0.004757939812061407,"P2 energy, point estimates"
-4.820408161409144,0.11912360907444147,0.004638991316759822,"P2 energy, point estimates"
-4.820494122079587,0.11929612697317346,0.004638991316759822,"P2 energy, point estimates"
-4.82113509864903,0.11938238592253947,0.004638991316759822,"P2 energy, point estimates"
-4.822066636459134,0.11938238592253947,0.004520042821458348,"P2 energy, point estimates"
-4.848564820395794,0.12059001121366342,0.004520042821458348,"P2 energy, point estimates"
-4.852260668793075,0.12059001121366342,0.0044010943261567625,"P2 energy, point estimates"
-4.853792032540838,0.12084878806176141,0.0044010943261567625,"P2 energy, point estimates"
-4.8547926486080435,0.1210213059604934,0.0044010943261567625,"P2 energy, point estimates"
-4.887295461371863,0.12179763650478737,0.0044010943261567625,"P2 energy, point estimates"
-4.892359448141798,0.12179763650478737,0.0042821458308552884,"P2 energy, point estimates"
-4.900659224192628,0.12197015440351937,0.0042821458308552884,"P2 energy, point estimates"
-4.90270180476459,0.12197015440351937,0.004163197335553703,"P2 energy, point estimates"
-4.944466854078897,0.12274648494781333,0.004163197335553703,"P2 energy, point estimates"
-4.944512363672386,0.12274648494781333,0.004044248840252118,"P2 energy, point estimates"
-4.983436899839445,0.1236090744414733,0.004044248840252118,"P2 energy, point estimates"
-4.985790838994943,0.1236090744414733,0.003925300344950644,"P2 energy, point estimates"
-5.000052498417034,0.1238678512895713,0.003925300344950644,"P2 energy, point estimates"
-5.00068043238722,0.12404036918830329,0.003925300344950644,"P2 energy, point estimates"
-5.009923813762526,0.12429914603640127,0.003925300344950644,"P2 energy, point estimates"
-5.015201945036861,0.12429914603640127,0.003806351849649059,"P2 energy, point estimates"
-5.0431661044854295,0.12481669973259726,0.003806351849649059,"P2 energy, point estimates"
-5.04572642728793,0.12481669973259726,0.003687403354347585,"P2 energy, point estimates"
-5.064299778891565,0.12550677132752522,0.003687403354347585,"P2 energy, point estimates"
-5.076530524182074,0.12550677132752522,0.0035684548590459997,"P2 energy, point estimates"
-5.137606091228378,0.12705943241611317,0.0035684548590459997,"P2 energy, point estimates"
-5.138342843687569,0.12705943241611317,0.0034495063637445256,"P2 energy, point estimates"
-5.247765357606596,0.1292159061502631,0.0034495063637445256,"P2 energy, point estimates"
-5.249118569473406,0.1292159061502631,0.0033305578684429404,"P2 energy, point estimates"
-5.255734213714877,0.12947468299836107,0.0033305578684429404,"P2 energy, point estimates"
-5.258198407121805,0.12947468299836107,0.0032116093731414663,"P2 energy, point estimates"
-5.279203148001802,0.13025101354265506,0.0032116093731414663,"P2 energy, point estimates"
-5.283407956513564,0.13025101354265506,0.003092660877839881,"P2 energy, point estimates"
-5.290280573235975,0.13050979039075303,0.003092660877839881,"P2 energy, point estimates"
-5.292868159023165,0.13068230828948504,0.003092660877839881,"P2 energy, point estimates"
-5.328870678194377,0.131889933580609,0.003092660877839881,"P2 energy, point estimates"
-5.333036978058786,0.13206245147934098,0.003092660877839881,"P2 energy, point estimates"
-5.344976537883383,0.13240748727680496,0.003092660877839881,"P2 energy, point estimates"
-5.346925124394485,0.13240748727680496,0.002973712382538407,"P2 energy, point estimates"
-5.361982956313398,0.13275252307426896,0.002973712382538407,"P2 energy, point estimates"
-5.368733015216897,0.13275252307426896,0.002854763887236822,"P2 energy, point estimates"
-5.435994932272866,0.1343914431122229,0.002854763887236822,"P2 energy, point estimates"
-5.438018916601472,0.13456396101095489,0.002854763887236822,"P2 energy, point estimates"
-5.477883555409827,0.13585784525144484,0.002854763887236822,"P2 energy, point estimates"
-5.484464471642731,0.13585784525144484,0.002735815391935237,"P2 energy, point estimates"
-5.529735952091414,0.13723798844130078,0.002735815391935237,"P2 energy, point estimates"
-5.532700577183583,0.13741050634003277,0.002735815391935237,"P2 energy, point estimates"
-5.6196711873009875,0.1393082032260847,0.002735815391935237,"P2 energy, point estimates"
-5.6240213165541135,0.1393082032260847,0.0026168668966337627,"P2 energy, point estimates"
-5.642492916495307,0.13991201587164667,0.0026168668966337627,"P2 energy, point estimates"
-5.6444006236168764,0.13991201587164667,0.0024979184013321776,"P2 energy, point estimates"
-5.701838358702952,0.14103338221340464,0.0024979184013321776,"P2 energy, point estimates"
-5.708074733321688,0.14103338221340464,0.0023789699060307035,"P2 energy, point estimates"
-5.758254361299475,0.1418959717070646,0.0023789699060307035,"P2 energy, point estimates"
-5.76642394757129,0.1418959717070646,0.0022600214107291183,"P2 energy, point estimates"
-5.812791575305084,0.14310359699818856,0.0022600214107291183,"P2 energy, point estimates"
-5.814374599601704,0.14310359699818856,0.0021410729154276442,"P2 energy, point estimates"
-5.818924066083474,0.14336237384628656,0.0021410729154276442,"P2 energy, point estimates"
-5.81929739825128,0.14353489174501854,0.0021410729154276442,"P2 energy, point estimates"
-6.03319636464726,0.14871042870697834,0.0021410729154276442,"P2 energy, point estimates"
-6.035217976477114,0.14871042870697834,0.002022124420126059,"P2 energy, point estimates"
-6.110647977088362,0.15043560769429828,0.002022124420126059,"P2 energy, point estimates"
-6.113146318126084,0.15043560769429828,0.001903175924824585,"P2 energy, point estimates"
-6.191547771329805,0.1525920814284482,0.001903175924824585,"P2 energy, point estimates"
-6.196791648272168,0.1525920814284482,0.0017842274295229998,"P2 energy, point estimates"
-6.208842159013916,0.15310963512464418,0.0017842274295229998,"P2 energy, point estimates"
-6.212022920875448,0.15310963512464418,0.0016652789342215257,"P2 energy, point estimates"
-6.274301561154077,0.15448977831450014,0.0016652789342215257,"P2 energy, point estimates"
-6.279528760176056,0.15466229621323213,0.0016652789342215257,"P2 energy, point estimates"
-6.292631136728023,0.1549210730613301,0.0016652789342215257,"P2 energy, point estimates"
-6.292770131471379,0.15509359096006212,0.0016652789342215257,"P2 energy, point estimates"
-6.296415447565298,0.15509359096006212,0.0015463304389199406,"P2 energy, point estimates"
-6.298431801111393,0.1552661088587941,0.0015463304389199406,"P2 energy, point estimates"
-6.3009974815006515,0.1554386267575261,0.0015463304389199406,"P2 energy, point estimates"
-6.346350470073453,0.15630121625118606,0.0015463304389199406,"P2 energy, point estimates"
-6.355029229840483,0.15630121625118606,0.0014273819436184665,"P2 energy, point estimates"
-6.356575662788487,0.15647373414991805,0.0014273819436184665,"P2 energy, point estimates"
-6.3644542421678025,0.15647373414991805,0.0013084334483168814,"P2 energy, point estimates"
-6.3963544088606845,0.15725006469421202,0.0013084334483168814,"P2 energy, point estimates"
-6.396478004533293,0.15725006469421202,0.0011894849530152962,"P2 energy, point estimates"
-6.562268511010592,0.16156301216251187,0.0011894849530152962,"P2 energy, point estimates"
-6.574780502505423,0.16173553006124386,0.0011894849530152962,"P2 energy, point estimates"
-6.623201246773647,0.1636332269472958,0.0011894849530152962,"P2 energy, point estimates"
-6.627453867952241,0.1636332269472958,0.0010705364577138221,"P2 energy, point estimates"
-6.66098602224757,0.16475459328905373,0.0010705364577138221,"P2 energy, point estimates"
-6.667415497509603,0.16475459328905373,0.000951587962412237,"P2 energy, point estimates"
-6.744737175344881,0.16647977227637367,0.000951587962412237,"P2 energy, point estimates"
-6.746804876164084,0.16665229017510566,0.000951587962412237,"P2 energy, point estimates"
-6.85958638897916,0.16915379970671957,0.000951587962412237,"P2 energy, point estimates"
-6.861816753331624,0.16932631760545155,0.000951587962412237,"P2 energy, point estimates"
-6.900799881072899,0.1703614249978435,0.000951587962412237,"P2 energy, point estimates"
-6.904960933540433,0.1703614249978435,0.0008326394671107629,"P2 energy, point estimates"
-7.0694975223610115,0.1738980419218494,0.0008326394671107629,"P2 energy, point estimates"
-7.074657767210454,0.1740705598205814,0.0008326394671107629,"P2 energy, point estimates"
-7.1120535414364205,0.17510566721297335,0.0008326394671107629,"P2 energy, point estimates"
-7.115043165692574,0.17510566721297335,0.0005947424765077036,"P2 energy, point estimates"
-7.3454656182517475,0.18105753471922711,0.0005947424765077036,"P2 energy, point estimates"
-7.346667702702784,0.1812300526179591,0.0005947424765077036,"P2 energy, point estimates"
-7.644561157667047,0.18838954541533684,0.0005947424765077036,"P2 energy, point estimates"
-7.645029427057789,0.18856206331406883,0.0005947424765077036,"P2 energy, point estimates"
-7.659867158592252,0.18882084016216683,0.0005947424765077036,"P2 energy, point estimates"
-7.662548766331989,0.18899335806089881,0.0005947424765077036,"P2 energy, point estimates"
-7.9366416273624605,0.19580781506081255,0.0005947424765077036,"P2 energy, point estimates"
-7.942755153689085,0.19580781506081255,0.0004757939812061185,"P2 energy, point estimates"
-8.180708393489326,0.20150090571896834,0.0004757939812061185,"P2 energy, point estimates"
-8.181219629404668,0.20167342361770033,0.0004757939812061185,"P2 energy, point estimates"
-8.343128661588736,0.2058138531872682,0.0004757939812061185,"P2 energy, point estimates"
-8.345417493624378,0.20598637108600018,0.0004757939812061185,"P2 energy, point estimates"
-8.529778350541012,0.21073061330113,0.0004757939812061185,"P2 energy, point estimates"
-8.531657358845205,0.21090313119986198,0.0004757939812061185,"P2 energy, point estimates"
-8.722622916030794,0.2155611144656258,0.0004757939812061185,"P2 energy, point estimates"
-8.722647593069745,0.2157336323643578,0.0004757939812061185,"P2 energy, point estimates"
-8.796739201684833,0.21720003450357975,0.0004757939812061185,"P2 energy, point estimates"
-8.805869103967872,0.21737255240231174,0.0004757939812061185,"P2 energy, point estimates"
-8.891539386622593,0.22004657983265763,0.0004757939812061185,"P2 energy, point estimates"
-8.898235856263746,0.22021909773138962,0.0004757939812061185,"P2 energy, point estimates"
-8.935811331231239,0.22082291037695162,0.0004757939812061185,"P2 energy, point estimates"
-8.938242501105481,0.2209954282756836,0.0004757939812061185,"P2 energy, point estimates"
-9.210172843436695,0.2286724747692573,0.0004757939812061185,"P2 energy, point estimates"
-9.215577669947272,0.2288449926679893,0.0004757939812061185,"P2 energy, point estimates"
-10.563431754731354,0.263176054515656,0.0004757939812061185,"P2 energy, point estimates"
-10.56392856032593,0.263176054515656,0.0003568454859046444,"P2 energy, point estimates"
-11.10324819266453,0.27818511170533944,0.0003568454859046444,"P2 energy, point estimates"
-11.103274100834735,0.2783576296040714,0.0003568454859046444,"P2 energy, point estimates"
-11.438818264497307,0.2862934529457431,0.0003568454859046444,"P2 energy, point estimates"
-11.440190975161919,0.2864659708444751,0.0003568454859046444,"P2 energy, point estimates"
-11.726301921198328,0.29319416889502287,0.0003568454859046444,"P2 energy, point estimates"
-11.729753524467686,0.29319416889502287,0.00023789699060305924,"P2 energy, point estimates"
-11.799292291340635,0.2944880531355128,0.00023789699060305924,"P2 energy, point estimates"
-11.802554140392788,0.2946605710342448,0.00023789699060305924,"P2 energy, point estimates"
-12.267594064086744,0.30639178814802037,0.00023789699060305924,"P2 energy, point estimates"
-12.269839855512757,0.30656430604675233,0.00023789699060305924,"P2 energy, point estimates"
-12.365469544809855,0.30941085137583024,0.00023789699060305924,"P2 energy, point estimates"
-12.36931322723273,0.30958336927456226,0.00023789699060305924,"P2 energy, point estimates"
-12.395598387262263,0.3107909945656862,0.00023789699060305924,"P2 energy, point estimates"
-12.398041185034373,0.31096351246441817,0.00023789699060305924,"P2 energy, point estimates"
-12.41869380270996,0.31148106616061416,0.00023789699060305924,"P2 energy, point estimates"
-12.419260524048667,0.3116535840593462,0.00023789699060305924,"P2 energy, point estimates"
-13.493407619935226,0.3389114120590011,0.00023789699060305924,"P2 energy, point estimates"
-13.496393838331663,0.3390839299577331,0.00023789699060305924,"P2 energy, point estimates"
-13.541268270689073,0.3400327784007591,0.00023789699060305924,"P2 energy, point estimates"
-13.545143026045345,0.34037781419822305,0.00023789699060305924,"P2 energy, point estimates"
-13.57245640932696,0.340981626843785,0.00023789699060305924,"P2 energy, point estimates"
-13.578640540766461,0.34115414474251704,0.00023789699060305924,"P2 energy, point estimates"
-13.824803740489052,0.3471060122487708,0.00023789699060305924,"P2 energy, point estimates"
-13.827722081415162,0.3472785301475028,0.00023789699060305924,"P2 energy, point estimates"
-14.00706379398067,0.3518502544639006,0.00023789699060305924,"P2 energy, point estimates"
-14.00725961780897,0.35202277236263263,0.00023789699060305924,"P2 energy, point estimates"
-14.0594424008619,0.35392046924868453,0.00023789699060305924,"P2 energy, point estimates"
-14.06397327910273,0.35409298714741655,0.00023789699060305924,"P2 energy, point estimates"
-14.412676680090666,0.36366773052704215,0.00023789699060305924,"P2 energy, point estimates"
-14.41586755513462,0.36384024842577417,0.00023789699060305924,"P2 energy, point estimates"
-15.073351545902064,0.3782454929698956,0.00023789699060305924,"P2 energy, point estimates"
-15.079280905486275,0.37841801086862764,0.00023789699060305924,"P2 energy, point estimates"
-15.569361005455386,0.39066678167859914,0.00023789699060305924,"P2 energy, point estimates"
-15.5693970400936,0.39083929957733116,0.00023789699060305924,"P2 energy, point estimates"
-16.75115709800604,0.42077115500733203,0.00023789699060305924,"P2 energy, point estimates"
-16.754175939940033,0.420943672906064,0.00023789699060305924,"P2 energy, point estimates"
-16.8957725486435,0.42508410247563183,0.00023789699060305924,"P2 energy, point estimates"
-16.91059887219173,0.42525662037436385,0.00023789699060305924,"P2 energy, point estimates"
-17.115417167134048,0.43034589838695764,0.00023789699060305924,"P2 energy, point estimates"
-17.123032950024204,0.43051841628568965,0.00023789699060305924,"P2 energy, point estimates"
-17.135042559336572,0.4311222289312516,0.00023789699060305924,"P2 energy, point estimates"
-17.137402145940303,0.4312947468299836,0.00023789699060305924,"P2 energy, point estimates"
-17.471363652000715,0.4402656775640473,0.00023789699060305924,"P2 energy, point estimates"
-17.472194217996794,0.44043819546277924,0.00023789699060305924,"P2 energy, point estimates"
-17.558780051963062,0.4425084102475632,0.00023789699060305924,"P2 energy, point estimates"
-17.5596427436057,0.4425084102475632,0.00011894849530158513,"P2 energy, point estimates"
-17.937305021447457,0.45173811782972484,0.00011894849530158513,"P2 energy, point estimates"
-17.938433010867225,0.4519106357284568,0.00011894849530158513,"P2 energy, point estimates"
-18.391545319373655,0.4619166738549125,0.00011894849530158513,"P2 energy, point estimates"
-18.391803229476718,0.46208919175364443,0.00011894849530158513,"P2 energy, point estimates"
-18.416689456507726,0.4629517812473044,0.00011894849530158513,"P2 energy, point estimates"
-18.41773543410679,0.4631242991460364,0.00011894849530158513,"P2 energy, point estimates"
-18.632095136591133,0.46864487190546017,0.00011894849530158513,"P2 energy, point estimates"
-18.635187945251836,0.46864487190546017,0.0,"P2 energy, point estimates"
-19.019411922660915,0.47545932890537396,0.0,"P2 energy, point estimates"
-19.022259001945798,0.4756318468041059,0.0,"P2 energy, point estimates"
-19.29547896354093,0.4825325627533857,0.0,"P2 energy, point estimates"
-19.29760498061878,0.48270508065211765,0.0,"P2 energy, point estimates"
-19.34535448163152,0.48374018804450963,0.0,"P2 energy, point estimates"
-19.347295155883433,0.4839127059432416,0.0,"P2 energy, point estimates"
-19.476264421210534,0.4865867333735875,0.0,"P2 energy, point estimates"
-19.476334828176142,0.4867592512723195,0.0,"P2 energy, point estimates"
-20.735860771472076,0.5154834814111964,0.0,"P2 energy, point estimates"
-20.735988610388276,0.5156559993099284,0.0,"P2 energy, point estimates"
-20.941139686709842,0.5194513930820323,0.0,"P2 energy, point estimates"
-20.943884830299965,0.5197964288794963,0.0,"P2 energy, point estimates"
-20.987184917068767,0.5208315362718882,0.0,"P2 energy, point estimates"
-20.987654738486366,0.5210040541706202,0.0,"P2 energy, point estimates"
-21.031434731982888,0.5222116794617442,0.0,"P2 energy, point estimates"
-21.03611730055737,0.5223841973604761,0.0,"P2 energy, point estimates"
-22.46000938874154,0.5515397222461831,0.0,"P2 energy, point estimates"
-22.461862390809017,0.551712240144915,0.0,"P2 energy, point estimates"
-22.493872531156597,0.552488570689209,0.0,"P2 energy, point estimates"
-22.497002200992068,0.552661088587941,0.0,"P2 energy, point estimates"
-23.051496172404896,0.5639610109548866,0.0,"P2 energy, point estimates"
-23.05195756132494,0.5641335288536186,0.0,"P2 energy, point estimates"
-23.704879782376075,0.5781074786509101,0.0,"P2 energy, point estimates"
-23.71051966246425,0.578279996549642,0.0,"P2 energy, point estimates"
-24.14776523998411,0.5872509272837056,0.0,"P2 energy, point estimates"
-24.152574764542727,0.5874234451824377,0.0,"P2 energy, point estimates"
-24.36292817299872,0.5926852410937635,0.0,"P2 energy, point estimates"
-24.363096942163892,0.5928577589924955,0.0,"P2 energy, point estimates"
-24.50849386657967,0.5956180453722074,0.0,"P2 energy, point estimates"
-24.518994815835768,0.5957905632709394,0.0,"P2 energy, point estimates"
-24.535862614596553,0.5963081169671354,0.0,"P2 energy, point estimates"
-24.541701552742506,0.5964806348658673,0.0,"P2 energy, point estimates"
-24.84035329660432,0.6020874665746572,0.0,"P2 energy, point estimates"
-24.844924484414058,0.6022599844733891,0.0,"P2 energy, point estimates"
-26.009766835585804,0.6240834986629863,0.0,"P2 energy, point estimates"
-26.019236326838605,0.6242560165617183,0.0,"P2 energy, point estimates"
-26.395054261503777,0.63176054515656,0.0,"P2 energy, point estimates"
-26.41373780118289,0.631933063055292,0.0,"P2 energy, point estimates"
-26.417179360516304,0.6320193220046579,0.0,"P2 energy, point estimates"
-26.418085515230295,0.63219183990339,0.0,"P2 energy, point estimates"
-26.73456434898476,0.6376261537134478,0.0,"P2 energy, point estimates"
-26.735820261299963,0.6377986716121797,0.0,"P2 energy, point estimates"
-26.94116170067408,0.6417665832830156,0.0,"P2 energy, point estimates"
-26.94978272847926,0.6419391011817476,0.0,"P2 energy, point estimates"
-27.37862943608821,0.6490985939791253,0.0,"P2 energy, point estimates"
-27.37869118031151,0.6492711118778574,0.0,"P2 energy, point estimates"
-27.770729947435107,0.6553092383334771,0.0,"P2 energy, point estimates"
-27.7719133006613,0.6554817562322091,0.0,"P2 energy, point estimates"
-27.87443740477627,0.6573794531182611,0.0,"P2 energy, point estimates"
-27.889401459488443,0.657551971016993,0.0,"P2 energy, point estimates"
-27.908349452732907,0.657724488915725,0.0,"P2 energy, point estimates"
-27.913560957038506,0.657897006814457,0.0,"P2 energy, point estimates"
-27.979369828669324,0.659190891054947,0.0,"P2 energy, point estimates"
-27.983368007282714,0.659363408953679,0.0,"P2 energy, point estimates"
-28.69806307652115,0.6709221081687226,0.0,"P2 energy, point estimates"
-28.703357845228815,0.6710946260674545,0.0,"P2 energy, point estimates"
-29.55023710367815,0.6864487190546019,0.0,"P2 energy, point estimates"
-29.551770853233258,0.6866212369533339,0.0,"P2 energy, point estimates"
-29.758224752000643,0.6900715949279738,0.0,"P2 energy, point estimates"
-29.768749539535175,0.6902441128267057,0.0,"P2 energy, point estimates"
-29.920001798257648,0.6924868455102217,0.0,"P2 energy, point estimates"
-29.922280068362532,0.6926593634089537,0.0,"P2 energy, point estimates"
-30.227554614523893,0.6974036056240835,0.0,"P2 energy, point estimates"
-30.229443035101816,0.6975761235228155,0.0,"P2 energy, point estimates"
-30.570000911661424,0.7030966962822393,0.0,"P2 energy, point estimates"
-30.58024805124697,0.7032692141809713,0.0,"P2 energy, point estimates"
-30.74132249593865,0.7057707237125852,0.0,"P2 energy, point estimates"
-30.747060576262445,0.7059432416113172,0.0,"P2 energy, point estimates"
-30.815331982246775,0.7074096437505392,0.0,"P2 energy, point estimates"
-30.822058204433155,0.7075821616492711,0.0,"P2 energy, point estimates"
-31.047376822655707,0.7119813680669369,0.0,"P2 energy, point estimates"
-31.070076572319504,0.712153885965669,0.0,"P2 energy, point estimates"
-31.323315148416846,0.7162943155352368,0.0,"P2 energy, point estimates"
-31.32353090473336,0.7164668334339688,0.0,"P2 energy, point estimates"
-31.707606897046944,0.7225049598895885,0.0,"P2 energy, point estimates"
-31.70979498386082,0.7226774777883206,0.0,"P2 energy, point estimates"
-32.153858994855895,0.7302682653325282,0.0,"P2 energy, point estimates"
-32.15680170160791,0.7304407832312603,0.0,"P2 energy, point estimates"
-32.23505848516329,0.7317346674717502,0.0,"P2 energy, point estimates"
-32.239159519079976,0.7319071853704822,0.0,"P2 energy, point estimates"
-32.31569103332314,0.7334598464590701,0.0,"P2 energy, point estimates"
-32.318618388090336,0.7336323643578021,0.0,"P2 energy, point estimates"
-32.44343107711606,0.7357888380919521,0.0,"P2 energy, point estimates"
-32.45649773512185,0.735961355990684,0.0,"P2 energy, point estimates"
-32.463060571206725,0.736133873889416,0.0,"P2 energy, point estimates"
-32.46872374023009,0.736306391788148,0.0,"P2 energy, point estimates"
-32.930126257363014,0.7435521435348917,0.0,"P2 energy, point estimates"
-32.93969191495401,0.7437246614336237,0.0,"P2 energy, point estimates"
-33.85531006932126,0.7592512723195032,0.0,"P2 energy, point estimates"
-33.86929215633853,0.7594237902182351,0.0,"P2 energy, point estimates"
-33.95276992342522,0.760803933408091,0.0,"P2 energy, point estimates"
-33.95757929740062,0.7609764513068231,0.0,"P2 energy, point estimates"
-34.301285584484184,0.7659794703700509,0.0,"P2 energy, point estimates"
-34.30752118457892,0.7661519882687828,0.0,"P2 energy, point estimates"
-34.370186110432336,0.7671870956611748,0.0,"P2 energy, point estimates"
-34.371829807885284,0.7673596135599069,0.0,"P2 energy, point estimates"
-34.709243865623655,0.7719313378763046,0.0,"P2 energy, point estimates"
-34.7094333396572,0.7721038557750367,0.0,"P2 energy, point estimates"
-35.54191196071925,0.7852152160786682,0.0,"P2 energy, point estimates"
-35.554938996955805,0.7853877339774001,0.0,"P2 energy, point estimates"
-35.55755436253308,0.7854739929267661,0.0,"P2 energy, point estimates"
-35.57166744744904,0.7856465108254982,0.0,"P2 energy, point estimates"
-37.10021740670145,0.8069524713188994,0.0,"P2 energy, point estimates"
-37.100626012037004,0.8071249892176313,0.0,"P2 energy, point estimates"
-37.36105917816765,0.8109203829897352,0.0,"P2 energy, point estimates"
-37.36252550514958,0.8110929008884672,0.0,"P2 energy, point estimates"
-38.177988796669425,0.8222203053566808,0.0,"P2 energy, point estimates"
-38.18633105362337,0.8223928232554127,0.0,"P2 energy, point estimates"
-38.78370618724961,0.8300698697489864,0.0,"P2 energy, point estimates"
-38.7899008411526,0.8302423876477184,0.0,"P2 energy, point estimates"
-39.1457373995313,0.8344690761666523,0.0,"P2 energy, point estimates"
-39.14770935534233,0.8346415940653843,0.0,"P2 energy, point estimates"
-39.1880628481251,0.8350728888122143,0.0,"P2 energy, point estimates"
-39.19065078183769,0.8352454067109463,0.0,"P2 energy, point estimates"
-39.74182553135327,0.841801086862762,0.0,"P2 energy, point estimates"
-39.75173972884304,0.841973604761494,0.0,"P2 energy, point estimates"
-39.96585482058468,0.8447338911412059,0.0,"P2 energy, point estimates"
-39.984834127248014,0.8449064090399379,0.0,"P2 energy, point estimates"
-41.64760563673069,0.8644009315966531,0.0,"P2 energy, point estimates"
-41.65646379470008,0.8646597084447512,0.0,"P2 energy, point estimates"
-42.753462858162735,0.8764771845078927,0.0,"P2 energy, point estimates"
-42.756297957980706,0.8766497024066247,0.0,"P2 energy, point estimates"
-44.006934077560395,0.8878633658242042,0.0,"P2 energy, point estimates"
-44.02435504090083,0.8880358837229363,0.0,"P2 energy, point estimates"
-44.34578192243743,0.8912274648494781,0.0,"P2 energy, point estimates"
-44.35139277112714,0.8913999827482101,0.0,"P2 energy, point estimates"
-46.30307999617977,0.9070991115328215,0.0,"P2 energy, point estimates"
-46.30415667930033,0.9072716294315535,0.0,"P2 energy, point estimates"
-46.966045377146266,0.9108082463555593,0.0,"P2 energy, point estimates"
-46.96611347572905,0.9109807642542914,0.0,"P2 energy, point estimates"
-47.44690615891985,0.9141723453808333,0.0,"P2 energy, point estimates"
-47.44841555054004,0.9143448632795652,0.0,"P2 energy, point estimates"
-49.45746246108059,0.9285775899249548,0.0,"P2 energy, point estimates"
-49.46264715602815,0.9287501078236867,0.0,"P2 energy, point estimates"
-49.59923752946385,0.9296989562667126,0.0,"P2 energy, point estimates"
-49.609159414999915,0.9298714741654447,0.0,"P2 energy, point estimates"
-51.545573992177566,0.9415164323298543,0.0,"P2 energy, point estimates"
-51.54863689223502,0.9416889502285862,0.0,"P2 energy, point estimates"
-51.59624936986098,0.9418614681273182,0.0,"P2 energy, point estimates"
-51.625497340003804,0.9420339860260502,0.0,"P2 energy, point estimates"
-51.78849950001106,0.9425515397222461,0.0,"P2 energy, point estimates"
-51.81747264629863,0.9427240576209782,0.0,"P2 energy, point estimates"
-52.01089648838499,0.9435866471146381,0.0,"P2 energy, point estimates"
-52.01905525870096,0.9437591650133701,0.0,"P2 energy, point estimates"
-53.11963445410666,0.9490209609246959,0.0,"P2 energy, point estimates"
-53.12530717633042,0.949193478823428,0.0,"P2 energy, point estimates"
-53.231909396929616,0.9500560683170879,0.0,"P2 energy, point estimates"
-53.24444104218293,0.9502285862158198,0.0,"P2 energy, point estimates"
-54.88037956170221,0.9569567842663677,0.0,"P2 energy, point estimates"
-54.906734378106044,0.9571293021650996,0.0,"P2 energy, point estimates"
-55.61340526898083,0.9604071422410075,0.0,"P2 energy, point estimates"
-55.66070672248655,0.9605796601397395,0.0,"P2 energy, point estimates"
-55.951693536601525,0.9623910980764254,0.0,"P2 energy, point estimates"
-55.955144748897915,0.9625636159751574,0.0,"P2 energy, point estimates"
-56.9650895918687,0.9670490813421893,0.0,"P2 energy, point estimates"
-56.98383188141885,0.9672215992409212,0.0,"P2 energy, point estimates"
-62.17764205461757,0.9818856206331407,0.0,"P2 energy, point estimates"
-62.311022328010765,0.9820581385318726,0.0,"P2 energy, point estimates"
-89.23846733592285,1.0,0.0,"P2 energy, point estimates"
inf,0.0,1.0,P3 EnduroSense P(success)
1.0,0.0,0.555965267039372,P3 EnduroSense P(success)
0.9999999999999999,0.0,0.5532294516474366,P3 EnduroSense P(success)
0.9999999999999997,0.0,0.5519210181991198,P3 EnduroSense P(success)
0.9999999999999996,0.0,0.5515641727132152,P3 EnduroSense P(success)
0.9999999999999994,0.0,0.5504936362555013,P3 EnduroSense P(success)
0.9999999999999991,0.0,0.5500178422742952,P3 EnduroSense P(success)
0.9999999999999989,0.0,0.5497799452836922,P3 EnduroSense P(success)
0.9999999999999987,0.0,0.5494230997977876,P3 EnduroSense P(success)
0.9999999999999986,0.0,0.5489473058165815,P3 EnduroSense P(success)
0.9999999999999984,0.0,0.5488283573212799,P3 EnduroSense P(success)
0.9999999999999983,0.0,0.5483525633400738,P3 EnduroSense P(success)
0.9999999999999981,0.0,0.5482336148447722,P3 EnduroSense P(success)
0.9999999999999976,0.0,0.5471630783870585,P3 EnduroSense P(success)
0.999999999999997,0.0,0.5468062329011538,P3 EnduroSense P(success)
0.9999999999999969,0.0,0.5463304389199477,P3 EnduroSense P(success)
0.9999999999999961,0.0,0.5459735934340431,P3 EnduroSense P(success)
0.999999999999996,0.0,0.5456167479481384,P3 EnduroSense P(success)
0.9999999999999956,0.0,0.5453788509575355,P3 EnduroSense P(success)
0.9999999999999954,0.0,0.5451409539669323,P3 EnduroSense P(success)
0.9999999999999949,0.0,0.5450220054716308,P3 EnduroSense P(success)
0.9999999999999946,0.0,0.5446651599857262,P3 EnduroSense P(success)
0.9999999999999943,0.0,0.5445462114904247,P3 EnduroSense P(success)
0.999999999999994,0.0,0.5443083144998215,P3 EnduroSense P(success)
0.9999999999999923,0.0,0.5435946235280124,P3 EnduroSense P(success)
0.999999999999992,0.0,0.5433567265374093,P3 EnduroSense P(success)
0.9999999999999919,0.0,0.5432377780421078,P3 EnduroSense P(success)
0.9999999999999918,0.0,0.5429998810515047,P3 EnduroSense P(success)
0.9999999999999878,0.0,0.5425240870702985,P3 EnduroSense P(success)
0.9999999999999872,0.0,0.5422861900796955,P3 EnduroSense P(success)
0.9999999999999818,0.0,0.5413346021172832,P3 EnduroSense P(success)
0.9999999999999816,0.0,0.5409777566313786,P3 EnduroSense P(success)
0.9999999999999762,0.0,0.5401451171642679,P3 EnduroSense P(success)
0.9999999999999761,0.0,0.5399072201736648,P3 EnduroSense P(success)
0.9999999999998898,0.0,0.5362198168193173,P3 EnduroSense P(success)
0.9999999999998763,0.0,0.5359819198287141,P3 EnduroSense P(success)
0.9999999999997771,0.0,0.5339597954085881,P3 EnduroSense P(success)
0.9999999999997767,0.0,0.533721898417985,P3 EnduroSense P(success)
0.9999999999975612,0.0,0.5270607826810991,P3 EnduroSense P(success)
0.999999999997506,0.0,0.526822885690496,P3 EnduroSense P(success)
0.9999999998437638,0.0,0.5121922207684073,P3 EnduroSense P(success)
0.9999999998422721,0.0,0.5119543237778041,P3 EnduroSense P(success)
0.9999999994010119,0.0,0.5052932080409183,P3 EnduroSense P(success)
0.999999999398861,0.0,0.5050553110503152,P3 EnduroSense P(success)
0.9999999993061802,0.0,0.5038658260972999,P3 EnduroSense P(success)
0.9999999992405528,0.0,0.5036279291066967,P3 EnduroSense P(success)
0.9999999917573171,0.0,0.4918520280718449,P3 EnduroSense P(success)
0.9999999916596795,0.0,0.49161413108124186,P3 EnduroSense P(success)
0.9999998203470885,0.0,0.4769834661591531,P3 EnduroSense P(success)
0.9999998201005167,0.0,0.47674556916855004,P3 EnduroSense P(success)
0.9999968557496953,0.0,0.4596169858451291,P3 EnduroSense P(success)
0.9999968226136763,0.0,0.45937908885452594,P3 EnduroSense P(success)
0.9999962578874141,0.0,0.45830855239681223,P3 EnduroSense P(success)
0.999996239352364,0.0,0.45807065540620906,P3 EnduroSense P(success)
0.9999814734236858,0.0,0.4458189603901511,P3 EnduroSense P(success)
0.9999814630306813,0.0,0.44558106339954795,P3 EnduroSense P(success)
0.9999484395202377,0.0,0.4370167717378375,P3 EnduroSense P(success)
0.9999484059729147,8.625894936599672e-05,0.4370167717378375,P3 EnduroSense P(success)
0.9999404009020469,8.625894936599672e-05,0.435113595813013,P3 EnduroSense P(success)
0.9999397435591864,8.625894936599672e-05,0.43487569882240995,P3 EnduroSense P(success)
0.9998740389653988,8.625894936599672e-05,0.4278577375996193,P3 EnduroSense P(success)
0.9998730489117862,8.625894936599672e-05,0.42761984060901626,P3 EnduroSense P(success)
0.9997623515845774,8.625894936599672e-05,0.41988818841441655,P3 EnduroSense P(success)
0.9997609846265783,8.625894936599672e-05,0.4196502914238135,P3 EnduroSense P(success)
0.999674213490113,8.625894936599672e-05,0.41703342452717973,P3 EnduroSense P(success)
0.9996595802479178,8.625894936599672e-05,0.41679552753657667,P3 EnduroSense P(success)
0.9993003809170253,8.625894936599672e-05,0.4035922445581064,P3 EnduroSense P(success)
0.9993002217423549,8.625894936599672e-05,0.4033543475675033,P3 EnduroSense P(success)
0.9986559492721443,8.625894936599672e-05,0.3945521589151897,P3 EnduroSense P(success)
0.9986524638475287,8.625894936599672e-05,0.39431426192458663,P3 EnduroSense P(success)
0.9986108407106664,8.625894936599672e-05,0.39360057095277745,P3 EnduroSense P(success)
0.9986072611568281,8.625894936599672e-05,0.3933626739621744,P3 EnduroSense P(success)
0.9981597262413497,8.625894936599672e-05,0.3874152491970977,P3 EnduroSense P(success)
0.9981105299948422,8.625894936599672e-05,0.38717735220649463,P3 EnduroSense P(success)
0.9978118110885629,8.625894936599672e-05,0.38277625788033787,P3 EnduroSense P(success)
0.9978003082301737,8.625894936599672e-05,0.3825383608897347,P3 EnduroSense P(success)
0.9977984996874842,0.00017251789873199344,0.3825383608897347,P3 EnduroSense P(success)
0.9972815516972275,0.00017251789873199344,0.3736172237421197,P3 EnduroSense P(success)
0.9972616169750643,0.00025877684809799017,0.3736172237421197,P3 EnduroSense P(success)
0.9972528656655154,0.00025877684809799017,0.37337932675151664,P3 EnduroSense P(success)
0.9971565997835959,0.00025877684809799017,0.3718329963125967,P3 EnduroSense P(success)
0.9971519172296968,0.00025877684809799017,0.3715950993219935,P3 EnduroSense P(success)
0.9970552199888145,0.00025877684809799017,0.3698108718924705,P3 EnduroSense P(success)
0.9970240458791336,0.0003450357974639869,0.3698108718924705,P3 EnduroSense P(success)
0.9969562141655481,0.0003450357974639869,0.36921612941596293,P3 EnduroSense P(success)
0.9969372931787228,0.0003450357974639869,0.36897823242535976,P3 EnduroSense P(success)
0.996826313217284,0.0003450357974639869,0.36719400499583676,P3 EnduroSense P(success)
0.9968213317505572,0.0003450357974639869,0.3669561080052337,P3 EnduroSense P(success)
0.9957131570687622,0.0003450357974639869,0.35779707386701554,P3 EnduroSense P(success)
0.9957126491242547,0.00043129474682998363,0.35779707386701554,P3 EnduroSense P(success)
0.9952985655185276,0.00043129474682998363,0.3531580825502557,P3 EnduroSense P(success)
0.9952721155433878,0.0005175536961959803,0.3531580825502557,P3 EnduroSense P(success)
0.9949536777004514,0.0005175536961959803,0.34935173070060666,P3 EnduroSense P(success)
0.9949376278523978,0.000603812645561977,0.34935173070060666,P3 EnduroSense P(success)
0.9945881497555961,0.000603812645561977,0.34697276079457595,P3 EnduroSense P(success)
0.9945827377659107,0.0006900715949279737,0.34697276079457595,P3 EnduroSense P(success)
0.992332208968895,0.0006900715949279737,0.3336505293208041,P3 EnduroSense P(success)
0.9923175704320459,0.0007763305442939705,0.3336505293208041,P3 EnduroSense P(success)
0.9915447373223985,0.0007763305442939705,0.3277031045557274,P3 EnduroSense P(success)
0.9915281578541069,0.0007763305442939705,0.3274652075651243,P3 EnduroSense P(success)
0.9909577884388568,0.0007763305442939705,0.3252051861543952,P3 EnduroSense P(success)
0.9909531862091541,0.0007763305442939705,0.32496728916379203,P3 EnduroSense P(success)
0.9901245882822789,0.0007763305442939705,0.3216367312953491,P3 EnduroSense P(success)
0.990065432033505,0.0007763305442939705,0.32139883430474603,P3 EnduroSense P(success)
0.9892994943090752,0.0007763305442939705,0.31842512192220773,P3 EnduroSense P(success)
0.989230179037381,0.0008625894936599673,0.31842512192220773,P3 EnduroSense P(success)
0.9887204724161285,0.0008625894936599673,0.31580825502557397,P3 EnduroSense P(success)
0.9887091960398822,0.000948848443025964,0.31580825502557397,P3 EnduroSense P(success)
0.9879827311443008,0.000948848443025964,0.3124776971571309,P3 EnduroSense P(success)
0.9879183726082335,0.0010351073923919607,0.3124776971571309,P3 EnduroSense P(success)
0.987915754310946,0.0010351073923919607,0.31235874866182944,P3 EnduroSense P(success)
0.9879089308710911,0.0010351073923919607,0.3121208516712264,P3 EnduroSense P(success)
0.9870263237215389,0.0010351073923919607,0.3083144998215772,P3 EnduroSense P(success)
0.9870134115194059,0.0011213663417579574,0.3083144998215772,P3 EnduroSense P(success)
0.9868025814136783,0.0011213663417579574,0.30748186035446656,P3 EnduroSense P(success)
0.9867004776668249,0.0011213663417579574,0.3072439633638634,P3 EnduroSense P(success)
0.9862359830722879,0.0011213663417579574,0.30581658142024504,P3 EnduroSense P(success)
0.9862321008324912,0.001207625291123954,0.30581658142024504,P3 EnduroSense P(success)
0.9857010109083029,0.001207625291123954,0.30260497204710357,P3 EnduroSense P(success)
0.9856994059643585,0.001207625291123954,0.3023670750565005,P3 EnduroSense P(success)
0.983918159979211,0.001207625291123954,0.29546806232901157,P3 EnduroSense P(success)
0.983914045607057,0.001207625291123954,0.2952301653384085,P3 EnduroSense P(success)
0.9828781661335655,0.001207625291123954,0.2910669680028548,P3 EnduroSense P(success)
0.9827696465361313,0.001207625291123954,0.29082907101225175,P3 EnduroSense P(success)
0.9820803089458221,0.001207625291123954,0.28833115261091946,P3 EnduroSense P(success)
0.9820802487553637,0.0012938842404899508,0.28833115261091946,P3 EnduroSense P(success)
0.9811746030373686,0.0012938842404899508,0.285119543237778,P3 EnduroSense P(success)
0.9811633088249164,0.0012938842404899508,0.28488164624717494,P3 EnduroSense P(success)
0.9770098988907088,0.0012938842404899508,0.2741762816700368,P3 EnduroSense P(success)
0.9770027207604096,0.0013801431898559475,0.2741762816700368,P3 EnduroSense P(success)
0.975279772070718,0.0013801431898559475,0.26870465088616624,P3 EnduroSense P(success)
0.9752392608286244,0.0014664021392219442,0.26870465088616624,P3 EnduroSense P(success)
0.9735901236950789,0.0014664021392219442,0.26561199000832636,P3 EnduroSense P(success)
0.9735538078127993,0.0014664021392219442,0.2653740930177233,P3 EnduroSense P(success)
0.9730310787058636,0.0014664021392219442,0.2643035565600095,P3 EnduroSense P(success)
0.9729995292884012,0.0014664021392219442,0.2640656595694064,P3 EnduroSense P(success)
0.9729345174604163,0.0014664021392219442,0.26382776257880336,P3 EnduroSense P(success)
0.9728600859137245,0.001552661088587941,0.26382776257880336,P3 EnduroSense P(success)
0.9727389047965913,0.001552661088587941,0.2634709170928988,P3 EnduroSense P(success)
0.9727162959465846,0.001552661088587941,0.26323302010229566,P3 EnduroSense P(success)
0.9723516263405023,0.001552661088587941,0.2622814321398834,P3 EnduroSense P(success)
0.9723487731805966,0.0016389200379539378,0.2622814321398834,P3 EnduroSense P(success)
0.9698653683355858,0.0016389200379539378,0.257523492327822,P3 EnduroSense P(success)
0.9697756128256352,0.0016389200379539378,0.25728559533721895,P3 EnduroSense P(success)
0.9678662466503366,0.0016389200379539378,0.2522897585345545,P3 EnduroSense P(success)
0.9677349919905334,0.0017251789873199345,0.2522897585345545,P3 EnduroSense P(success)
0.9662431966490714,0.0017251789873199345,0.24943499464731766,P3 EnduroSense P(success)
0.9661541950905633,0.0018114379366859312,0.24943499464731766,P3 EnduroSense P(success)
0.9658785587445462,0.0018114379366859312,0.24907814916141313,P3 EnduroSense P(success)
0.9657517969990242,0.001897696886051928,0.24907814916141313,P3 EnduroSense P(success)
0.9653467495795198,0.001897696886051928,0.24836445818960395,P3 EnduroSense P(success)
0.9651780767841825,0.0019839558354179244,0.24836445818960395,P3 EnduroSense P(success)
0.9651470424251627,0.0019839558354179244,0.2480076127036993,P3 EnduroSense P(success)
0.9651306977580828,0.0019839558354179244,0.24776971571309625,P3 EnduroSense P(success)
0.9640611896335599,0.0019839558354179244,0.24634233376947778,P3 EnduroSense P(success)
0.9640514022432767,0.0020702147847839214,0.24634233376947778,P3 EnduroSense P(success)
0.9631440049383275,0.0020702147847839214,0.2456286427976686,P3 EnduroSense P(success)
0.9630235480401756,0.0020702147847839214,0.2451528488164625,P3 EnduroSense P(success)
0.961750790640915,0.0020702147847839214,0.24289282740573337,P3 EnduroSense P(success)
0.9616973280041453,0.0020702147847839214,0.2426549304151302,P3 EnduroSense P(success)
0.9615174708939148,0.0020702147847839214,0.24194123944332102,P3 EnduroSense P(success)
0.9615110374916103,0.002156473734149918,0.24194123944332102,P3 EnduroSense P(success)
0.9614363051850916,0.002156473734149918,0.24170334245271796,P3 EnduroSense P(success)
0.9606248438541768,0.002156473734149918,0.24051385749970267,P3 EnduroSense P(success)
0.9605724712854479,0.002156473734149918,0.2402759605090996,P3 EnduroSense P(success)
0.9600886927353397,0.002156473734149918,0.23932437254668726,P3 EnduroSense P(success)
0.9600806027281172,0.0022427326835159148,0.23932437254668726,P3 EnduroSense P(success)
0.9600744343302862,0.0022427326835159148,0.23920542405138578,P3 EnduroSense P(success)
0.960065266533456,0.0023289916328819117,0.23920542405138578,P3 EnduroSense P(success)
0.959863481668321,0.0023289916328819117,0.23884857856548114,P3 EnduroSense P(success)
0.9597809358987519,0.0023289916328819117,0.23861068157487808,P3 EnduroSense P(success)
0.958544871048831,0.0023289916328819117,0.23694540264065655,P3 EnduroSense P(success)
0.9585039989886096,0.002415250582247908,0.23694540264065655,P3 EnduroSense P(success)
0.9534228458447314,0.002415250582247908,0.22742952301653385,P3 EnduroSense P(success)
0.9533427729423025,0.002415250582247908,0.2271916260259308,P3 EnduroSense P(success)
0.9505362752734713,0.002415250582247908,0.22267158320447245,P3 EnduroSense P(success)
0.9505238634342257,0.002501509531613905,0.22267158320447245,P3 EnduroSense P(success)
0.9438341572576415,0.002501509531613905,0.21375044605685734,P3 EnduroSense P(success)
0.9437611151959957,0.0025877684809799016,0.21375044605685734,P3 EnduroSense P(success)
0.9430406859160549,0.0025877684809799016,0.21303675508504816,P3 EnduroSense P(success)
0.9428447150142009,0.002760286379711895,0.21303675508504816,P3 EnduroSense P(success)
0.9420520584363936,0.002760286379711895,0.21232306411323898,P3 EnduroSense P(success)
0.9420281446511192,0.002846545329077892,0.21232306411323898,P3 EnduroSense P(success)
0.9413782794676737,0.002846545329077892,0.21172832163673128,P3 EnduroSense P(success)
0.941243163841695,0.0029328042784438884,0.21172832163673128,P3 EnduroSense P(success)
0.9411474371017527,0.0029328042784438884,0.2116093731414298,P3 EnduroSense P(success)
0.9409028675869134,0.0030190632278098853,0.2116093731414298,P3 EnduroSense P(success)
0.9402098532702928,0.0030190632278098853,0.21053883668371598,P3 EnduroSense P(success)
0.9400812788645037,0.003105322177175882,0.21053883668371598,P3 EnduroSense P(success)
0.9398961538543393,0.003105322177175882,0.21006304270250986,P3 EnduroSense P(success)
0.939889325533619,0.003105322177175882,0.2098251457119067,P3 EnduroSense P(success)
0.9382139534501439,0.003105322177175882,0.20756512430117757,P3 EnduroSense P(success)
0.9380897930099621,0.0032778400759078757,0.20756512430117757,P3 EnduroSense P(success)
0.9368974932627949,0.0032778400759078757,0.20601879386225763,P3 EnduroSense P(success)
0.9368550708315994,0.003364099025273872,0.20601879386225763,P3 EnduroSense P(success)
0.9354830226864511,0.003364099025273872,0.20471036041394075,P3 EnduroSense P(success)
0.9354113737049764,0.0035366169240058655,0.20471036041394075,P3 EnduroSense P(success)
0.9347611982042596,0.0035366169240058655,0.20387772094683,P3 EnduroSense P(success)
0.9347157360587346,0.0036228758733718625,0.20387772094683,P3 EnduroSense P(success)
0.9316417169959905,0.0036228758733718625,0.200309266087784,P3 EnduroSense P(success)
0.9315680974781315,0.003709134822737859,0.200309266087784,P3 EnduroSense P(success)
0.9312564962242683,0.003709134822737859,0.19971452361127628,P3 EnduroSense P(success)
0.931097091917946,0.003795393772103856,0.19971452361127628,P3 EnduroSense P(success)
0.9299545096504116,0.003795393772103856,0.19876293564886405,P3 EnduroSense P(success)
0.9298973348218987,0.0038816527214698524,0.19876293564886405,P3 EnduroSense P(success)
0.9297722451898407,0.0038816527214698524,0.198525038658261,P3 EnduroSense P(success)
0.929750792273681,0.003967911670835849,0.198525038658261,P3 EnduroSense P(success)
0.9295480438509824,0.003967911670835849,0.19804924467705487,P3 EnduroSense P(success)
0.9295421190152119,0.004054170620201846,0.19804924467705487,P3 EnduroSense P(success)
0.9291381329019948,0.004054170620201846,0.19745450220054717,P3 EnduroSense P(success)
0.9289500593041737,0.004054170620201846,0.1972166052099441,P3 EnduroSense P(success)
0.9287296706406858,0.004140429569567843,0.1972166052099441,P3 EnduroSense P(success)
0.9273930130758553,0.004140429569567843,0.1954323777804211,P3 EnduroSense P(success)
0.9273721669206745,0.004140429569567843,0.19519448078981805,P3 EnduroSense P(success)
0.9254889869618235,0.004140429569567843,0.19293445937908882,P3 EnduroSense P(success)
0.9253008000909453,0.004140429569567843,0.19269656238848576,P3 EnduroSense P(success)
0.9250042037542932,0.004140429569567843,0.1924586653978827,P3 EnduroSense P(success)
0.924828433598572,0.00422668851893384,0.1924586653978827,P3 EnduroSense P(success)
0.924032903068399,0.00422668851893384,0.191863922921375,P3 EnduroSense P(success)
0.9240108037130338,0.004312947468299836,0.191863922921375,P3 EnduroSense P(success)
0.9224672762859278,0.004312947468299836,0.18996074699655052,P3 EnduroSense P(success)
0.9224643136630948,0.004312947468299836,0.18972285000594746,P3 EnduroSense P(success)
0.9219644431572267,0.004312947468299836,0.18924705602474123,P3 EnduroSense P(success)
0.9219621184096443,0.004312947468299836,0.18900915903413817,P3 EnduroSense P(success)
0.920731653595034,0.004312947468299836,0.18722493160461517,P3 EnduroSense P(success)
0.9205790604000313,0.004399206417665833,0.18722493160461517,P3 EnduroSense P(success)
0.9186665801625131,0.004399206417665833,0.18555965267039376,P3 EnduroSense P(success)
0.918655602624691,0.0044854653670318295,0.18555965267039376,P3 EnduroSense P(success)
0.9141392451425245,0.0044854653670318295,0.18127750683953847,P3 EnduroSense P(success)
0.9140515580167835,0.004657983265763823,0.18127750683953847,P3 EnduroSense P(success)
0.913955681372344,0.004657983265763823,0.1810396098489354,P3 EnduroSense P(success)
0.9133015838495546,0.004657983265763823,0.18032591887712623,P3 EnduroSense P(success)
0.913299722586048,0.004744242215129819,0.18032591887712623,P3 EnduroSense P(success)
0.9128604347317517,0.004744242215129819,0.18008802188652318,P3 EnduroSense P(success)
0.9127993339125874,0.004830501164495816,0.18008802188652318,P3 EnduroSense P(success)
0.9125017430506146,0.004830501164495816,0.1793743309147139,P3 EnduroSense P(success)
0.9123424325152094,0.004916760113861813,0.1793743309147139,P3 EnduroSense P(success)
0.9107792027146744,0.004916760113861813,0.17794694897109553,P3 EnduroSense P(success)
0.9106933239715828,0.00500301906322781,0.17794694897109553,P3 EnduroSense P(success)
0.9085188240248716,0.00500301906322781,0.1756869275603664,P3 EnduroSense P(success)
0.9082136861318859,0.005089278012593806,0.1756869275603664,P3 EnduroSense P(success)
0.9069680009262122,0.005089278012593806,0.17437849411204953,P3 EnduroSense P(success)
0.90670858331207,0.005175536961959803,0.17437849411204953,P3 EnduroSense P(success)
0.9063423117925317,0.005175536961959803,0.1740216486261449,P3 EnduroSense P(success)
0.906306801913317,0.0052617959113258,0.1740216486261449,P3 EnduroSense P(success)
0.9061047058957581,0.0052617959113258,0.17378375163554183,P3 EnduroSense P(success)
0.9060042917908229,0.005348054860691797,0.17378375163554183,P3 EnduroSense P(success)
0.9049938013353196,0.005348054860691797,0.172713215177828,P3 EnduroSense P(success)
0.9048586826941184,0.005434313810057794,0.172713215177828,P3 EnduroSense P(success)
0.9035225359393837,0.005434313810057794,0.17128583323420954,P3 EnduroSense P(success)
0.9034383772002841,0.005434313810057794,0.17104793624360648,P3 EnduroSense P(success)
0.9032476294273521,0.005434313810057794,0.17069109075770195,P3 EnduroSense P(success)
0.9032329103709098,0.00552057275942379,0.17069109075770195,P3 EnduroSense P(success)
0.9027035621901572,0.00552057275942379,0.16985845129059118,P3 EnduroSense P(success)
0.9023787907534433,0.00552057275942379,0.16962055429998812,P3 EnduroSense P(success)
0.9021744695520281,0.005606831708789787,0.16962055429998812,P3 EnduroSense P(success)
0.9020610265561635,0.005606831708789787,0.16938265730938507,P3 EnduroSense P(success)
0.9010926001715012,0.005606831708789787,0.169144760318782,P3 EnduroSense P(success)
0.8994947750416017,0.005606831708789787,0.16771737837516354,P3 EnduroSense P(success)
0.8993474086386806,0.005693090658155784,0.16771737837516354,P3 EnduroSense P(success)
0.8985648444134037,0.005693090658155784,0.16664684191744972,P3 EnduroSense P(success)
0.8985608909645154,0.005779349607521781,0.16664684191744972,P3 EnduroSense P(success)
0.8971216045425663,0.005779349607521781,0.1655763054597359,P3 EnduroSense P(success)
0.8971149867202882,0.005865608556887777,0.1655763054597359,P3 EnduroSense P(success)
0.8955447295034634,0.005865608556887777,0.16414892351611754,P3 EnduroSense P(success)
0.8952756527431827,0.005951867506253774,0.16414892351611754,P3 EnduroSense P(success)
0.8941694716647315,0.005951867506253774,0.16284049006780066,P3 EnduroSense P(success)
0.8941551784725829,0.006038126455619771,0.16284049006780066,P3 EnduroSense P(success)
0.8939062152343579,0.006038126455619771,0.16272154157249907,P3 EnduroSense P(success)
0.8938886361545316,0.0061243854049857676,0.16272154157249907,P3 EnduroSense P(success)
0.8938715333469918,0.0061243854049857676,0.1626025930771976,P3 EnduroSense P(success)
0.8937555492853495,0.006210644354351764,0.1626025930771976,P3 EnduroSense P(success)
0.8917684454927763,0.006210644354351764,0.16176995361008684,P3 EnduroSense P(success)
0.8913684263345343,0.0062969033037177605,0.16176995361008684,P3 EnduroSense P(success)
0.8888087687231385,0.0062969033037177605,0.16034257166646837,P3 EnduroSense P(success)
0.888738273554577,0.0062969033037177605,0.1601046746758653,P3 EnduroSense P(success)
0.8882949790846318,0.0062969033037177605,0.15939098370405613,P3 EnduroSense P(success)
0.8879715845138213,0.0063831622530837575,0.15939098370405613,P3 EnduroSense P(success)
0.8841135623621664,0.0063831622530837575,0.15641727132151784,P3 EnduroSense P(success)
0.8839037412278197,0.006469421202449754,0.15641727132151784,P3 EnduroSense P(success)
0.8825582373421389,0.006469421202449754,0.15522778636850243,P3 EnduroSense P(success)
0.8824844805228017,0.006555680151815751,0.15522778636850243,P3 EnduroSense P(success)
0.8792351303170465,0.006555680151815751,0.15272986796717025,P3 EnduroSense P(success)
0.8791669866901956,0.006641939101181747,0.15272986796717025,P3 EnduroSense P(success)
0.878549659071804,0.006641939101181747,0.15213512549066255,P3 EnduroSense P(success)
0.8781011179216782,0.006814456999913741,0.15213512549066255,P3 EnduroSense P(success)
0.87347436939978,0.006814456999913741,0.14916141310812414,P3 EnduroSense P(success)
0.8734564051401812,0.006900715949279738,0.14916141310812414,P3 EnduroSense P(success)
0.8725342665223799,0.006900715949279738,0.14809087665041032,P3 EnduroSense P(success)
0.872493382190637,0.006986974898645734,0.14809087665041032,P3 EnduroSense P(success)
0.8720927909924145,0.006986974898645734,0.14773403116450579,P3 EnduroSense P(success)
0.8719949579364803,0.007073233848011731,0.14773403116450579,P3 EnduroSense P(success)
0.8705019917712982,0.007073233848011731,0.1464255977161889,P3 EnduroSense P(success)
0.8704884559829403,0.007159492797377728,0.1464255977161889,P3 EnduroSense P(success)
0.8704826387639557,0.007159492797377728,0.14618770072558585,P3 EnduroSense P(success)
0.8623738413173402,0.007159492797377728,0.13952658498869985,P3 EnduroSense P(success)
0.8623494663805872,0.007245751746743725,0.13952658498869985,P3 EnduroSense P(success)
0.8622994167486152,0.007245751746743725,0.13940763649339838,P3 EnduroSense P(success)
0.8621858180821823,0.007332010696109721,0.13940763649339838,P3 EnduroSense P(success)
0.8608726384120875,0.007332010696109721,0.1386939455215892,P3 EnduroSense P(success)
0.8606639703643192,0.007418269645475718,0.1386939455215892,P3 EnduroSense P(success)
0.8605211974144307,0.007418269645475718,0.13845604853098603,P3 EnduroSense P(success)
0.8597706976370111,0.007590787544207712,0.13845604853098603,P3 EnduroSense P(success)
0.8557490724256941,0.007590787544207712,0.1351254906625431,P3 EnduroSense P(success)
0.8556355504289661,0.007677046493573709,0.1351254906625431,P3 EnduroSense P(success)
0.8547986835786772,0.007677046493573709,0.13500654216724162,P3 EnduroSense P(success)
0.8544053230849541,0.007677046493573709,0.13476864517663856,P3 EnduroSense P(success)
0.8543974185061903,0.007677046493573709,0.13464969668133697,P3 EnduroSense P(success)
0.854261369015592,0.007763305442939705,0.13464969668133697,P3 EnduroSense P(success)
0.8534564299036469,0.007763305442939705,0.13417390270013085,P3 EnduroSense P(success)
0.8534295740823948,0.007849564392305702,0.13417390270013085,P3 EnduroSense P(success)
0.8520784347771911,0.007849564392305702,0.13357916022362315,P3 EnduroSense P(success)
0.8520531873266806,0.007935823341671698,0.13357916022362315,P3 EnduroSense P(success)
0.8498073312465856,0.007935823341671698,0.13238967527060785,P3 EnduroSense P(success)
0.849691639498198,0.008022082291037696,0.13238967527060785,P3 EnduroSense P(success)
0.849548763711773,0.008022082291037696,0.13227072677530627,P3 EnduroSense P(success)
0.8493742032511175,0.008022082291037696,0.1320328297847032,P3 EnduroSense P(success)
0.8468662109561146,0.008022082291037696,0.13072439633638633,P3 EnduroSense P(success)
0.8467505419843679,0.008108341240403692,0.13072439633638633,P3 EnduroSense P(success)
0.84644433590601,0.008108341240403692,0.1303675508504818,P3 EnduroSense P(success)
0.8462064333197671,0.00819460018976969,0.1303675508504818,P3 EnduroSense P(success)
0.8403860400951334,0.00819460018976969,0.1279885809444511,P3 EnduroSense P(success)
0.8399744956260462,0.008280859139135685,0.1279885809444511,P3 EnduroSense P(success)
0.8390732832096842,0.008280859139135685,0.12715594147734033,P3 EnduroSense P(success)
0.8387844897285766,0.008367118088501681,0.12715594147734033,P3 EnduroSense P(success)
0.8387751127162084,0.008367118088501681,0.12703699298203874,P3 EnduroSense P(success)
0.8387007761747307,0.00845337703786768,0.12703699298203874,P3 EnduroSense P(success)
0.8372531385520656,0.00845337703786768,0.12656119900083262,P3 EnduroSense P(success)
0.8369723141639938,0.008625894936599671,0.12656119900083262,P3 EnduroSense P(success)
0.8365476211478418,0.008625894936599671,0.1256096110384204,P3 EnduroSense P(success)
0.835263675338418,0.008884671784697663,0.1256096110384204,P3 EnduroSense P(success)
0.8340039908688197,0.008884671784697663,0.12501486856191268,P3 EnduroSense P(success)
0.8335541374514049,0.008970930734063659,0.12501486856191268,P3 EnduroSense P(success)
0.8325052604606114,0.008970930734063659,0.12453907458070657,P3 EnduroSense P(success)
0.831773674492444,0.009057189683429655,0.12453907458070657,P3 EnduroSense P(success)
0.8311650932964377,0.009057189683429655,0.1237064351135958,P3 EnduroSense P(success)
0.8309806928775493,0.009143448632795653,0.1237064351135958,P3 EnduroSense P(success)
0.8295257684334824,0.009143448632795653,0.12239800166527892,P3 EnduroSense P(success)
0.8293183930404985,0.009229707582161649,0.12239800166527892,P3 EnduroSense P(success)
0.8281934655969369,0.009229707582161649,0.12180325918877122,P3 EnduroSense P(success)
0.8277550137469163,0.009315966531527647,0.12180325918877122,P3 EnduroSense P(success)
0.8269007661383941,0.009315966531527647,0.1207327227310575,P3 EnduroSense P(success)
0.8268754882303412,0.009402225480893643,0.1207327227310575,P3 EnduroSense P(success)
0.8258389562837134,0.009402225480893643,0.1201379802545498,P3 EnduroSense P(success)
0.8255734519337585,0.009488484430259639,0.1201379802545498,P3 EnduroSense P(success)
0.8253808262794762,0.009488484430259639,0.12001903175924822,P3 EnduroSense P(success)
0.8244138719073538,0.009574743379625637,0.12001903175924822,P3 EnduroSense P(success)
0.8229618632478198,0.009574743379625637,0.1189484953015344,P3 EnduroSense P(success)
0.8227320380383385,0.009661002328991633,0.1189484953015344,P3 EnduroSense P(success)
0.8222465734160386,0.009661002328991633,0.11871059831093134,P3 EnduroSense P(success)
0.821687086576685,0.009833520227723627,0.11871059831093134,P3 EnduroSense P(success)
0.8211205551657592,0.009833520227723627,0.1183537528250268,P3 EnduroSense P(success)
0.8206666805880447,0.009919779177089623,0.1183537528250268,P3 EnduroSense P(success)
0.8175212198511129,0.009919779177089623,0.1171642678720114,P3 EnduroSense P(success)
0.8172497960850875,0.01000603812645562,0.1171642678720114,P3 EnduroSense P(success)
0.8165409525057896,0.01000603812645562,0.11692637088140834,P3 EnduroSense P(success)
0.8165292139609223,0.010092297075821616,0.11692637088140834,P3 EnduroSense P(success)
0.8160079650801342,0.010092297075821616,0.11680742238610686,P3 EnduroSense P(success)
0.8159446413869387,0.01026481497455361,0.11680742238610686,P3 EnduroSense P(success)
0.8158493745112041,0.01026481497455361,0.11656952539550369,P3 EnduroSense P(success)
0.8137435797459734,0.01026481497455361,0.11609373141429757,P3 EnduroSense P(success)
0.8134039418980362,0.010351073923919606,0.11609373141429757,P3 EnduroSense P(success)
0.812344945252589,0.010351073923919606,0.11561793743309146,P3 EnduroSense P(success)
0.811837054863723,0.010437332873285604,0.11561793743309146,P3 EnduroSense P(success)
0.808982877768401,0.010437332873285604,0.11442845248007616,P3 EnduroSense P(success)
0.808912674993191,0.010609850772017596,0.11442845248007616,P3 EnduroSense P(success)
0.8073960459019258,0.010609850772017596,0.11371476150826687,P3 EnduroSense P(success)
0.807387671605074,0.010696109721383594,0.11371476150826687,P3 EnduroSense P(success)
0.8058079629069843,0.010696109721383594,0.11323896752706075,P3 EnduroSense P(success)
0.8056712431655023,0.01078236867074959,0.11323896752706075,P3 EnduroSense P(success)
0.8021390177032166,0.01078236867074959,0.11228737956464852,P3 EnduroSense P(success)
0.8015505200196551,0.010868627620115588,0.11228737956464852,P3 EnduroSense P(success)
0.8003610403667271,0.010868627620115588,0.11216843106934693,P3 EnduroSense P(success)
0.8001780136024537,0.010868627620115588,0.11193053407874387,P3 EnduroSense P(success)
0.8001479101670147,0.010868627620115588,0.1118115855834424,P3 EnduroSense P(success)
0.8001070839428004,0.010868627620115588,0.11157368859283934,P3 EnduroSense P(success)
0.798332346392495,0.010868627620115588,0.11074104912572857,P3 EnduroSense P(success)
0.7978458783784648,0.010954886569481584,0.11074104912572857,P3 EnduroSense P(success)
0.797689300531934,0.010954886569481584,0.11062210063042699,P3 EnduroSense P(success)
0.7974650449013413,0.01104114551884758,0.11062210063042699,P3 EnduroSense P(success)
0.7971577541822518,0.01104114551884758,0.11038420363982393,P3 EnduroSense P(success)
0.7971190531333123,0.011127404468213578,0.11038420363982393,P3 EnduroSense P(success)
0.7960597462276436,0.011127404468213578,0.11026525514452246,P3 EnduroSense P(success)
0.7959566127674382,0.011213663417579574,0.11026525514452246,P3 EnduroSense P(success)
0.7937493230856428,0.011213663417579574,0.10955156417271317,P3 EnduroSense P(success)
0.7935731856177074,0.01129992236694557,0.10955156417271317,P3 EnduroSense P(success)
0.7935462350389711,0.01129992236694557,0.1094326156774117,P3 EnduroSense P(success)
0.7926356533231129,0.011472440265677564,0.1094326156774117,P3 EnduroSense P(success)
0.7897852486872685,0.011472440265677564,0.10848102771499946,P3 EnduroSense P(success)
0.7896178246288631,0.011558699215043561,0.10848102771499946,P3 EnduroSense P(success)
0.7891821038642968,0.011558699215043561,0.10824313072439629,P3 EnduroSense P(success)
0.7882577395064544,0.011817476063141551,0.10824313072439629,P3 EnduroSense P(success)
0.7867729570010676,0.011817476063141551,0.10776733674319017,P3 EnduroSense P(success)
0.786607072045084,0.011903735012507547,0.10776733674319017,P3 EnduroSense P(success)
0.7856978854063484,0.011903735012507547,0.10729154276198405,P3 EnduroSense P(success)
0.7855562346931555,0.011989993961873545,0.10729154276198405,P3 EnduroSense P(success)
0.7842724183091542,0.011989993961873545,0.10681574878077793,P3 EnduroSense P(success)
0.7841048553078964,0.012076252911239541,0.10681574878077793,P3 EnduroSense P(success)
0.7814912361019849,0.012076252911239541,0.10574521232306411,P3 EnduroSense P(success)
0.7810391077837572,0.012162511860605537,0.10574521232306411,P3 EnduroSense P(success)
0.7809829237693273,0.012162511860605537,0.10562626382776263,P3 EnduroSense P(success)
0.7807524406690588,0.012335029759337531,0.10562626382776263,P3 EnduroSense P(success)
0.7798003694480349,0.012335029759337531,0.1051504698465564,P3 EnduroSense P(success)
0.7793368893381495,0.012335029759337531,0.10491257285595335,P3 EnduroSense P(success)
0.7789265103122612,0.012335029759337531,0.10467467586535029,P3 EnduroSense P(success)
0.7786094142324319,0.012421288708703527,0.10467467586535029,P3 EnduroSense P(success)
0.7782974302398614,0.012421288708703527,0.10455572737004881,P3 EnduroSense P(success)
0.7777853511566577,0.012507547658069525,0.10455572737004881,P3 EnduroSense P(success)
0.7768903312206896,0.012507547658069525,0.10431783037944575,P3 EnduroSense P(success)
0.7768293521235062,0.012593806607435521,0.10431783037944575,P3 EnduroSense P(success)
0.7758935531227276,0.012593806607435521,0.10384203639823952,P3 EnduroSense P(success)
0.7753288734983872,0.012680065556801519,0.10384203639823952,P3 EnduroSense P(success)
0.7750592240197549,0.012680065556801519,0.10348519091233499,P3 EnduroSense P(success)
0.774792927573579,0.012766324506167515,0.10348519091233499,P3 EnduroSense P(success)
0.7741547485646951,0.012766324506167515,0.1033662424170334,P3 EnduroSense P(success)
0.7741263641687496,0.012852583455533511,0.1033662424170334,P3 EnduroSense P(success)
0.773231605735629,0.012852583455533511,0.1027714999405257,P3 EnduroSense P(success)
0.7731238251871875,0.012938842404899509,0.1027714999405257,P3 EnduroSense P(success)
0.7724437687388729,0.012938842404899509,0.10265255144522423,P3 EnduroSense P(success)
0.7722563816873554,0.013025101354265505,0.10265255144522423,P3 EnduroSense P(success)
0.7710459997756065,0.013025101354265505,0.10217675746401811,P3 EnduroSense P(success)
0.7708913474627114,0.013111360303631503,0.10217675746401811,P3 EnduroSense P(success)
0.7705264652441983,0.013111360303631503,0.10181991197811346,P3 EnduroSense P(success)
0.7704002023364918,0.013111360303631503,0.1015820149875104,P3 EnduroSense P(success)
0.76699657141844,0.013111360303631503,0.10074937552039964,P3 EnduroSense P(success)
0.7666197567267767,0.013283878202363495,0.10074937552039964,P3 EnduroSense P(success)
0.7644061176849377,0.013283878202363495,0.0997977875579874,P3 EnduroSense P(success)
0.7643893821062882,0.013370137151729493,0.0997977875579874,P3 EnduroSense P(success)
0.7628108470927408,0.013370137151729493,0.09955989056738435,P3 EnduroSense P(success)
0.762226587888483,0.013542655050461485,0.09955989056738435,P3 EnduroSense P(success)
0.7604505463089243,0.013542655050461485,0.09837040561436894,P3 EnduroSense P(success)
0.7598292431932206,0.013628913999827482,0.09837040561436894,P3 EnduroSense P(success)
0.7567766760431875,0.013628913999827482,0.09706197216605206,P3 EnduroSense P(success)
0.7567624476965323,0.013715172949193478,0.09706197216605206,P3 EnduroSense P(success)
0.7551706557162217,0.013715172949193478,0.09658617818484594,P3 EnduroSense P(success)
0.7551031562394037,0.013801431898559476,0.09658617818484594,P3 EnduroSense P(success)
0.7535453439799946,0.013801431898559476,0.0962293326989414,P3 EnduroSense P(success)
0.7531013235837601,0.013887690847925472,0.0962293326989414,P3 EnduroSense P(success)
0.7525991166681391,0.013887690847925472,0.09599143570833824,P3 EnduroSense P(success)
0.7523231768988566,0.013973949797291468,0.09599143570833824,P3 EnduroSense P(success)
0.7515074084453194,0.013973949797291468,0.0956345902224337,P3 EnduroSense P(success)
0.7508497507468539,0.014060208746657466,0.0956345902224337,P3 EnduroSense P(success)
0.7489846205389463,0.014060208746657466,0.095039847745926,P3 EnduroSense P(success)
0.7489495645765609,0.014146467696023462,0.095039847745926,P3 EnduroSense P(success)
0.7446979932287505,0.014146467696023462,0.0938503627929107,P3 EnduroSense P(success)
0.7445606630942178,0.014146467696023462,0.09361246580230764,P3 EnduroSense P(success)
0.7430004506602222,0.014146467696023462,0.09337456881170458,P3 EnduroSense P(success)
0.7421599114640364,0.01423272664538946,0.09337456881170458,P3 EnduroSense P(success)
0.7417724636660405,0.01423272664538946,0.09313667182110141,P3 EnduroSense P(success)
0.7413113904961921,0.014318985594755456,0.09313667182110141,P3 EnduroSense P(success)
0.7340265129590956,0.014318985594755456,0.09123349589627694,P3 EnduroSense P(success)
0.7322839634314002,0.014405244544121452,0.09123349589627694,P3 EnduroSense P(success)
0.7289179645263165,0.014405244544121452,0.09040085642916618,P3 EnduroSense P(success)
0.7288046386508813,0.01449150349348745,0.09040085642916618,P3 EnduroSense P(success)
0.7225149868112389,0.01449150349348745,0.08885452599024624,P3 EnduroSense P(success)
0.7224914313915405,0.014577762442853446,0.08885452599024624,P3 EnduroSense P(success)
0.7221310447684725,0.014577762442853446,0.08849768050434159,P3 EnduroSense P(success)
0.7212143867560643,0.014664021392219442,0.08849768050434159,P3 EnduroSense P(success)
0.7189556229097696,0.014664021392219442,0.08802188652313547,P3 EnduroSense P(success)
0.7181462593655731,0.014836539290951436,0.08802188652313547,P3 EnduroSense P(success)
0.7137012266371472,0.014836539290951436,0.08671345307481859,P3 EnduroSense P(success)
0.713586625935124,0.014922798240317434,0.08671345307481859,P3 EnduroSense P(success)
0.7133530799099863,0.014922798240317434,0.08647555608421553,P3 EnduroSense P(success)
0.7129693766155225,0.01500905718968343,0.08647555608421553,P3 EnduroSense P(success)
0.7127724007784235,0.01500905718968343,0.08635660758891395,P3 EnduroSense P(success)
0.7123894145157176,0.015095316139049426,0.08635660758891395,P3 EnduroSense P(success)
0.7062743439661102,0.015095316139049426,0.0837397406922803,P3 EnduroSense P(success)
0.7053067665758256,0.01526783403778142,0.0837397406922803,P3 EnduroSense P(success)
0.7046085199912214,0.01526783403778142,0.08338289520637565,P3 EnduroSense P(success)
0.7041937823458189,0.015354092987147417,0.08338289520637565,P3 EnduroSense P(success)
0.7029102215979455,0.015354092987147417,0.083026049720471,P3 EnduroSense P(success)
0.7028691578518709,0.015440351936513413,0.083026049720471,P3 EnduroSense P(success)
0.6959729975675734,0.015440351936513413,0.08100392530034495,P3 EnduroSense P(success)
0.6952383386544573,0.01552661088587941,0.08100392530034495,P3 EnduroSense P(success)
0.6950401938657333,0.01552661088587941,0.08088497680504336,P3 EnduroSense P(success)
0.694770563987272,0.015612869835245407,0.08088497680504336,P3 EnduroSense P(success)
0.6902116708897276,0.015612869835245407,0.07993338884263113,P3 EnduroSense P(success)
0.6901230270910713,0.015699128784611403,0.07993338884263113,P3 EnduroSense P(success)
0.6897112244073716,0.015699128784611403,0.07957654335672659,P3 EnduroSense P(success)
0.6893954160050602,0.0157853877339774,0.07957654335672659,P3 EnduroSense P(success)
0.6891412878610287,0.0157853877339774,0.07945759486142501,P3 EnduroSense P(success)
0.6882480406660392,0.01604416458207539,0.07945759486142501,P3 EnduroSense P(success)
0.6882425182612399,0.01604416458207539,0.07933864636612342,P3 EnduroSense P(success)
0.6877017091206089,0.016216682480807383,0.07933864636612342,P3 EnduroSense P(success)
0.6868324187738076,0.016216682480807383,0.07898180088021889,P3 EnduroSense P(success)
0.6867272901211737,0.01630294143017338,0.07898180088021889,P3 EnduroSense P(success)
0.6867231211248233,0.01630294143017338,0.0788628523849173,P3 EnduroSense P(success)
0.6866709525318739,0.01638920037953938,0.0788628523849173,P3 EnduroSense P(success)
0.6827895674000726,0.01638920037953938,0.07803021291780654,P3 EnduroSense P(success)
0.6815647410870338,0.01638920037953938,0.07779231592720348,P3 EnduroSense P(success)
0.6815235732065272,0.01656171827827137,0.07779231592720348,P3 EnduroSense P(success)
0.680768937079787,0.01656171827827137,0.07755441893660042,P3 EnduroSense P(success)
0.6807655149456486,0.01664797722763737,0.07755441893660042,P3 EnduroSense P(success)
0.6805528271907331,0.01664797722763737,0.07743547044129895,P3 EnduroSense P(success)
0.6802320760113187,0.016734236177003363,0.07743547044129895,P3 EnduroSense P(success)
0.6801192288259001,0.016734236177003363,0.07731652194599736,P3 EnduroSense P(success)
0.6797613862585689,0.01682049512636936,0.07731652194599736,P3 EnduroSense P(success)
0.6793121459245429,0.01682049512636936,0.07684072796479124,P3 EnduroSense P(success)
0.6781664744405537,0.016993013025101353,0.07684072796479124,P3 EnduroSense P(success)
0.676706384725923,0.016993013025101353,0.07624598548828354,P3 EnduroSense P(success)
0.6760548669626414,0.01716553092383335,0.07624598548828354,P3 EnduroSense P(success)
0.6759010334005356,0.01716553092383335,0.07612703699298207,P3 EnduroSense P(success)
0.6758998911601805,0.017251789873199343,0.07612703699298207,P3 EnduroSense P(success)
0.6752761722644898,0.017251789873199343,0.07600808849768048,P3 EnduroSense P(success)
0.6748215743884871,0.01733804882256534,0.07600808849768048,P3 EnduroSense P(success)
0.6746000890068761,0.01733804882256534,0.07577019150707742,P3 EnduroSense P(success)
0.6728488975415854,0.017510566721297336,0.07577019150707742,P3 EnduroSense P(success)
0.6723152079081032,0.01759682567066333,0.07577019150707742,P3 EnduroSense P(success)
0.6691486572274793,0.01759682567066333,0.07505650053526824,P3 EnduroSense P(success)
0.6687591157992352,0.017683084620029328,0.07505650053526824,P3 EnduroSense P(success)
0.6677105956812018,0.017683084620029328,0.07481860354466519,P3 EnduroSense P(success)
0.6676504773786834,0.017769343569395326,0.07481860354466519,P3 EnduroSense P(success)
0.6667016494225545,0.017769343569395326,0.07458070655406213,P3 EnduroSense P(success)
0.6665605825740097,0.01785560251876132,0.07458070655406213,P3 EnduroSense P(success)
0.6658690298012155,0.01785560251876132,0.07434280956345907,P3 EnduroSense P(success)
0.6658586364016577,0.017941861468127318,0.07434280956345907,P3 EnduroSense P(success)
0.6656928171776693,0.017941861468127318,0.07422386106815748,P3 EnduroSense P(success)
0.6653758567555943,0.018028120417493316,0.07422386106815748,P3 EnduroSense P(success)
0.6650852692329662,0.018028120417493316,0.07398596407755442,P3 EnduroSense P(success)
0.6650580760624724,0.01811437936685931,0.07398596407755442,P3 EnduroSense P(success)
0.6625118541447691,0.01811437936685931,0.07362911859164978,P3 EnduroSense P(success)
0.6623595118696943,0.018200638316225308,0.07362911859164978,P3 EnduroSense P(success)
0.6567484801995103,0.018200638316225308,0.07160699417152372,P3 EnduroSense P(success)
0.6563198917964147,0.0183731562149573,0.07160699417152372,P3 EnduroSense P(success)
0.6560508821696177,0.0183731562149573,0.07136909718092066,P3 EnduroSense P(success)
0.6558737715947757,0.018459415164323298,0.07136909718092066,P3 EnduroSense P(success)
0.6547945033919244,0.018459415164323298,0.0711312001903176,P3 EnduroSense P(success)
0.6546827395925368,0.018545674113689296,0.0711312001903176,P3 EnduroSense P(success)
0.6544882985821517,0.018545674113689296,0.07089330319971454,P3 EnduroSense P(success)
0.6541074162210421,0.018631933063055293,0.07089330319971454,P3 EnduroSense P(success)
0.6536504735206279,0.018631933063055293,0.07077435470441296,P3 EnduroSense P(success)
0.6507744913659502,0.018804450961787286,0.07077435470441296,P3 EnduroSense P(success)
0.6497659736879626,0.018804450961787286,0.0705364577138099,P3 EnduroSense P(success)
0.6495322122621959,0.018890709911153283,0.0705364577138099,P3 EnduroSense P(success)
0.6491147401264683,0.018890709911153283,0.07041750921850842,P3 EnduroSense P(success)
0.6486111479372758,0.018976968860519278,0.07041750921850842,P3 EnduroSense P(success)
0.6470053161285924,0.018976968860519278,0.0699417152373022,P3 EnduroSense P(success)
0.6465456493140624,0.019149486759251273,0.0699417152373022,P3 EnduroSense P(success)
0.6461928128778944,0.019149486759251273,0.06958486975139766,P3 EnduroSense P(success)
0.6459795905468768,0.019235745708617268,0.06958486975139766,P3 EnduroSense P(success)
0.6410430143110858,0.019235745708617268,0.06887117877958848,P3 EnduroSense P(success)
0.6398957570275526,0.019322004657983265,0.06887117877958848,P3 EnduroSense P(success)
0.6385147021508804,0.019322004657983265,0.06863328178898542,P3 EnduroSense P(success)
0.6366976971521823,0.019408263607349263,0.06863328178898542,P3 EnduroSense P(success)
0.6338494807960685,0.019408263607349263,0.06803853931247772,P3 EnduroSense P(success)
0.6327823701141706,0.019580781506081255,0.06803853931247772,P3 EnduroSense P(success)
0.6326504466601518,0.019580781506081255,0.06791959081717613,P3 EnduroSense P(success)
0.6324710744021087,0.019667040455447253,0.06791959081717613,P3 EnduroSense P(success)
0.632174031910252,0.019667040455447253,0.06780064232187466,P3 EnduroSense P(success)
0.6321539826347752,0.01975329940481325,0.06780064232187466,P3 EnduroSense P(success)
0.6307904042708122,0.01975329940481325,0.06744379683597002,P3 EnduroSense P(success)
0.6302065640985567,0.02001207625291124,0.06744379683597002,P3 EnduroSense P(success)
0.6275485559633366,0.02001207625291124,0.06625431188295472,P3 EnduroSense P(success)
0.6267124534909392,0.020098335202277235,0.06625431188295472,P3 EnduroSense P(success)
0.6266250295880184,0.020098335202277235,0.06613536338765313,P3 EnduroSense P(success)
0.6259163306696428,0.02027085310100923,0.06613536338765313,P3 EnduroSense P(success)
0.6247747024948836,0.02027085310100923,0.06577851790174849,P3 EnduroSense P(success)
0.6231084583713649,0.02061588889847322,0.06577851790174849,P3 EnduroSense P(success)
0.6223857172904192,0.02061588889847322,0.06554062091114543,P3 EnduroSense P(success)
0.6216069050277363,0.020874665746571208,0.06554062091114543,P3 EnduroSense P(success)
0.6208088724134333,0.020874665746571208,0.06530272392054237,P3 EnduroSense P(success)
0.6207965473094227,0.020960924695937203,0.06530272392054237,P3 EnduroSense P(success)
0.6202329535036429,0.020960924695937203,0.0651837754252409,P3 EnduroSense P(success)
0.6190395072189376,0.021219701544035192,0.0651837754252409,P3 EnduroSense P(success)
0.6171582043847096,0.021219701544035192,0.06482692993933625,P3 EnduroSense P(success)
0.6171235312503657,0.02130596049340119,0.06482692993933625,P3 EnduroSense P(success)
0.6160659592369102,0.02130596049340119,0.06470798144403478,P3 EnduroSense P(success)
0.6159971356494734,0.021392219442767188,0.06470798144403478,P3 EnduroSense P(success)
0.6139917328798276,0.021392219442767188,0.06423218746282855,P3 EnduroSense P(success)
0.6138662034496635,0.021478478392133182,0.06423218746282855,P3 EnduroSense P(success)
0.6116214066600691,0.021478478392133182,0.06387534197692402,P3 EnduroSense P(success)
0.6096767025255528,0.021650996290865178,0.06387534197692402,P3 EnduroSense P(success)
0.6090673605572475,0.021650996290865178,0.06363744498632096,P3 EnduroSense P(success)
0.6087230757411193,0.021737255240231176,0.06363744498632096,P3 EnduroSense P(success)
0.6080567220099777,0.021737255240231176,0.0633995479957179,P3 EnduroSense P(success)
0.6073760232580667,0.021909773138963168,0.0633995479957179,P3 EnduroSense P(success)
0.606768782299492,0.021909773138963168,0.06328059950041631,P3 EnduroSense P(success)
0.6062560369011323,0.021996032088329166,0.06328059950041631,P3 EnduroSense P(success)
0.6051852085719301,0.021996032088329166,0.06292375401451167,P3 EnduroSense P(success)
0.6049261429614207,0.02208229103769516,0.06292375401451167,P3 EnduroSense P(success)
0.6046724591059761,0.02208229103769516,0.06244796003330555,P3 EnduroSense P(success)
0.6046347576066902,0.022168549987061158,0.06244796003330555,P3 EnduroSense P(success)
0.6039037696169802,0.022168549987061158,0.062091114547401016,P3 EnduroSense P(success)
0.6030351708981869,0.02234106788579315,0.062091114547401016,P3 EnduroSense P(success)
0.6021226386439091,0.02234106788579315,0.06185321755679796,P3 EnduroSense P(success)
0.6019412054201869,0.022427326835159148,0.06185321755679796,P3 EnduroSense P(success)
0.6019170116572296,0.022427326835159148,0.06173426906149637,P3 EnduroSense P(success)
0.6017428982556313,0.022513585784525145,0.06173426906149637,P3 EnduroSense P(success)
0.6006731050799317,0.022513585784525145,0.06161532056619479,P3 EnduroSense P(success)
0.6006553273586006,0.02259984473389114,0.06161532056619479,P3 EnduroSense P(success)
0.5984263162564971,0.02259984473389114,0.060782681099084135,P3 EnduroSense P(success)
0.5980344713323814,0.022686103683257137,0.060782681099084135,P3 EnduroSense P(success)
0.595929532485129,0.022686103683257137,0.060306887117877905,P3 EnduroSense P(success)
0.5947666619917613,0.022772362632623135,0.060306887117877905,P3 EnduroSense P(success)
0.5940597157054305,0.022772362632623135,0.05983109313667179,P3 EnduroSense P(success)
0.5914383703559701,0.022944880531355127,0.05983109313667179,P3 EnduroSense P(success)
0.5911962028198375,0.022944880531355127,0.05971214464137031,P3 EnduroSense P(success)
0.590508202605031,0.023117398430087123,0.05971214464137031,P3 EnduroSense P(success)
0.5897992087357012,0.023117398430087123,0.059474247650767254,P3 EnduroSense P(success)
0.5891198419733322,0.023376175278185113,0.059474247650767254,P3 EnduroSense P(success)
0.5890600809325593,0.023376175278185113,0.05935529915546567,P3 EnduroSense P(success)
0.5887288216299349,0.023462434227551107,0.05935529915546567,P3 EnduroSense P(success)
0.5852862254804776,0.023462434227551107,0.05887950517425955,P3 EnduroSense P(success)
0.584510046382472,0.023462434227551107,0.05864160818365649,P3 EnduroSense P(success)
0.5839916441705213,0.023548693176917105,0.05864160818365649,P3 EnduroSense P(success)
0.5809480721923755,0.023548693176917105,0.05840371119305343,P3 EnduroSense P(success)
0.5809255008228343,0.023634952126283103,0.05840371119305343,P3 EnduroSense P(success)
0.5806224054760161,0.023634952126283103,0.05816581420245037,P3 EnduroSense P(success)
0.5801953346663515,0.023721211075649097,0.05816581420245037,P3 EnduroSense P(success)
0.5762149583831239,0.023721211075649097,0.05757107172594267,P3 EnduroSense P(success)
0.5736214288334754,0.024066246873113085,0.05757107172594267,P3 EnduroSense P(success)
0.5732987460313731,0.02423876477184508,0.05757107172594267,P3 EnduroSense P(success)
0.5728820562329847,0.02423876477184508,0.05745212323064108,P3 EnduroSense P(success)
0.572803698468547,0.024325023721211075,0.05745212323064108,P3 EnduroSense P(success)
0.5724858598252184,0.024325023721211075,0.05733317473533961,P3 EnduroSense P(success)
0.5722969771023663,0.024411282670577072,0.05733317473533961,P3 EnduroSense P(success)
0.5687231004608208,0.024411282670577072,0.056738432258831906,P3 EnduroSense P(success)
0.5676336262679648,0.024583800569309065,0.056738432258831906,P3 EnduroSense P(success)
0.567015755345933,0.024583800569309065,0.05661948376353043,P3 EnduroSense P(success)
0.5668863670641516,0.024670059518675062,0.05661948376353043,P3 EnduroSense P(success)
0.5665374101751878,0.024670059518675062,0.056500535268228846,P3 EnduroSense P(success)
0.5646451297560053,0.024842577417407054,0.056500535268228846,P3 EnduroSense P(success)
0.564235313298331,0.024842577417407054,0.0561436897823242,P3 EnduroSense P(success)
0.5641760723035568,0.024842577417407054,0.05590579279172114,P3 EnduroSense P(success)
0.5636867973726686,0.024842577417407054,0.05578684429641967,P3 EnduroSense P(success)
0.561644864981953,0.02501509531613905,0.05578684429641967,P3 EnduroSense P(success)
0.5615539122819617,0.02501509531613905,0.055667895801118084,P3 EnduroSense P(success)
0.5612645270937228,0.025101354265505048,0.055667895801118084,P3 EnduroSense P(success)
0.5598167666013018,0.025101354265505048,0.055429998810515024,P3 EnduroSense P(success)
0.5587619148608843,0.025187613214871042,0.055429998810515024,P3 EnduroSense P(success)
0.5572150036511965,0.025187613214871042,0.05531105031521355,P3 EnduroSense P(success)
0.5543135072879027,0.025446390062969032,0.05531105031521355,P3 EnduroSense P(success)
0.5519341406408695,0.025446390062969032,0.05459735934340426,P3 EnduroSense P(success)
0.5518127119690973,0.02553264901233503,0.05459735934340426,P3 EnduroSense P(success)
0.5515115750825463,0.02553264901233503,0.05447841084810279,P3 EnduroSense P(success)
0.5503793789557913,0.025705166911067022,0.05447841084810279,P3 EnduroSense P(success)
0.5500723393230204,0.025705166911067022,0.05424051385749973,P3 EnduroSense P(success)
0.5500393205767533,0.02579142586043302,0.05424051385749973,P3 EnduroSense P(success)
0.5496664825937171,0.02579142586043302,0.053883668371595084,P3 EnduroSense P(success)
0.5482639921731498,0.025877684809799018,0.053883668371595084,P3 EnduroSense P(success)
0.5452183090587134,0.025877684809799018,0.053645771380992024,P3 EnduroSense P(success)
0.5447494984137775,0.02605020270853101,0.053645771380992024,P3 EnduroSense P(success)
0.5443308340790919,0.02605020270853101,0.05352682288569055,P3 EnduroSense P(success)
0.5438668592440075,0.026136461657897007,0.05352682288569055,P3 EnduroSense P(success)
0.5431804019615434,0.026136461657897007,0.05305102890448432,P3 EnduroSense P(success)
0.5427685428807656,0.026222720607263005,0.05305102890448432,P3 EnduroSense P(success)
0.5413950680873797,0.026222720607263005,0.05245628642797673,P3 EnduroSense P(success)
0.5411070275522205,0.026308979556629,0.05245628642797673,P3 EnduroSense P(success)
0.537030875373794,0.026308979556629,0.05174259545616744,P3 EnduroSense P(success)
0.536069038237323,0.026481497455360995,0.05174259545616744,P3 EnduroSense P(success)
0.5356239750770054,0.026481497455360995,0.051623646960865965,P3 EnduroSense P(success)
0.5341316170900824,0.026912792202190977,0.051623646960865965,P3 EnduroSense P(success)
0.5311986547242217,0.026912792202190977,0.051385749970262906,P3 EnduroSense P(success)
0.5310745872462119,0.026999051151556975,0.051385749970262906,P3 EnduroSense P(success)
0.5309008018425646,0.026999051151556975,0.05114785297965985,P3 EnduroSense P(success)
0.5299711493995268,0.02708531010092297,0.05114785297965985,P3 EnduroSense P(success)
0.5284332122194133,0.02708531010092297,0.0507910074937552,P3 EnduroSense P(success)
0.5278755890439025,0.027344086949020963,0.0507910074937552,P3 EnduroSense P(success)
0.5275354816032161,0.027344086949020963,0.05067205899845362,P3 EnduroSense P(success)
0.5259770306225281,0.027516604847752955,0.05067205899845362,P3 EnduroSense P(success)
0.5241641211987088,0.027516604847752955,0.05043416200785056,P3 EnduroSense P(success)
0.5226032682804539,0.027861640645216942,0.05043416200785056,P3 EnduroSense P(success)
0.5223201571012404,0.027861640645216942,0.050315213512549084,P3 EnduroSense P(success)
0.5220676975097536,0.027947899594582937,0.050315213512549084,P3 EnduroSense P(success)
0.5196265534458891,0.027947899594582937,0.050077316521946025,P3 EnduroSense P(success)
0.5173544649379498,0.028120417493314932,0.050077316521946025,P3 EnduroSense P(success)
0.5173147270684434,0.028120417493314932,0.04995836802664444,P3 EnduroSense P(success)
0.5171351377897031,0.028292935392046924,0.04995836802664444,P3 EnduroSense P(success)
0.5158579577370824,0.028292935392046924,0.04972047103604138,P3 EnduroSense P(success)
0.5152511308037704,0.028379194341412922,0.04972047103604138,P3 EnduroSense P(success)
0.5146558551093419,0.028379194341412922,0.049601522540739906,P3 EnduroSense P(success)
0.5137379254286794,0.02846545329077892,0.049601522540739906,P3 EnduroSense P(success)
0.5128007040797448,0.02846545329077892,0.04924467705483526,P3 EnduroSense P(success)
0.5110590098704331,0.028637971189510912,0.04924467705483526,P3 EnduroSense P(success)
0.511035548173342,0.028637971189510912,0.04912572855953368,P3 EnduroSense P(success)
0.5107958700765135,0.02872423013887691,0.04912572855953368,P3 EnduroSense P(success)
0.5106998452368608,0.02872423013887691,0.0490067800642322,P3 EnduroSense P(success)
0.5105201981148376,0.028810489088242904,0.0490067800642322,P3 EnduroSense P(success)
0.5079540368561559,0.028810489088242904,0.04876888307362914,P3 EnduroSense P(success)
0.5070362488309741,0.029069265936340894,0.04876888307362914,P3 EnduroSense P(success)
0.506906864081911,0.029069265936340894,0.04864993457832756,P3 EnduroSense P(success)
0.5065041186664302,0.029155524885706892,0.04864993457832756,P3 EnduroSense P(success)
0.5063832046196082,0.029155524885706892,0.048530986083026084,P3 EnduroSense P(success)
0.5059276635001869,0.02924178383507289,0.048530986083026084,P3 EnduroSense P(success)
0.5051681828035237,0.02924178383507289,0.048293089092423025,P3 EnduroSense P(success)
0.5043197361466637,0.029586819632536877,0.048293089092423025,P3 EnduroSense P(success)
0.49416351742791675,0.029586819632536877,0.04710360413940762,P3 EnduroSense P(success)
0.4919240162510157,0.02975933753126887,0.04710360413940762,P3 EnduroSense P(success)
0.49135174848564667,0.02975933753126887,0.04686570714880456,P3 EnduroSense P(success)
0.4888536132775728,0.03001811437936686,0.04686570714880456,P3 EnduroSense P(success)
0.4887555659041829,0.03001811437936686,0.046746758653503084,P3 EnduroSense P(success)
0.48586378355094495,0.03019063227809885,0.046746758653503084,P3 EnduroSense P(success)
0.48563761541999567,0.03019063227809885,0.0466278101582015,P3 EnduroSense P(success)
0.48545991593775484,0.03027689122746485,0.0466278101582015,P3 EnduroSense P(success)
0.4850134630703813,0.03027689122746485,0.046270964672296855,P3 EnduroSense P(success)
0.4825962564034476,0.030621927024928837,0.046270964672296855,P3 EnduroSense P(success)
0.4825773843792792,0.030621927024928837,0.04615201617699538,P3 EnduroSense P(success)
0.4824117802454927,0.030708185974294835,0.04615201617699538,P3 EnduroSense P(success)
0.48115954353946494,0.030708185974294835,0.046033067681693796,P3 EnduroSense P(success)
0.48084367974465503,0.030880703873026827,0.046033067681693796,P3 EnduroSense P(success)
0.4806213810440569,0.030880703873026827,0.04591411918639232,P3 EnduroSense P(success)
0.48019960384681665,0.030966962822392825,0.04591411918639232,P3 EnduroSense P(success)
0.48014071724184837,0.030966962822392825,0.045795170691090736,P3 EnduroSense P(success)
0.4789001488429569,0.031139480721124817,0.045795170691090736,P3 EnduroSense P(success)
0.47797192786746656,0.031139480721124817,0.0454383252051862,P3 EnduroSense P(success)
0.47796980291275687,0.031139480721124817,0.04520042821458303,P3 EnduroSense P(success)
0.4769200513835648,0.031225739670490815,0.04520042821458303,P3 EnduroSense P(success)
0.4752220154120252,0.031225739670490815,0.04508147971928156,P3 EnduroSense P(success)
0.4747729934969405,0.03139825756922281,0.04508147971928156,P3 EnduroSense P(success)
0.47338700973262227,0.03139825756922281,0.044724634233376914,P3 EnduroSense P(success)
0.47317440760960217,0.0315707754679548,0.044724634233376914,P3 EnduroSense P(success)
0.47314936302473987,0.0315707754679548,0.04460568573807544,P3 EnduroSense P(success)
0.4695046950116452,0.03182955231605279,0.04460568573807544,P3 EnduroSense P(success)
0.46948911592046677,0.03182955231605279,0.044486737242773855,P3 EnduroSense P(success)
0.4682242613535845,0.031915811265418786,0.044486737242773855,P3 EnduroSense P(success)
0.4681471014135522,0.031915811265418786,0.04436778874747238,P3 EnduroSense P(success)
0.4678014850197828,0.03200207021478478,0.04436778874747238,P3 EnduroSense P(success)
0.4670135632625332,0.03200207021478478,0.044248840252170796,P3 EnduroSense P(success)
0.4667367584277112,0.03208832916415078,0.044248840252170796,P3 EnduroSense P(success)
0.46603045282979005,0.03208832916415078,0.044010943261567737,P3 EnduroSense P(success)
0.4652414480279037,0.03234710601224877,0.044010943261567737,P3 EnduroSense P(success)
0.46395052792394753,0.03234710601224877,0.04389199476626615,P3 EnduroSense P(success)
0.463238579689399,0.03251962391098077,0.04389199476626615,P3 EnduroSense P(success)
0.4630629823071125,0.03251962391098077,0.04365409777566309,P3 EnduroSense P(success)
0.46266755230487483,0.03260588286034676,0.04365409777566309,P3 EnduroSense P(success)
0.46178789032469436,0.03260588286034676,0.04341620078506003,P3 EnduroSense P(success)
0.46139493402667847,0.032692141809712756,0.04341620078506003,P3 EnduroSense P(success)
0.46071394547481986,0.032692141809712756,0.04329725228975856,P3 EnduroSense P(success)
0.4594938328476147,0.03286465970844475,0.04329725228975856,P3 EnduroSense P(success)
0.4591194920559648,0.03286465970844475,0.043178303794456974,P3 EnduroSense P(success)
0.45817240425862676,0.03303717760717675,0.043178303794456974,P3 EnduroSense P(success)
0.4566062687530621,0.03303717760717675,0.0430593552991555,P3 EnduroSense P(success)
0.4565913540336309,0.03312343655654274,0.0430593552991555,P3 EnduroSense P(success)
0.4556924337092467,0.03312343655654274,0.04258356131794938,P3 EnduroSense P(success)
0.4536874692280194,0.03338221340464073,0.04258356131794938,P3 EnduroSense P(success)
0.45142923523206546,0.03338221340464073,0.04222671583204474,P3 EnduroSense P(success)
0.4510732269833921,0.033468472354006726,0.04222671583204474,P3 EnduroSense P(success)
0.4499446276546417,0.033468472354006726,0.04186987034614009,P3 EnduroSense P(success)
0.4498239246696592,0.03364099025273872,0.04186987034614009,P3 EnduroSense P(success)
0.4496333845677774,0.03364099025273872,0.04175092185083862,P3 EnduroSense P(success)
0.4495848606133688,0.033727249202104716,0.04175092185083862,P3 EnduroSense P(success)
0.4490432960813018,0.033727249202104716,0.041394076364933974,P3 EnduroSense P(success)
0.44824932414545815,0.03381350815147072,0.041394076364933974,P3 EnduroSense P(success)
0.4476729853917384,0.03381350815147072,0.041156179374330915,P3 EnduroSense P(success)
0.4463189176962803,0.03407228499956871,0.041156179374330915,P3 EnduroSense P(success)
0.445780802567456,0.03407228499956871,0.04103723087902933,P3 EnduroSense P(success)
0.4453247869225909,0.0341585439489347,0.04103723087902933,P3 EnduroSense P(success)
0.44326055089448135,0.0341585439489347,0.040680385393124796,P3 EnduroSense P(success)
0.4427985800946257,0.034244802898300696,0.040680385393124796,P3 EnduroSense P(success)
0.4421718599724209,0.03441732079703269,0.040680385393124796,P3 EnduroSense P(success)
0.43983699060436776,0.03441732079703269,0.04032353990722015,P3 EnduroSense P(success)
0.4390084595608691,0.03458983869576469,0.04032353990722015,P3 EnduroSense P(success)
0.4388059507584412,0.03458983869576469,0.04020459141191868,P3 EnduroSense P(success)
0.4384595636727566,0.03467609764513068,0.04020459141191868,P3 EnduroSense P(success)
0.43725998650548453,0.03467609764513068,0.03996669442131562,P3 EnduroSense P(success)
0.43597753543699214,0.03476235659449668,0.03996669442131562,P3 EnduroSense P(success)
0.4358864892583512,0.03476235659449668,0.039609848935410974,P3 EnduroSense P(success)
0.43556891400500036,0.03493487449322867,0.039609848935410974,P3 EnduroSense P(success)
0.4340590981266726,0.03493487449322867,0.039371951944807915,P3 EnduroSense P(success)
0.43174636203371536,0.03519365134132666,0.039371951944807915,P3 EnduroSense P(success)
0.43060784881701086,0.03519365134132666,0.039134054954204855,P3 EnduroSense P(success)
0.43036235713644794,0.03527991029069266,0.039134054954204855,P3 EnduroSense P(success)
0.4299510011961688,0.03527991029069266,0.03901510645890327,P3 EnduroSense P(success)
0.42978446942188525,0.035366169240058656,0.03901510645890327,P3 EnduroSense P(success)
0.4281412560490176,0.035366169240058656,0.03877720946830021,P3 EnduroSense P(success)
0.4262101133232767,0.03596998188562063,0.03877720946830021,P3 EnduroSense P(success)
0.4260156848384081,0.03596998188562063,0.03853931247769715,P3 EnduroSense P(success)
0.4253265100323296,0.036142499784352626,0.03853931247769715,P3 EnduroSense P(success)
0.4252871535664988,0.036142499784352626,0.03842036398239568,P3 EnduroSense P(success)
0.424678753893091,0.03622875873371862,0.03842036398239568,P3 EnduroSense P(success)
0.42346755223979654,0.03622875873371862,0.03818246699179251,P3 EnduroSense P(success)
0.42326369322573043,0.036401276632450616,0.03818246699179251,P3 EnduroSense P(success)
0.42206272673540846,0.036401276632450616,0.03806351849649103,P3 EnduroSense P(success)
0.4218142586680893,0.03657379453118261,0.03806351849649103,P3 EnduroSense P(success)
0.42124081341337055,0.036660053480548606,0.03806351849649103,P3 EnduroSense P(success)
0.4211555953136958,0.036660053480548606,0.03794457000118945,P3 EnduroSense P(success)
0.4208842374613996,0.0368325713792806,0.03794457000118945,P3 EnduroSense P(success)
0.42065105767080335,0.0368325713792806,0.03770667301058639,P3 EnduroSense P(success)
0.42042092791390945,0.0370050892780126,0.03770667301058639,P3 EnduroSense P(success)
0.41666248779257253,0.0370050892780126,0.037587724515284915,P3 EnduroSense P(success)
0.4145569576565643,0.037177607176744586,0.037587724515284915,P3 EnduroSense P(success)
0.41414406035515455,0.037177607176744586,0.03746877601998333,P3 EnduroSense P(success)
0.4132671437418836,0.03726386612611059,0.03746877601998333,P3 EnduroSense P(success)
0.4126195804194995,0.03726386612611059,0.037111930534078796,P3 EnduroSense P(success)
0.41230864006799167,0.03735012507547658,0.037111930534078796,P3 EnduroSense P(success)
0.4101557822135642,0.03735012507547658,0.03663613655287257,P3 EnduroSense P(success)
0.4097129505891381,0.037436384024842576,0.03663613655287257,P3 EnduroSense P(success)
0.40820570088643415,0.037436384024842576,0.03639823956226951,P3 EnduroSense P(success)
0.4079051768914148,0.03760890192357457,0.03639823956226951,P3 EnduroSense P(success)
0.4066408467696691,0.03778141982230657,0.03639823956226951,P3 EnduroSense P(success)
0.40632472963522254,0.03778141982230657,0.036279291066968034,P3 EnduroSense P(success)
0.4055292487854252,0.03786767877167256,0.036279291066968034,P3 EnduroSense P(success)
0.40545248539761775,0.03786767877167256,0.03616034257166645,P3 EnduroSense P(success)
0.40178843266994735,0.03812645561977055,0.03616034257166645,P3 EnduroSense P(success)
0.4015181161534362,0.03812645561977055,0.036041394076364974,P3 EnduroSense P(success)
0.4010313865048938,0.038298973518502546,0.036041394076364974,P3 EnduroSense P(success)
0.40031824262476007,0.038298973518502546,0.03592244558106339,P3 EnduroSense P(success)
0.39930163799497786,0.03838523246786854,0.03592244558106339,P3 EnduroSense P(success)
0.3980938641854458,0.03838523246786854,0.035803497085761915,P3 EnduroSense P(success)
0.396114559820799,0.038730268265332525,0.035803497085761915,P3 EnduroSense P(success)
0.39587670789256363,0.038730268265332525,0.03568454859046033,P3 EnduroSense P(success)
0.3933983580814397,0.03890278616406452,0.03568454859046033,P3 EnduroSense P(success)
0.3926932343587881,0.03890278616406452,0.035565600095158745,P3 EnduroSense P(success)
0.39210849803849357,0.03916156301216251,0.035565600095158745,P3 EnduroSense P(success)
0.3909079726341508,0.03916156301216251,0.035327703104555686,P3 EnduroSense P(success)
0.3900826488635061,0.0394203398602605,0.035327703104555686,P3 EnduroSense P(success)
0.38975939020418104,0.0394203398602605,0.035089806113952626,P3 EnduroSense P(success)
0.3896574319326585,0.0395065988096265,0.035089806113952626,P3 EnduroSense P(success)
0.38940964625309826,0.0395065988096265,0.03497085761865115,P3 EnduroSense P(success)
0.3893261031451115,0.039592857758992496,0.03497085761865115,P3 EnduroSense P(success)
0.38880379342342614,0.039592857758992496,0.03485190912334957,P3 EnduroSense P(success)
0.3882772922243744,0.03976537565772449,0.03485190912334957,P3 EnduroSense P(success)
0.38798309299511047,0.03976537565772449,0.03461401213274651,P3 EnduroSense P(success)
0.38676581630263157,0.03993789355645648,0.03461401213274651,P3 EnduroSense P(success)
0.3863830875224725,0.03993789355645648,0.034495063637445034,P3 EnduroSense P(success)
0.38634118604685624,0.04002415250582248,0.034495063637445034,P3 EnduroSense P(success)
0.3845581284266653,0.04002415250582248,0.03425716664684186,P3 EnduroSense P(success)
0.38031976701421094,0.04045544725265246,0.03425716664684186,P3 EnduroSense P(success)
0.3787407411068608,0.04045544725265246,0.034019269656238804,P3 EnduroSense P(success)
0.3774472557910743,0.040627965151384456,0.034019269656238804,P3 EnduroSense P(success)
0.3753506526485614,0.040627965151384456,0.03366242417033427,P3 EnduroSense P(success)
0.3744769480023424,0.04071422410075045,0.03366242417033427,P3 EnduroSense P(success)
0.3743014417295993,0.04071422410075045,0.033543475675032686,P3 EnduroSense P(success)
0.3729769449563149,0.040886741999482445,0.033543475675032686,P3 EnduroSense P(success)
0.372939719615771,0.040886741999482445,0.03342452717973121,P3 EnduroSense P(success)
0.37260664543551336,0.04105925989821444,0.03342452717973121,P3 EnduroSense P(success)
0.3693774269176626,0.041663072543776415,0.03342452717973121,P3 EnduroSense P(success)
0.36924610063455304,0.041663072543776415,0.033305578684429626,P3 EnduroSense P(success)
0.3691933801586051,0.041749331493142416,0.033305578684429626,P3 EnduroSense P(success)
0.36791478418155615,0.041749331493142416,0.03306768169382657,P3 EnduroSense P(success)
0.3653111791968781,0.042180626239972395,0.03306768169382657,P3 EnduroSense P(success)
0.3645806474051899,0.042180626239972395,0.03294873319852509,P3 EnduroSense P(success)
0.3638337088384812,0.042439403088070385,0.03294873319852509,P3 EnduroSense P(success)
0.36373491066391367,0.042439403088070385,0.03282978470322351,P3 EnduroSense P(success)
0.36281538142604686,0.042698179936168375,0.03282978470322351,P3 EnduroSense P(success)
0.36220941273351237,0.042698179936168375,0.03271083620792192,P3 EnduroSense P(success)
0.3569402232800102,0.04373328732856034,0.03271083620792192,P3 EnduroSense P(success)
0.35683312202082523,0.04373328732856034,0.03259188771262045,P3 EnduroSense P(success)
0.3567002937563425,0.043819546277926336,0.03259188771262045,P3 EnduroSense P(success)
0.35576026343780337,0.043819546277926336,0.03211609373141433,P3 EnduroSense P(success)
0.3532131334504691,0.04416458207539032,0.03211609373141433,P3 EnduroSense P(success)
0.352333198900001,0.04416458207539032,0.03187819674081127,P3 EnduroSense P(success)
0.3512015666177841,0.044337099974122315,0.03187819674081127,P3 EnduroSense P(success)
0.3507518357620679,0.044337099974122315,0.03152135125490663,P3 EnduroSense P(success)
0.34866742232282233,0.0446821357715863,0.03152135125490663,P3 EnduroSense P(success)
0.34837720601226957,0.0446821357715863,0.03140240275960504,P3 EnduroSense P(success)
0.34819687188731885,0.044854653670318295,0.03140240275960504,P3 EnduroSense P(success)
0.34792985203617977,0.044854653670318295,0.03128345426430357,P3 EnduroSense P(success)
0.34687158564764736,0.04502717156905029,0.03128345426430357,P3 EnduroSense P(success)
0.3467714910999482,0.04502717156905029,0.031164505769001982,P3 EnduroSense P(success)
0.3459307369281332,0.04528594841714828,0.031164505769001982,P3 EnduroSense P(success)
0.3449623055191786,0.04528594841714828,0.030926608778398923,P3 EnduroSense P(success)
0.34412084138915255,0.045372207366514275,0.030926608778398923,P3 EnduroSense P(success)
0.3433538592359694,0.045372207366514275,0.03080766028309745,P3 EnduroSense P(success)
0.340699181037071,0.04580350211334426,0.03080766028309745,P3 EnduroSense P(success)
0.33913418076037694,0.04580350211334426,0.03033186630189133,P3 EnduroSense P(success)
0.3383903443439051,0.045889761062710255,0.03033186630189133,P3 EnduroSense P(success)
0.3381315669013094,0.045889761062710255,0.03009396931128816,P3 EnduroSense P(success)
0.33781699459760406,0.04606227896144225,0.03009396931128816,P3 EnduroSense P(success)
0.3377400787749695,0.04606227896144225,0.029975020815986686,P3 EnduroSense P(success)
0.33618050608043853,0.046234796860174246,0.029975020815986686,P3 EnduroSense P(success)
0.33546275044979795,0.046234796860174246,0.0298560723206851,P3 EnduroSense P(success)
0.33459134238062327,0.046493573708272236,0.0298560723206851,P3 EnduroSense P(success)
0.33417821303608686,0.046493573708272236,0.029737123825383627,P3 EnduroSense P(success)
0.33409303478340874,0.04657983265763823,0.029737123825383627,P3 EnduroSense P(success)
0.3332705974188502,0.04657983265763823,0.02961817533008204,P3 EnduroSense P(success)
0.33301601801869474,0.046666091607004224,0.02961817533008204,P3 EnduroSense P(success)
0.3323496824792058,0.046666091607004224,0.029499226834780568,P3 EnduroSense P(success)
0.3319393663162902,0.046924868455102214,0.029499226834780568,P3 EnduroSense P(success)
0.3308320380985064,0.046924868455102214,0.029380278339478982,P3 EnduroSense P(success)
0.3286002579879198,0.047269904252566206,0.029380278339478982,P3 EnduroSense P(success)
0.3285940363194644,0.047269904252566206,0.029261329844177508,P3 EnduroSense P(success)
0.32858560033502343,0.0473561632019322,0.029261329844177508,P3 EnduroSense P(success)
0.3283835768596009,0.0473561632019322,0.029142381348875923,P3 EnduroSense P(success)
0.3264031495482922,0.047787457948762185,0.029142381348875923,P3 EnduroSense P(success)
0.325256174651889,0.047787457948762185,0.02878553586297128,P3 EnduroSense P(success)
0.3245138847814718,0.04787371689812818,0.02878553586297128,P3 EnduroSense P(success)
0.3239600508433314,0.04787371689812818,0.028666587367669805,P3 EnduroSense P(success)
0.32346925422330797,0.048046234796860175,0.028666587367669805,P3 EnduroSense P(success)
0.323410967712895,0.048046234796860175,0.02854763887236822,P3 EnduroSense P(success)
0.3229930255021071,0.04821875269559217,0.02854763887236822,P3 EnduroSense P(success)
0.32294602805840666,0.04821875269559217,0.028428690377066745,P3 EnduroSense P(success)
0.3207188747265878,0.04865004744242215,0.028428690377066745,P3 EnduroSense P(success)
0.3202564110517411,0.04865004744242215,0.028190793386463686,P3 EnduroSense P(success)
0.31771308392015085,0.049081342189252135,0.028190793386463686,P3 EnduroSense P(success)
0.3157286541699066,0.049081342189252135,0.027714999405257568,P3 EnduroSense P(success)
0.31541136752878945,0.04925386008798413,0.027714999405257568,P3 EnduroSense P(success)
0.3148927233601646,0.04925386008798413,0.027596050909955983,P3 EnduroSense P(success)
0.3148194484166796,0.049340119037350125,0.027596050909955983,P3 EnduroSense P(success)
0.3145875746810524,0.049340119037350125,0.02747710241465451,P3 EnduroSense P(success)
0.31361195145572845,0.049598895885448115,0.02747710241465451,P3 EnduroSense P(success)
0.3130164097684366,0.049598895885448115,0.027358153919352923,P3 EnduroSense P(success)
0.3122071611852573,0.049857672733546105,0.027358153919352923,P3 EnduroSense P(success)
0.31113573179451415,0.049857672733546105,0.027120256928749864,P3 EnduroSense P(success)
0.30995361012422773,0.050116449581644094,0.027120256928749864,P3 EnduroSense P(success)
0.3098985691336418,0.050116449581644094,0.02700130843344828,P3 EnduroSense P(success)
0.3094945267881936,0.050375226429742084,0.02700130843344828,P3 EnduroSense P(success)
0.30937142874389073,0.050375226429742084,0.026882359938146805,P3 EnduroSense P(success)
0.3085794675250082,0.05054774432847408,0.026882359938146805,P3 EnduroSense P(success)
0.30636601425058085,0.05054774432847408,0.02676341144284522,P3 EnduroSense P(success)
0.30241623197434125,0.05106529802467006,0.02676341144284522,P3 EnduroSense P(success)
0.3022456628663645,0.05106529802467006,0.02652551445224216,P3 EnduroSense P(success)
0.30102660438549017,0.05132407487276805,0.02652551445224216,P3 EnduroSense P(success)
0.30076230041413876,0.05132407487276805,0.026406565956940686,P3 EnduroSense P(success)
0.29898456758138087,0.051496592771500045,0.026406565956940686,P3 EnduroSense P(success)
0.29871480881574475,0.051496592771500045,0.0262876174616391,P3 EnduroSense P(success)
0.29788861343127154,0.051669110670232034,0.0262876174616391,P3 EnduroSense P(success)
0.29741092718298634,0.051669110670232034,0.026049720471036042,P3 EnduroSense P(success)
0.29616711776619936,0.052014146467696025,0.026049720471036042,P3 EnduroSense P(success)
0.2961151875956753,0.052014146467696025,0.025930771975734457,P3 EnduroSense P(success)
0.29419046114678726,0.05235918226516001,0.025930771975734457,P3 EnduroSense P(success)
0.2936021933971284,0.05235918226516001,0.025811823480432983,P3 EnduroSense P(success)
0.2925724794298406,0.052790477011989995,0.025811823480432983,P3 EnduroSense P(success)
0.2916153960718205,0.052790477011989995,0.025692874985131398,P3 EnduroSense P(success)
0.29143762107225446,0.05287673596135599,0.025692874985131398,P3 EnduroSense P(success)
0.2909569186914668,0.05287673596135599,0.025573926489829923,P3 EnduroSense P(success)
0.29001936012135154,0.05296299491072199,0.025573926489829923,P3 EnduroSense P(success)
0.2893801163233759,0.05296299491072199,0.025336029499226864,P3 EnduroSense P(success)
0.2891357891087979,0.053049253860087985,0.025336029499226864,P3 EnduroSense P(success)
0.28762793097459,0.053049253860087985,0.025098132508623805,P3 EnduroSense P(success)
0.2850709279032867,0.05339428965755197,0.025098132508623805,P3 EnduroSense P(success)
0.2850021292016079,0.05339428965755197,0.02497918401332222,P3 EnduroSense P(success)
0.2836798958566813,0.05373932545501596,0.02497918401332222,P3 EnduroSense P(success)
0.2823291635959746,0.05373932545501596,0.02474128702271916,P3 EnduroSense P(success)
0.2813957251046306,0.054084361252479944,0.02474128702271916,P3 EnduroSense P(success)
0.2811089871255642,0.054084361252479944,0.0245033900321161,P3 EnduroSense P(success)
0.27612369013150606,0.05477443284740792,0.0245033900321161,P3 EnduroSense P(success)
0.2754184664836968,0.054946950746139915,0.0245033900321161,P3 EnduroSense P(success)
0.27493204046446335,0.055205727594237905,0.0245033900321161,P3 EnduroSense P(success)
0.27481666176833125,0.055205727594237905,0.024265493041513042,P3 EnduroSense P(success)
0.2725881178074683,0.05580954023979988,0.024265493041513042,P3 EnduroSense P(success)
0.2722653094694586,0.05580954023979988,0.024146544546211457,P3 EnduroSense P(success)
0.27104130002002635,0.05615457603726386,0.024146544546211457,P3 EnduroSense P(success)
0.27072815950975454,0.05615457603726386,0.024027596050909983,P3 EnduroSense P(success)
0.27017559505348376,0.056240834986629865,0.024027596050909983,P3 EnduroSense P(success)
0.26997428476508767,0.056240834986629865,0.023908647555608398,P3 EnduroSense P(success)
0.26933513099002,0.056240834986629865,0.02367075056500534,P3 EnduroSense P(success)
0.26855472926894963,0.05641335288536185,0.02367075056500534,P3 EnduroSense P(success)
0.2683338952994939,0.05641335288536185,0.023551802069703864,P3 EnduroSense P(success)
0.2656113222258399,0.056758388682825844,0.023551802069703864,P3 EnduroSense P(success)
0.26427268190367476,0.056758388682825844,0.023076008088497635,P3 EnduroSense P(success)
0.26297631802682403,0.05684464763219184,0.023076008088497635,P3 EnduroSense P(success)
0.2622582642377376,0.05684464763219184,0.02295705959319616,P3 EnduroSense P(success)
0.2619346312336534,0.05693090658155784,0.02295705959319616,P3 EnduroSense P(success)
0.2617032623597566,0.05693090658155784,0.022838111097894576,P3 EnduroSense P(success)
0.2613326760751173,0.057017165530923834,0.022838111097894576,P3 EnduroSense P(success)
0.2608365172865746,0.057017165530923834,0.0227191626025931,P3 EnduroSense P(success)
0.2563864136198594,0.0578797550245838,0.0227191626025931,P3 EnduroSense P(success)
0.25634451704075284,0.0578797550245838,0.022481265611990042,P3 EnduroSense P(success)
0.2555528919669048,0.0579660139739498,0.022481265611990042,P3 EnduroSense P(success)
0.2546866515883787,0.05813853187268179,0.022481265611990042,P3 EnduroSense P(success)
0.2518966265571399,0.058569826619511774,0.022481265611990042,P3 EnduroSense P(success)
0.25146345524421526,0.058569826619511774,0.022362317116688457,P3 EnduroSense P(success)
0.249679364363464,0.05908738031570775,0.022362317116688457,P3 EnduroSense P(success)
0.2493262832880194,0.05908738031570775,0.022243368621386983,P3 EnduroSense P(success)
0.24663859139490818,0.05925989821443975,0.022243368621386983,P3 EnduroSense P(success)
0.24574081278555973,0.05925989821443975,0.022124420126085398,P3 EnduroSense P(success)
0.24380259070214286,0.05977745191063573,0.022124420126085398,P3 EnduroSense P(success)
0.24285043878062307,0.05977745191063573,0.021767574640180753,P3 EnduroSense P(success)
0.24282748560269055,0.05986371086000172,0.021767574640180753,P3 EnduroSense P(success)
0.2424199279813541,0.05986371086000172,0.021529677649577694,P3 EnduroSense P(success)
0.24211180458503823,0.06012248770809971,0.021529677649577694,P3 EnduroSense P(success)
0.2412151028901204,0.06012248770809971,0.02117283216367316,P3 EnduroSense P(success)
0.24078919026809498,0.06029500560683171,0.02117283216367316,P3 EnduroSense P(success)
0.24035776136726164,0.06029500560683171,0.021053883668371576,P3 EnduroSense P(success)
0.23926021132993774,0.060726300353661694,0.021053883668371576,P3 EnduroSense P(success)
0.2386813665892346,0.060726300353661694,0.0209349351730701,P3 EnduroSense P(success)
0.23844176770107522,0.06081255930302769,0.0209349351730701,P3 EnduroSense P(success)
0.23811195009850955,0.06081255930302769,0.020697038182467042,P3 EnduroSense P(success)
0.23637493922261416,0.061243854049857674,0.020697038182467042,P3 EnduroSense P(success)
0.23580081530049546,0.061243854049857674,0.020459141191863872,P3 EnduroSense P(success)
0.22870605871463195,0.06262399723971362,0.020459141191863872,P3 EnduroSense P(success)
0.22789027228415762,0.06262399723971362,0.020340192696562398,P3 EnduroSense P(success)
0.2269783795701985,0.06288277408781161,0.020340192696562398,P3 EnduroSense P(success)
0.2262920081713382,0.06288277408781161,0.019983347210657754,P3 EnduroSense P(success)
0.2241232602804131,0.06374536358147158,0.019983347210657754,P3 EnduroSense P(success)
0.22341391196204166,0.06374536358147158,0.01986439871535628,P3 EnduroSense P(success)
0.2197644808716785,0.06478047097386354,0.01986439871535628,P3 EnduroSense P(success)
0.21971599322511082,0.06478047097386354,0.019745450220054694,P3 EnduroSense P(success)
0.21971290324788675,0.06486672992322953,0.019745450220054694,P3 EnduroSense P(success)
0.217908112271235,0.06486672992322953,0.019269656238848576,P3 EnduroSense P(success)
0.21683453648499623,0.06529802467005952,0.019269656238848576,P3 EnduroSense P(success)
0.21673461437696206,0.06529802467005952,0.019031759248245517,P3 EnduroSense P(success)
0.21668044750554427,0.06538428361942551,0.019031759248245517,P3 EnduroSense P(success)
0.21623691039143955,0.06538428361942551,0.01891281075294393,P3 EnduroSense P(success)
0.21504139985219106,0.06564306046752351,0.01891281075294393,P3 EnduroSense P(success)
0.21480158698540097,0.06564306046752351,0.018793862257642457,P3 EnduroSense P(success)
0.2126440435962075,0.06624687311308548,0.018793862257642457,P3 EnduroSense P(success)
0.21262059629216964,0.06624687311308548,0.018674913762340872,P3 EnduroSense P(success)
0.21204693789419757,0.06650564996118347,0.018674913762340872,P3 EnduroSense P(success)
0.2119470809727696,0.06650564996118347,0.018555965267039398,P3 EnduroSense P(success)
0.21108127871422025,0.06685068575864746,0.018555965267039398,P3 EnduroSense P(success)
0.21104992651165502,0.06685068575864746,0.018437016771737813,P3 EnduroSense P(success)
0.20951137951833426,0.06728198050547744,0.018437016771737813,P3 EnduroSense P(success)
0.20817526237480774,0.06728198050547744,0.01784227429523022,P3 EnduroSense P(success)
0.20712945300575317,0.06754075735357544,0.01784227429523022,P3 EnduroSense P(success)
0.20705239400881228,0.06754075735357544,0.017723325799928635,P3 EnduroSense P(success)
0.20503232273220567,0.06788579315103942,0.017723325799928635,P3 EnduroSense P(success)
0.20439272449934834,0.06788579315103942,0.017485428809325576,P3 EnduroSense P(success)
0.2039585452759485,0.06788579315103942,0.017247531818722517,P3 EnduroSense P(success)
0.2006607466610863,0.06935219529026136,0.017247531818722517,P3 EnduroSense P(success)
0.20000050043939144,0.06935219529026136,0.01712858332342093,P3 EnduroSense P(success)
0.19918284105495762,0.06969723108772535,0.01712858332342093,P3 EnduroSense P(success)
0.19879060412509322,0.06969723108772535,0.017009634828119458,P3 EnduroSense P(success)
0.19837858035428538,0.06978349003709135,0.017009634828119458,P3 EnduroSense P(success)
0.1981993104222986,0.06978349003709135,0.016890686332817872,P3 EnduroSense P(success)
0.19731893682082746,0.06995600793582334,0.016890686332817872,P3 EnduroSense P(success)
0.19704307933030857,0.06995600793582334,0.0167717378375164,P3 EnduroSense P(success)
0.19661537596120351,0.07030104373328733,0.0167717378375164,P3 EnduroSense P(success)
0.19637903187500264,0.07030104373328733,0.016652789342214813,P3 EnduroSense P(success)
0.19348256025422955,0.0709911153282153,0.016652789342214813,P3 EnduroSense P(success)
0.19333224656494177,0.0709911153282153,0.01629594385631017,P3 EnduroSense P(success)
0.19273047252926553,0.0709911153282153,0.016176995361008695,P3 EnduroSense P(success)
0.18941546084707145,0.07185370482187527,0.016176995361008695,P3 EnduroSense P(success)
0.1890769818312473,0.07185370482187527,0.01605804686570711,P3 EnduroSense P(success)
0.18874958853350013,0.07193996377124126,0.01605804686570711,P3 EnduroSense P(success)
0.18856910957651268,0.07193996377124126,0.015939098370405635,P3 EnduroSense P(success)
0.18742314961746373,0.07219874061933926,0.015939098370405635,P3 EnduroSense P(success)
0.1873697973610777,0.07219874061933926,0.01582014987510405,P3 EnduroSense P(success)
0.18604825680726692,0.07288881221426723,0.01582014987510405,P3 EnduroSense P(success)
0.18548607455478172,0.07288881221426723,0.015701201379802576,P3 EnduroSense P(success)
0.1850730349857884,0.07314758906236522,0.015701201379802576,P3 EnduroSense P(success)
0.1849866283238824,0.07314758906236522,0.015582252884500991,P3 EnduroSense P(success)
0.18426093119293513,0.0734063659104632,0.015582252884500991,P3 EnduroSense P(success)
0.18374320405711306,0.0734063659104632,0.015463304389199517,P3 EnduroSense P(success)
0.18349818562703135,0.07357888380919521,0.015463304389199517,P3 EnduroSense P(success)
0.18334353846582263,0.07357888380919521,0.015344355893897932,P3 EnduroSense P(success)
0.18250598847444846,0.07383766065729319,0.015344355893897932,P3 EnduroSense P(success)
0.18235616742370264,0.07383766065729319,0.015225407398596458,P3 EnduroSense P(success)
0.18126262800690474,0.0740101785560252,0.015225407398596458,P3 EnduroSense P(success)
0.18063862055538024,0.0740101785560252,0.015106458903294873,P3 EnduroSense P(success)
0.18044456816396104,0.07418269645475718,0.015106458903294873,P3 EnduroSense P(success)
0.1804422678028163,0.07418269645475718,0.014987510407993287,P3 EnduroSense P(success)
0.1773595480649989,0.07470025015095316,0.014987510407993287,P3 EnduroSense P(success)
0.17656857106900342,0.07470025015095316,0.014749613417390228,P3 EnduroSense P(success)
0.17513716016810782,0.07504528594841715,0.014749613417390228,P3 EnduroSense P(success)
0.1750070952440817,0.07504528594841715,0.014630664922088754,P3 EnduroSense P(success)
0.17474095883504132,0.07530406279651514,0.014630664922088754,P3 EnduroSense P(success)
0.1747297036912744,0.07530406279651514,0.014511716426787169,P3 EnduroSense P(success)
0.17449627912466073,0.07539032174588113,0.014511716426787169,P3 EnduroSense P(success)
0.17399023928339793,0.07539032174588113,0.014392767931485695,P3 EnduroSense P(success)
0.17326019205062773,0.07556283964461313,0.014392767931485695,P3 EnduroSense P(success)
0.17222828496741704,0.07556283964461313,0.01427381943618411,P3 EnduroSense P(success)
0.17210021280716148,0.07564909859397913,0.01427381943618411,P3 EnduroSense P(success)
0.17183924847464774,0.07564909859397913,0.014154870940882636,P3 EnduroSense P(success)
0.16765776988225622,0.07720175968256707,0.014154870940882636,P3 EnduroSense P(success)
0.16746108313210198,0.07720175968256707,0.01403592244558105,P3 EnduroSense P(success)
0.1652584040247774,0.07763305442939705,0.01403592244558105,P3 EnduroSense P(success)
0.16485294461499858,0.07763305442939705,0.013916973950279576,P3 EnduroSense P(success)
0.16422004648870117,0.07789183127749504,0.013916973950279576,P3 EnduroSense P(success)
0.1641128898207299,0.07789183127749504,0.013798025454977991,P3 EnduroSense P(success)
0.16329821589656623,0.07823686707495903,0.013798025454977991,P3 EnduroSense P(success)
0.16299343591020338,0.07823686707495903,0.013679076959676406,P3 EnduroSense P(success)
0.16148535332785602,0.07849564392305702,0.013679076959676406,P3 EnduroSense P(success)
0.16087114247369527,0.07849564392305702,0.013560128464374932,P3 EnduroSense P(success)
0.16022855386281915,0.07858190287242302,0.013560128464374932,P3 EnduroSense P(success)
0.1601074554352776,0.07858190287242302,0.013441179969073347,P3 EnduroSense P(success)
0.15894195076801954,0.07918571551798499,0.013441179969073347,P3 EnduroSense P(success)
0.15882060805756432,0.07918571551798499,0.013322231473771873,P3 EnduroSense P(success)
0.1561514402454071,0.08013456396101096,0.013322231473771873,P3 EnduroSense P(success)
0.15593299962045878,0.08013456396101096,0.013203282978470288,P3 EnduroSense P(success)
0.15538464017743964,0.08022082291037695,0.013203282978470288,P3 EnduroSense P(success)
0.155226050925433,0.08022082291037695,0.012846437492565754,P3 EnduroSense P(success)
0.15499444537581236,0.08030708185974295,0.012846437492565754,P3 EnduroSense P(success)
0.1546767789504835,0.08030708185974295,0.012608540501962695,P3 EnduroSense P(success)
0.15387268554514266,0.08091089450530492,0.012608540501962695,P3 EnduroSense P(success)
0.15385034390670577,0.08091089450530492,0.01248959200666111,P3 EnduroSense P(success)
0.15373477114445966,0.08099715345467093,0.01248959200666111,P3 EnduroSense P(success)
0.15364289292328215,0.08099715345467093,0.012370643511359636,P3 EnduroSense P(success)
0.15245927332219075,0.08151470715086691,0.012370643511359636,P3 EnduroSense P(success)
0.15225492672279045,0.08151470715086691,0.01225169501605805,P3 EnduroSense P(success)
0.1519369330697731,0.0816872250495989,0.01225169501605805,P3 EnduroSense P(success)
0.1516124209004645,0.0816872250495989,0.012132746520756466,P3 EnduroSense P(success)
0.15063702142412178,0.08194600189769688,0.012132746520756466,P3 EnduroSense P(success)
0.1501889294313469,0.08194600189769688,0.011894849530153406,P3 EnduroSense P(success)
0.14918418977262968,0.08237729664452687,0.011894849530153406,P3 EnduroSense P(success)
0.14897355152904923,0.08237729664452687,0.011775901034851932,P3 EnduroSense P(success)
0.14331888361135517,0.08401621668248081,0.011775901034851932,P3 EnduroSense P(success)
0.1432803207390727,0.08401621668248081,0.011656952539550347,P3 EnduroSense P(success)
0.14291766450941873,0.0841887345812128,0.011656952539550347,P3 EnduroSense P(success)
0.142554624124791,0.0841887345812128,0.011538004044248873,P3 EnduroSense P(success)
0.14131392149449004,0.08470628827740878,0.011538004044248873,P3 EnduroSense P(success)
0.14117441118397833,0.08487880617614077,0.011538004044248873,P3 EnduroSense P(success)
0.13342323218238974,0.08807038730268266,0.011538004044248873,P3 EnduroSense P(success)
0.13337284566811408,0.08807038730268266,0.011419055548947288,P3 EnduroSense P(success)
0.1323177597177784,0.08841542310014663,0.011419055548947288,P3 EnduroSense P(success)
0.1319169802593435,0.08841542310014663,0.011300107053645814,P3 EnduroSense P(success)
0.13135969311451803,0.08850168204951264,0.011300107053645814,P3 EnduroSense P(success)
0.13130097015919057,0.08850168204951264,0.011181158558344229,P3 EnduroSense P(success)
0.13059057269181357,0.08867419994824463,0.011181158558344229,P3 EnduroSense P(success)
0.13056569462703668,0.08867419994824463,0.011062210063042754,P3 EnduroSense P(success)
0.12855568437878678,0.0892780125938066,0.011062210063042754,P3 EnduroSense P(success)
0.12845524424014917,0.0892780125938066,0.010824313072439584,P3 EnduroSense P(success)
0.12810236810764175,0.0893642715431726,0.010824313072439584,P3 EnduroSense P(success)
0.12784697124394417,0.0893642715431726,0.01070536457713811,P3 EnduroSense P(success)
0.12523085941108955,0.09022686103683257,0.01070536457713811,P3 EnduroSense P(success)
0.12502820341268608,0.09022686103683257,0.010586416081836525,P3 EnduroSense P(success)
0.12384850073180932,0.09065815578366256,0.010586416081836525,P3 EnduroSense P(success)
0.1236126005525845,0.09065815578366256,0.01046746758653505,P3 EnduroSense P(success)
0.1234207703288102,0.09074441473302855,0.01046746758653505,P3 EnduroSense P(success)
0.12336084838407523,0.09074441473302855,0.010348519091233466,P3 EnduroSense P(success)
0.1208080802640057,0.09169326317605452,0.010348519091233466,P3 EnduroSense P(success)
0.12078397632294928,0.09169326317605452,0.010229570595931992,P3 EnduroSense P(success)
0.12008488394577567,0.0920382989735185,0.010229570595931992,P3 EnduroSense P(success)
0.11982298638171969,0.0922108168722505,0.010229570595931992,P3 EnduroSense P(success)
0.11978495119750637,0.0922108168722505,0.010110622100630406,P3 EnduroSense P(success)
0.11927709587791437,0.09246959372034849,0.010110622100630406,P3 EnduroSense P(success)
0.11905145715021194,0.09246959372034849,0.009991673605328932,P3 EnduroSense P(success)
0.11894463782549894,0.09264211161908048,0.009991673605328932,P3 EnduroSense P(success)
0.11886314976752893,0.09264211161908048,0.009872725110027347,P3 EnduroSense P(success)
0.11753417029259032,0.09333218321400845,0.009872725110027347,P3 EnduroSense P(success)
0.11727891144207953,0.09333218321400845,0.009753776614725873,P3 EnduroSense P(success)
0.11714094351745677,0.09341844216337444,0.009753776614725873,P3 EnduroSense P(success)
0.11613595489545275,0.09341844216337444,0.009277982633519644,P3 EnduroSense P(success)
0.11157248749617767,0.09557491589752437,0.009277982633519644,P3 EnduroSense P(success)
0.11132261563144223,0.09557491589752437,0.00915903413821817,P3 EnduroSense P(success)
0.11102823844788645,0.09574743379625636,0.00915903413821817,P3 EnduroSense P(success)
0.1108689983276205,0.09574743379625636,0.009040085642916584,P3 EnduroSense P(success)
0.10972081167255063,0.09626498749245234,0.009040085642916584,P3 EnduroSense P(success)
0.10964261706230127,0.09626498749245234,0.00892113714761511,P3 EnduroSense P(success)
0.10736385098416998,0.09704131803674632,0.00892113714761511,P3 EnduroSense P(success)
0.10729685356290496,0.09704131803674632,0.008802188652313525,P3 EnduroSense P(success)
0.107073278776776,0.0974726127835763,0.008802188652313525,P3 EnduroSense P(success)
0.10679317384458285,0.09764513068230829,0.008802188652313525,P3 EnduroSense P(success)
0.10627426366073149,0.09799016647977228,0.008802188652313525,P3 EnduroSense P(success)
0.10619371780784456,0.09799016647977228,0.008683240157012051,P3 EnduroSense P(success)
0.10575697416970643,0.09824894332787026,0.008683240157012051,P3 EnduroSense P(success)
0.10561202393296053,0.09824894332787026,0.008564291661710466,P3 EnduroSense P(success)
0.1051807628184287,0.09859397912533426,0.008564291661710466,P3 EnduroSense P(success)
0.10511827442116724,0.09859397912533426,0.008445343166408992,P3 EnduroSense P(success)
0.10509118260036454,0.09876649702406624,0.008445343166408992,P3 EnduroSense P(success)
0.10274349260121078,0.09971534546709221,0.008445343166408992,P3 EnduroSense P(success)
0.10263794793798253,0.09971534546709221,0.008326394671107407,P3 EnduroSense P(success)
0.10220200965557055,0.0998878633658242,0.008326394671107407,P3 EnduroSense P(success)
0.10207283631442424,0.0998878633658242,0.008207446175805821,P3 EnduroSense P(success)
0.09958766607403843,0.10057793496075218,0.008207446175805821,P3 EnduroSense P(success)
0.09932925233130765,0.10057793496075218,0.008088497680504347,P3 EnduroSense P(success)
0.0992221379151445,0.10066419391011817,0.008088497680504347,P3 EnduroSense P(success)
0.0991080225101975,0.10066419391011817,0.007969549185202762,P3 EnduroSense P(success)
0.09638944537982627,0.10213059604934012,0.007969549185202762,P3 EnduroSense P(success)
0.09594937322989365,0.10213059604934012,0.007850600689901288,P3 EnduroSense P(success)
0.0946537674317482,0.1027344086949021,0.007850600689901288,P3 EnduroSense P(success)
0.09453967912389061,0.1027344086949021,0.007731652194599703,P3 EnduroSense P(success)
0.09140483816304096,0.10445958768222204,0.007731652194599703,P3 EnduroSense P(success)
0.09128796163318639,0.10445958768222204,0.007612703699298229,P3 EnduroSense P(success)
0.08673717899957889,0.1078236867074959,0.007612703699298229,P3 EnduroSense P(success)
0.08661166019888769,0.1078236867074959,0.007493755203996644,P3 EnduroSense P(success)
0.08572484556143296,0.10851375830242388,0.007493755203996644,P3 EnduroSense P(success)
0.08554785483121641,0.10851375830242388,0.00737480670869517,P3 EnduroSense P(success)
0.08548298878637936,0.10860001725178987,0.00737480670869517,P3 EnduroSense P(success)
0.08542116756441555,0.10860001725178987,0.0072558582133935845,P3 EnduroSense P(success)
0.0840607399806305,0.10903131199861986,0.0072558582133935845,P3 EnduroSense P(success)
0.0839711855366971,0.10903131199861986,0.00713690971809211,P3 EnduroSense P(success)
0.08335458705721394,0.10946260674544984,0.00713690971809211,P3 EnduroSense P(success)
0.08303143307408041,0.10946260674544984,0.007017961222790525,P3 EnduroSense P(success)
0.08094679174444579,0.1104977141378418,0.007017961222790525,P3 EnduroSense P(success)
0.08057357845243869,0.1104977141378418,0.006899012727489051,P3 EnduroSense P(success)
0.07979512849319448,0.11101526783403778,0.006899012727489051,P3 EnduroSense P(success)
0.07971696689391485,0.11101526783403778,0.006780064232187466,P3 EnduroSense P(success)
0.07892595166150045,0.11127404468213577,0.006780064232187466,P3 EnduroSense P(success)
0.07891804137354703,0.11127404468213577,0.006661115736885881,P3 EnduroSense P(success)
0.07739222215968802,0.11230915207452773,0.006661115736885881,P3 EnduroSense P(success)
0.07695889407845753,0.11230915207452773,0.006423218746282822,P3 EnduroSense P(success)
0.07652698271336553,0.1128267057707237,0.006423218746282822,P3 EnduroSense P(success)
0.07651826849327241,0.1128267057707237,0.0063042702509813475,P3 EnduroSense P(success)
0.07453233385968863,0.11455188475804365,0.0063042702509813475,P3 EnduroSense P(success)
0.07442806119919068,0.11455188475804365,0.006185321755679762,P3 EnduroSense P(success)
0.07339693203420512,0.11541447425170362,0.006185321755679762,P3 EnduroSense P(success)
0.07337878076089324,0.11541447425170362,0.006066373260378288,P3 EnduroSense P(success)
0.0724589166450883,0.11644958164409558,0.006066373260378288,P3 EnduroSense P(success)
0.07241394416092603,0.11644958164409558,0.005947424765076703,P3 EnduroSense P(success)
0.07228586855261616,0.11670835849219356,0.005947424765076703,P3 EnduroSense P(success)
0.07205911542375637,0.11670835849219356,0.005828476269775229,P3 EnduroSense P(success)
0.0708649239419982,0.11748468903648754,0.005828476269775229,P3 EnduroSense P(success)
0.07068904638953058,0.11748468903648754,0.005709527774473644,P3 EnduroSense P(success)
0.06913691305054455,0.1184335374795135,0.005709527774473644,P3 EnduroSense P(success)
0.06907883895574214,0.1184335374795135,0.00559057927917217,P3 EnduroSense P(success)
0.06695074859509864,0.11938238592253947,0.00559057927917217,P3 EnduroSense P(success)
0.06682875804828116,0.11938238592253947,0.005471630783870585,P3 EnduroSense P(success)
0.06502622940831677,0.1207625291123954,0.005471630783870585,P3 EnduroSense P(success)
0.06490655431617985,0.1207625291123954,0.0053526822885689995,P3 EnduroSense P(success)
0.06290902382752725,0.12171137755542137,0.0053526822885689995,P3 EnduroSense P(success)
0.0629081867684471,0.12171137755542137,0.005233733793267525,P3 EnduroSense P(success)
0.06084339627954123,0.12343655654274131,0.005233733793267525,P3 EnduroSense P(success)
0.06066927025475538,0.12343655654274131,0.00511478529796594,P3 EnduroSense P(success)
0.06032613083074866,0.12395411023893729,0.00511478529796594,P3 EnduroSense P(success)
0.06000623754995663,0.12395411023893729,0.004995836802664466,P3 EnduroSense P(success)
0.058696205547863235,0.12481669973259726,0.004995836802664466,P3 EnduroSense P(success)
0.05816571063993622,0.12481669973259726,0.004757939812061407,P3 EnduroSense P(success)
0.057646105934840694,0.12542051237815924,0.004757939812061407,P3 EnduroSense P(success)
0.05755628421181792,0.12542051237815924,0.004638991316759822,P3 EnduroSense P(success)
0.05717789680273653,0.12611058397308722,0.004638991316759822,P3 EnduroSense P(success)
0.05694197089723949,0.12611058397308722,0.004520042821458348,P3 EnduroSense P(success)
0.05577616082816827,0.12731820926421117,0.004520042821458348,P3 EnduroSense P(success)
0.0556691503775251,0.12731820926421117,0.0044010943261567625,P3 EnduroSense P(success)
0.055595481027662395,0.12740446821357715,0.0044010943261567625,P3 EnduroSense P(success)
0.05546656326301822,0.12757698611230917,0.0044010943261567625,P3 EnduroSense P(success)
0.054719838046183245,0.12826705770723712,0.0044010943261567625,P3 EnduroSense P(success)
0.05457428849553084,0.12826705770723712,0.0042821458308552884,P3 EnduroSense P(success)
0.053968377067497145,0.1286983524540671,0.0042821458308552884,P3 EnduroSense P(success)
0.05382684377394866,0.1286983524540671,0.004163197335553703,P3 EnduroSense P(success)
0.0533259669238244,0.1292159061502631,0.004163197335553703,P3 EnduroSense P(success)
0.05331098068061775,0.1292159061502631,0.004044248840252118,P3 EnduroSense P(success)
0.05027011848875845,0.13197619252997497,0.004044248840252118,P3 EnduroSense P(success)
0.05024685598842918,0.13197619252997497,0.003925300344950644,P3 EnduroSense P(success)
0.049998151343398314,0.13223496937807297,0.003925300344950644,P3 EnduroSense P(success)
0.04998695977613368,0.13223496937807297,0.003806351849649059,P3 EnduroSense P(success)
0.0484072298365369,0.1339601483653929,0.003806351849649059,P3 EnduroSense P(success)
0.048200972552906195,0.1339601483653929,0.003687403354347585,P3 EnduroSense P(success)
0.04640328601175048,0.13551280945398084,0.003687403354347585,P3 EnduroSense P(success)
0.04631977570712514,0.13551280945398084,0.0035684548590459997,P3 EnduroSense P(success)
0.045178029081455254,0.13646165789700682,0.0035684548590459997,P3 EnduroSense P(success)
0.04517317905386009,0.13646165789700682,0.0034495063637445256,P3 EnduroSense P(success)
0.044151896902230856,0.13758302423876478,0.0034495063637445256,P3 EnduroSense P(success)
0.04411353764117452,0.13758302423876478,0.0033305578684429404,P3 EnduroSense P(success)
0.0434074178505069,0.13835935478305875,0.0033305578684429404,P3 EnduroSense P(success)
0.04319264460879238,0.13835935478305875,0.0032116093731414663,P3 EnduroSense P(success)
0.042975101079410445,0.13861813163115674,0.0032116093731414663,P3 EnduroSense P(success)
0.04292141522048994,0.13861813163115674,0.003092660877839881,P3 EnduroSense P(success)
0.041853797585037544,0.14017079271974467,0.003092660877839881,P3 EnduroSense P(success)
0.041777420946366425,0.14017079271974467,0.002973712382538407,P3 EnduroSense P(success)
0.041689223218435795,0.14042956956784267,0.002973712382538407,P3 EnduroSense P(success)
0.041460216301026614,0.14042956956784267,0.002854763887236822,P3 EnduroSense P(success)
0.03904487795684441,0.14284482015009056,0.002854763887236822,P3 EnduroSense P(success)
0.03895823190716868,0.14284482015009056,0.002735815391935237,P3 EnduroSense P(success)
0.03789142400975526,0.14439748123867852,0.002735815391935237,P3 EnduroSense P(success)
0.03785477119767313,0.1445699991374105,0.002735815391935237,P3 EnduroSense P(success)
0.03772394432604935,0.1447425170361425,0.002735815391935237,P3 EnduroSense P(success)
0.03769022195539741,0.1447425170361425,0.0026168668966337627,P3 EnduroSense P(success)
0.035955642627207046,0.14664021392219442,0.0026168668966337627,P3 EnduroSense P(success)
0.03595114947038558,0.14664021392219442,0.0024979184013321776,P3 EnduroSense P(success)
0.035460361560917655,0.1469852497196584,0.0024979184013321776,P3 EnduroSense P(success)
0.03538077393692169,0.14715776761839042,0.0024979184013321776,P3 EnduroSense P(success)
0.03527435742175568,0.1475890623652204,0.0024979184013321776,P3 EnduroSense P(success)
0.03515439786372229,0.1475890623652204,0.0023789699060307035,P3 EnduroSense P(success)
0.0341994770454106,0.14862416975761236,0.0023789699060307035,P3 EnduroSense P(success)
0.03401434478094347,0.14862416975761236,0.0022600214107291183,P3 EnduroSense P(success)
0.03316469977261454,0.14948675925127233,0.0022600214107291183,P3 EnduroSense P(success)
0.03314022675327805,0.14948675925127233,0.0021410729154276442,P3 EnduroSense P(success)
0.03295047405096351,0.1498317950487363,0.0021410729154276442,P3 EnduroSense P(success)
0.03292283780244097,0.1498317950487363,0.002022124420126059,P3 EnduroSense P(success)
0.03217063940662828,0.15078064349176226,0.002022124420126059,P3 EnduroSense P(success)
0.03210610865894479,0.15078064349176226,0.001903175924824585,P3 EnduroSense P(success)
0.031905917107979034,0.15103942033986026,0.001903175924824585,P3 EnduroSense P(success)
0.03187162428101631,0.15103942033986026,0.0017842274295229998,P3 EnduroSense P(success)
0.0290627230468131,0.15423100146640215,0.0017842274295229998,P3 EnduroSense P(success)
0.029003782491103074,0.15440351936513413,0.0017842274295229998,P3 EnduroSense P(success)
0.028474266203544,0.15535236780816009,0.0017842274295229998,P3 EnduroSense P(success)
0.02847310879262759,0.15535236780816009,0.0016652789342215257,P3 EnduroSense P(success)
0.028011051660111447,0.15604243940308807,0.0016652789342215257,P3 EnduroSense P(success)
0.028009361436368386,0.15621495730182006,0.0016652789342215257,P3 EnduroSense P(success)
0.02789560731182092,0.15655999309928406,0.0016652789342215257,P3 EnduroSense P(success)
0.027823969698396317,0.15655999309928406,0.0015463304389199406,P3 EnduroSense P(success)
0.025407953186686105,0.1608729405675839,0.0015463304389199406,P3 EnduroSense P(success)
0.02535945725865621,0.16104545846631588,0.0015463304389199406,P3 EnduroSense P(success)
0.02474484211678786,0.16233934270680583,0.0015463304389199406,P3 EnduroSense P(success)
0.024732629919074097,0.16233934270680583,0.0014273819436184665,P3 EnduroSense P(success)
0.024588605071309035,0.16259811955490383,0.0014273819436184665,P3 EnduroSense P(success)
0.024580489777481163,0.16277063745363582,0.0014273819436184665,P3 EnduroSense P(success)
0.023119582886526886,0.16518588803588372,0.0014273819436184665,P3 EnduroSense P(success)
0.023118009834419303,0.1653584059346157,0.0014273819436184665,P3 EnduroSense P(success)
0.01904054633010302,0.17467437246614337,0.0014273819436184665,P3 EnduroSense P(success)
0.01902577252249472,0.17484689036487536,0.0014273819436184665,P3 EnduroSense P(success)
0.01902412692022623,0.17493314931424137,0.0014273819436184665,P3 EnduroSense P(success)
0.01900668385883675,0.17510566721297335,0.0014273819436184665,P3 EnduroSense P(success)
0.01865740592422232,0.1761407746053653,0.0014273819436184665,P3 EnduroSense P(success)
0.018575981659005442,0.1761407746053653,0.0013084334483168814,P3 EnduroSense P(success)
0.0184442676274311,0.1763132925040973,0.0013084334483168814,P3 EnduroSense P(success)
0.018438885059483847,0.1764858104028293,0.0013084334483168814,P3 EnduroSense P(success)
0.017315387716999413,0.17933235573190717,0.0013084334483168814,P3 EnduroSense P(success)
0.01728020218185471,0.1795048736306392,0.0013084334483168814,P3 EnduroSense P(success)
0.017002909541516564,0.18019494522556714,0.0013084334483168814,P3 EnduroSense P(success)
0.0169974527203072,0.18019494522556714,0.0011894849530152962,P3 EnduroSense P(success)
0.01628482066066944,0.18209264211161907,0.0011894849530152962,P3 EnduroSense P(success)
0.01623632865951423,0.18209264211161907,0.0010705364577138221,P3 EnduroSense P(success)
0.015576850366583753,0.184076597947037,0.0010705364577138221,P3 EnduroSense P(success)
0.015556768197716992,0.184249115845769,0.0010705364577138221,P3 EnduroSense P(success)
0.014946907509583997,0.18580177693435693,0.0010705364577138221,P3 EnduroSense P(success)
0.01490307339045089,0.18597429483308894,0.0010705364577138221,P3 EnduroSense P(success)
0.014049357611793543,0.18847580436470285,0.0010705364577138221,P3 EnduroSense P(success)
0.01402886381751505,0.18847580436470285,0.000951587962412237,P3 EnduroSense P(success)
0.008530581544636645,0.2047787457948762,0.000951587962412237,P3 EnduroSense P(success)
0.008516921299384519,0.2047787457948762,0.0008326394671107629,P3 EnduroSense P(success)
0.00808157764217632,0.20641766583283017,0.0008326394671107629,P3 EnduroSense P(success)
0.008057450989262612,0.20659018373156215,0.0008326394671107629,P3 EnduroSense P(success)
0.00804716582010314,0.20659018373156215,0.0007136909718091777,P3 EnduroSense P(success)
0.006892183734313734,0.21176572069352195,0.0007136909718091777,P3 EnduroSense P(success)
0.006826443564240264,0.21193823859225394,0.0007136909718091777,P3 EnduroSense P(success)
0.006773023615951006,0.21245579228844994,0.0007136909718091777,P3 EnduroSense P(success)
0.006725338800450292,0.21262831018718192,0.0007136909718091777,P3 EnduroSense P(success)
0.005958719526677569,0.21633744500991978,0.0007136909718091777,P3 EnduroSense P(success)
0.005930227635795315,0.21650996290865177,0.0007136909718091777,P3 EnduroSense P(success)
0.005852357168757004,0.21711377555421374,0.0007136909718091777,P3 EnduroSense P(success)
0.005842323982600546,0.21711377555421374,0.0005947424765077036,P3 EnduroSense P(success)
0.005591206013307938,0.2186664366428017,0.0005947424765077036,P3 EnduroSense P(success)
0.005574458066312455,0.2186664366428017,0.0004757939812061185,P3 EnduroSense P(success)
0.00532415882718616,0.22030535668075563,0.0004757939812061185,P3 EnduroSense P(success)
0.005323933734869978,0.22047787457948761,0.0004757939812061185,P3 EnduroSense P(success)
0.005243326878494806,0.2209091693263176,0.0004757939812061185,P3 EnduroSense P(success)
0.0052343322971447545,0.2210816872250496,0.0004757939812061185,P3 EnduroSense P(success)
0.004982877751997688,0.22220305356680756,0.0004757939812061185,P3 EnduroSense P(success)
0.004961460229699988,0.22237557146553955,0.0004757939812061185,P3 EnduroSense P(success)
0.0049422228750373755,0.22246183041490555,0.0004757939812061185,P3 EnduroSense P(success)
0.004934324438160089,0.22263434831363754,0.0004757939812061185,P3 EnduroSense P(success)
0.004489826039470223,0.22556715259208143,0.0004757939812061185,P3 EnduroSense P(success)
0.004480474140876623,0.22573967049081342,0.0004757939812061185,P3 EnduroSense P(success)
0.0036983180992828085,0.23082894850340724,0.0004757939812061185,P3 EnduroSense P(success)
0.0036947080255880418,0.23082894850340724,0.0003568454859046444,P3 EnduroSense P(success)
0.002045346577255296,0.24885706892090054,0.0003568454859046444,P3 EnduroSense P(success)
0.0020304887449844136,0.24902958681963253,0.0003568454859046444,P3 EnduroSense P(success)
0.0019473828805264847,0.2502372121107565,0.0003568454859046444,P3 EnduroSense P(success)
0.0019364414406073227,0.25040973000948846,0.0003568454859046444,P3 EnduroSense P(success)
0.0016529532228829736,0.25334253428793235,0.0003568454859046444,P3 EnduroSense P(success)
0.001641482394615235,0.25334253428793235,0.00023789699060305924,P3 EnduroSense P(success)
0.0016056293252727275,0.2536875700853964,0.00023789699060305924,P3 EnduroSense P(success)
0.0016025097265464719,0.25386008798412835,0.00023789699060305924,P3 EnduroSense P(success)
0.0015333803111249936,0.2550677132752523,0.00023789699060305924,P3 EnduroSense P(success)
0.0015127966522976237,0.2550677132752523,0.00011894849530158513,P3 EnduroSense P(success)
0.001429029876907094,0.25670663331320626,0.00011894849530158513,P3 EnduroSense P(success)
0.0014249265501571063,0.2568791512119382,0.00011894849530158513,P3 EnduroSense P(success)
0.00034090067737070135,0.28275683602173723,0.00011894849530158513,P3 EnduroSense P(success)
0.0003387479808463639,0.28292935392046925,0.00011894849530158513,P3 EnduroSense P(success)
0.00030616658727280734,0.28508582765461915,0.00011894849530158513,P3 EnduroSense P(success)
0.00030339991581091396,0.28508582765461915,0.0,P3 EnduroSense P(success)
0.0003023509315970454,0.28525834555335117,0.0,P3 EnduroSense P(success)
0.0003005275726265129,0.28551712240144916,0.0,P3 EnduroSense P(success)
0.00029226330451058045,0.2856896403001811,0.0,P3 EnduroSense P(success)
0.00027715029324464416,0.28637971189510913,0.0,P3 EnduroSense P(success)
0.00027531394140987064,0.2865522297938411,0.0,P3 EnduroSense P(success)
0.0002648612526463714,0.28715604243940307,0.0,P3 EnduroSense P(success)
0.0002645217416402171,0.2873285603381351,0.0,P3 EnduroSense P(success)
0.0001864534039803977,0.2925903562494609,0.0,P3 EnduroSense P(success)
0.00018625018243948878,0.29276287414819285,0.0,P3 EnduroSense P(success)
1.4154052761936019e-05,0.3203657379453118,0.0,P3 EnduroSense P(success)
1.4048070845458831e-05,0.32053825584404383,0.0,P3 EnduroSense P(success)
6.651291491921506e-06,0.3258863107047356,0.0,P3 EnduroSense P(success)
6.581465195699033e-06,0.32605882860346763,0.0,P3 EnduroSense P(success)
4.594076523380738e-06,0.3291641507806435,0.0,P3 EnduroSense P(success)
4.572811878686211e-06,0.3293366686793755,0.0,P3 EnduroSense P(success)
2.5881263694301357e-06,0.3327870266540153,0.0,P3 EnduroSense P(success)
2.5628480071218106e-06,0.33295954455274734,0.0,P3 EnduroSense P(success)
5.869348675223029e-07,0.34589838695764685,0.0,P3 EnduroSense P(success)
5.86671858545129e-07,0.34607090485637887,0.0,P3 EnduroSense P(success)
2.1960576467089113e-10,0.3888553437419132,0.0,P3 EnduroSense P(success)
2.1953850799152167e-10,0.38902786164064523,0.0,P3 EnduroSense P(success)
1.880907011356118e-11,0.3996377124126628,0.0,P3 EnduroSense P(success)
1.8426565670474285e-11,0.3998102303113948,0.0,P3 EnduroSense P(success)
1.4033582101039005e-12,0.41197274217200036,0.0,P3 EnduroSense P(success)
1.3592852025902254e-12,0.4121452600707323,0.0,P3 EnduroSense P(success)
2.7571221018244713e-13,0.4183559044250841,0.0,P3 EnduroSense P(success)
2.6799447724017666e-13,0.4185284223238161,0.0,P3 EnduroSense P(success)
3.609039250092413e-15,0.4342275511084275,0.0,P3 EnduroSense P(success)
3.464101357409243e-15,0.4344000690071595,0.0,P3 EnduroSense P(success)
2.8373316809915697e-17,0.45380833261450876,0.0,P3 EnduroSense P(success)
2.8364274629911947e-17,0.4539808505132408,0.0,P3 EnduroSense P(success)
3.1476820304267e-18,0.4634693349435004,0.0,P3 EnduroSense P(success)
3.1408543619067414e-18,0.46364185284223236,0.0,P3 EnduroSense P(success)
7.686543526503807e-19,0.4682998361079962,0.0,P3 EnduroSense P(success)
7.549525502792867e-19,0.4684723540067282,0.0,P3 EnduroSense P(success)
3.9638169857057273e-19,0.4710601224877081,0.0,P3 EnduroSense P(success)
3.927648969993579e-19,0.4712326403864401,0.0,P3 EnduroSense P(success)
7.570742367684185e-20,0.47821961528508583,0.0,P3 EnduroSense P(success)
7.349270832341736e-20,0.47839213318381785,0.0,P3 EnduroSense P(success)
1.943661565789802e-20,0.48313637539894766,0.0,P3 EnduroSense P(success)
1.921373724689395e-20,0.4833088932976796,0.0,P3 EnduroSense P(success)
4.834930336660249e-21,0.4876218407659795,0.0,P3 EnduroSense P(success)
4.63898761916934e-21,0.4877943586647115,0.0,P3 EnduroSense P(success)
1.0525365917904578e-22,0.49909428103165704,0.0,P3 EnduroSense P(success)
1.0411269528725157e-22,0.49926679893038906,0.0,P3 EnduroSense P(success)
1.2754295185998974e-26,0.5241093763477961,0.0,P3 EnduroSense P(success)
1.2553751811984379e-26,0.524281894246528,0.0,P3 EnduroSense P(success)
1.8819020982698612e-29,0.5405848356767015,0.0,P3 EnduroSense P(success)
1.6975713376016868e-29,0.5407573535754334,0.0,P3 EnduroSense P(success)
1.1314134332836932e-29,0.5420512378159233,0.0,P3 EnduroSense P(success)
1.1157930970039866e-29,0.5422237557146554,0.0,P3 EnduroSense P(success)
5.043137263918218e-30,0.5445527473475373,0.0,P3 EnduroSense P(success)
4.881661587864126e-30,0.5447252652462693,0.0,P3 EnduroSense P(success)
1.9646179472309667e-30,0.5474855516259812,0.0,P3 EnduroSense P(success)
1.6840992107115094e-30,0.5476580695247132,0.0,P3 EnduroSense P(success)
2.699813071349711e-32,0.5574053308030709,0.0,P3 EnduroSense P(success)
2.62083674157284e-32,0.5575778487018028,0.0,P3 EnduroSense P(success)
1.1718305031788331e-32,0.5599068403346847,0.0,P3 EnduroSense P(success)
1.1039871057881432e-32,0.5600793582334167,0.0,P3 EnduroSense P(success)
5.751763151530642e-33,0.5618045372207366,0.0,P3 EnduroSense P(success)
5.151993607650526e-33,0.5619770551194686,0.0,P3 EnduroSense P(success)
3.1975126123018484e-33,0.5634434572586906,0.0,P3 EnduroSense P(success)
3.162857837098279e-33,0.5636159751574226,0.0,P3 EnduroSense P(success)
2.1683034402102064e-34,0.5706029500560683,0.0,P3 EnduroSense P(success)
2.115860521919014e-34,0.5707754679548003,0.0,P3 EnduroSense P(success)
2.1041885264598831e-35,0.5764685586129561,0.0,P3 EnduroSense P(success)
2.0429567850964074e-35,0.576641076511688,0.0,P3 EnduroSense P(success)
3.814570771571079e-36,0.579918916587596,0.0,P3 EnduroSense P(success)
3.62597048400151e-36,0.5800914344863279,0.0,P3 EnduroSense P(success)
1.3536758982849505e-36,0.5823341671698439,0.0,P3 EnduroSense P(success)
1.3304185338263253e-36,0.5825066850685758,0.0,P3 EnduroSense P(success)
4.356202544355211e-38,0.5894936599672216,0.0,P3 EnduroSense P(success)
3.7123725148314324e-38,0.5896661778659535,0.0,P3 EnduroSense P(success)
3.421907610836425e-41,0.604071422410075,0.0,P3 EnduroSense P(success)
3.15311329883852e-41,0.604243940308807,0.0,P3 EnduroSense P(success)
9.556796969177153e-43,0.6097645130682309,0.0,P3 EnduroSense P(success)
9.474865983368098e-43,0.6099370309669628,0.0,P3 EnduroSense P(success)
9.147601476287992e-43,0.6100232899163288,0.0,P3 EnduroSense P(success)
9.00076623160437e-43,0.6101958078150608,0.0,P3 EnduroSense P(success)
9.515579963604936e-44,0.6136461657897007,0.0,P3 EnduroSense P(success)
8.192631736471309e-44,0.6138186836884326,0.0,P3 EnduroSense P(success)
5.670576570229834e-45,0.6191667385491245,0.0,P3 EnduroSense P(success)
5.1067368952469444e-45,0.6193392564478565,0.0,P3 EnduroSense P(success)
1.853425193436274e-48,0.633830759941344,0.0,P3 EnduroSense P(success)
1.6364648103821967e-48,0.6340032778400759,0.0,P3 EnduroSense P(success)
1.7685871729838762e-51,0.6459932718019494,0.0,P3 EnduroSense P(success)
1.533206619497484e-51,0.6461657897006814,0.0,P3 EnduroSense P(success)
9.950169772455811e-52,0.6474596739411714,0.0,P3 EnduroSense P(success)
9.575859775927654e-52,0.6476321918399034,0.0,P3 EnduroSense P(success)
6.835348347766212e-52,0.6484947813335633,0.0,P3 EnduroSense P(success)
6.310282156107348e-52,0.6486672992322954,0.0,P3 EnduroSense P(success)
3.677598212774158e-53,0.6534978003967912,0.0,P3 EnduroSense P(success)
3.5556319832056965e-53,0.6536703182955231,0.0,P3 EnduroSense P(success)
6.669281583148316e-54,0.657120676270163,0.0,P3 EnduroSense P(success)
6.57537071776421e-54,0.657293194168895,0.0,P3 EnduroSense P(success)
5.864700704905772e-57,0.6665229017510567,0.0,P3 EnduroSense P(success)
5.49480305014083e-57,0.6666954196497886,0.0,P3 EnduroSense P(success)
7.059115743429584e-58,0.6695419649788665,0.0,P3 EnduroSense P(success)
7.058717925719625e-58,0.6697144828775986,0.0,P3 EnduroSense P(success)
7.225702982915571e-59,0.6725610282066764,0.0,P3 EnduroSense P(success)
7.017720664917165e-59,0.6727335461054085,0.0,P3 EnduroSense P(success)
2.237612725831107e-62,0.6880876390925559,0.0,P3 EnduroSense P(success)
2.1679279164232964e-62,0.6882601569912878,0.0,P3 EnduroSense P(success)
8.969401340563556e-63,0.6898990770292418,0.0,P3 EnduroSense P(success)
8.372197593540217e-63,0.6900715949279738,0.0,P3 EnduroSense P(success)
1.3169263796168437e-63,0.6922280686621237,0.0,P3 EnduroSense P(success)
1.2029249166296192e-63,0.6924005865608557,0.0,P3 EnduroSense P(success)
2.1367778085013675e-71,0.7174156818769948,0.0,P3 EnduroSense P(success)
1.979460894037978e-71,0.7175881997757267,0.0,P3 EnduroSense P(success)
2.6824029569749336e-74,0.7268179073578884,0.0,P3 EnduroSense P(success)
2.5019505748936917e-74,0.7269904252566204,0.0,P3 EnduroSense P(success)
4.402648706333292e-79,0.7431208487880617,0.0,P3 EnduroSense P(success)
3.9900561362524546e-79,0.7432933666867938,0.0,P3 EnduroSense P(success)
1.1894071030742907e-81,0.7503666005348055,0.0,P3 EnduroSense P(success)
1.1681377894630335e-81,0.7505391184335375,0.0,P3 EnduroSense P(success)
9.468437822763187e-85,0.7600276028637971,0.0,P3 EnduroSense P(success)
8.937667300256691e-85,0.7603726386612611,0.0,P3 EnduroSense P(success)
1.731311001401126e-85,0.762529112395411,0.0,P3 EnduroSense P(success)
1.5984744485784208e-85,0.7627016302941431,0.0,P3 EnduroSense P(success)
1.9288086050255977e-89,0.7749504011041145,0.0,P3 EnduroSense P(success)
1.7746837960561755e-89,0.7751229190028466,0.0,P3 EnduroSense P(success)
4.612604629189513e-90,0.7765893211420685,0.0,P3 EnduroSense P(success)
4.30710777449721e-90,0.7767618390408004,0.0,P3 EnduroSense P(success)
9.622419179475227e-91,0.7786595359268524,0.0,P3 EnduroSense P(success)
8.424142682225574e-91,0.7788320538255844,0.0,P3 EnduroSense P(success)
1.1583917019705557e-91,0.7808160096610023,0.0,P3 EnduroSense P(success)
9.344853627403964e-92,0.7809885275597344,0.0,P3 EnduroSense P(success)
1.7059259092207418e-97,0.7965151384456137,0.0,P3 EnduroSense P(success)
1.6844219393015696e-97,0.7966876563443457,0.0,P3 EnduroSense P(success)
1.5989838778848003e-101,0.8083326145087553,0.0,P3 EnduroSense P(success)
1.564803546332889e-101,0.8085051324074872,0.0,P3 EnduroSense P(success)
5.0670373471545635e-107,0.8210126800655568,0.0,P3 EnduroSense P(success)
4.971597966569522e-107,0.8211851979642888,0.0,P3 EnduroSense P(success)
3.438614097193428e-110,0.8277408781161045,0.0,P3 EnduroSense P(success)
3.3247216130662174e-110,0.8279133960148365,0.0,P3 EnduroSense P(success)
1.3197639328831949e-110,0.8292935392046925,0.0,P3 EnduroSense P(success)
1.241744769740298e-110,0.8294660571034245,0.0,P3 EnduroSense P(success)
4.509610720149126e-113,0.8336064866729923,0.0,P3 EnduroSense P(success)
4.120641705184469e-113,0.8337790045717243,0.0,P3 EnduroSense P(success)
2.700862752247664e-113,0.8342965582679203,0.0,P3 EnduroSense P(success)
2.6092780591087776e-113,0.8344690761666523,0.0,P3 EnduroSense P(success)
5.92421389399163e-115,0.8383507288881221,0.0,P3 EnduroSense P(success)
5.553743120032588e-115,0.8385232467868541,0.0,P3 EnduroSense P(success)
1.299592861223414e-116,0.8425774174070559,0.0,P3 EnduroSense P(success)
1.1558543598512341e-116,0.842749935305788,0.0,P3 EnduroSense P(success)
2.4866409547284305e-118,0.8455964806348659,0.0,P3 EnduroSense P(success)
2.378265004517601e-118,0.8457689985335979,0.0,P3 EnduroSense P(success)
8.228730458175556e-122,0.8525834555335116,0.0,P3 EnduroSense P(success)
6.298747793063616e-122,0.8527559734322436,0.0,P3 EnduroSense P(success)
1.5649398017118357e-124,0.8581902872423014,0.0,P3 EnduroSense P(success)
1.4994054473302822e-124,0.8583628051410334,0.0,P3 EnduroSense P(success)
1.1408588557952958e-124,0.8587078409384974,0.0,P3 EnduroSense P(success)
1.0954234364820427e-124,0.8588803588372294,0.0,P3 EnduroSense P(success)
9.843923053743791e-126,0.8605192788751833,0.0,P3 EnduroSense P(success)
6.895612538782243e-126,0.8606917967739153,0.0,P3 EnduroSense P(success)
1.0757396145702453e-130,0.8714741654446649,0.0,P3 EnduroSense P(success)
8.579467954204084e-131,0.8716466833433969,0.0,P3 EnduroSense P(success)
1.0996269674037157e-133,0.8758733718623307,0.0,P3 EnduroSense P(success)
1.0491599444801985e-133,0.8760458897610627,0.0,P3 EnduroSense P(success)
5.64138024978972e-134,0.8767359613559906,0.0,P3 EnduroSense P(success)
5.097884113817828e-134,0.8769084792547227,0.0,P3 EnduroSense P(success)
2.065964245222065e-148,0.9005434313810058,0.0,P3 EnduroSense P(success)
1.857125615239414e-148,0.9007159492797377,0.0,P3 EnduroSense P(success)
1.3685081580210227e-153,0.9085655136720435,0.0,P3 EnduroSense P(success)
1.0145979641917592e-153,0.9088242905201415,0.0,P3 EnduroSense P(success)
8.504292725652535e-156,0.9117570947985854,0.0,P3 EnduroSense P(success)
6.992335743860343e-156,0.9119296126973173,0.0,P3 EnduroSense P(success)
1.6580955830291455e-166,0.9263348572414388,0.0,P3 EnduroSense P(success)
1.628677551790682e-166,0.9265073751401708,0.0,P3 EnduroSense P(success)
2.0659091174232475e-168,0.9279737772793928,0.0,P3 EnduroSense P(success)
1.9591588763133997e-168,0.9281462951781247,0.0,P3 EnduroSense P(success)
3.425971058532047e-170,0.9300439920641767,0.0,P3 EnduroSense P(success)
2.8632979790463636e-170,0.9302165099629086,0.0,P3 EnduroSense P(success)
5.123676521307397e-171,0.9310790994565686,0.0,P3 EnduroSense P(success)
4.886775667729919e-171,0.9312516173553006,0.0,P3 EnduroSense P(success)
4.555421923400578e-173,0.9327180194945226,0.0,P3 EnduroSense P(success)
3.962257263330796e-173,0.9328905373932546,0.0,P3 EnduroSense P(success)
7.285835571429548e-181,0.9401362891399982,0.0,P3 EnduroSense P(success)
4.5360205773168956e-181,0.9403088070387303,0.0,P3 EnduroSense P(success)
2.369778747110779e-184,0.9428965755197102,0.0,P3 EnduroSense P(success)
2.2148325121702525e-184,0.9430690934184421,0.0,P3 EnduroSense P(success)
3.935138719789973e-201,0.9534201673423618,0.0,P3 EnduroSense P(success)
3.032989998158315e-201,0.9535926852410938,0.0,P3 EnduroSense P(success)
6.484898520458386e-208,0.9584231864055895,0.0,P3 EnduroSense P(success)
6.152092627109297e-208,0.9585957043043216,0.0,P3 EnduroSense P(success)
1.4514193033406367e-208,0.9591132580005175,0.0,P3 EnduroSense P(success)
9.980299068099054e-209,0.9592857758992496,0.0,P3 EnduroSense P(success)
5.743640798490913e-222,0.9672215992409212,0.0,P3 EnduroSense P(success)
5.161344625289752e-222,0.9673941171396533,0.0,P3 EnduroSense P(success)
2.0539856047874057e-231,0.971362028810489,0.0,P3 EnduroSense P(success)
1.7371253134839994e-231,0.9715345467092211,0.0,P3 EnduroSense P(success)
3.0887186197449313e-237,0.973087207797809,0.0,P3 EnduroSense P(success)
3.072676105862906e-237,0.9732597256965411,0.0,P3 EnduroSense P(success)
2.615042468520708e-259,0.9786940395065988,0.0,P3 EnduroSense P(success)
1.6074747907390324e-259,0.9788665574053308,0.0,P3 EnduroSense P(success)
4.56693694855021e-267,0.9807642542913827,0.0,P3 EnduroSense P(success)
1.8015268383962206e-267,0.9809367721901148,0.0,P3 EnduroSense P(success)
4.8401247595e-313,0.9898214439748124,0.0,P3 EnduroSense P(success)
0.0,1.0,0.0,P3 EnduroSense P(success)
inf,0.0,1.0,P4 oracle
64.17064562096952,0.0,0.9998810515046984,P4 oracle
50.43967706748799,0.0,0.9856072320685143,P4 oracle
50.42058156145454,0.0,0.9853693350779112,P4 oracle
46.49960728702991,0.0,0.9676460092779826,P4 oracle
46.462061104585956,0.0,0.9674081122873796,P4 oracle
45.349508444662185,0.0,0.9592006661115737,P4 oracle
45.34562400676057,0.0,0.9589627691209707,P4 oracle
44.06356167990472,0.0,0.9498037349827525,P4 oracle
44.052276937016046,0.0,0.9495658379921494,P4 oracle
43.82072582172634,0.0,0.9475437135720233,P4 oracle
43.79852820050639,0.0,0.9473058165814202,P4 oracle
42.54579731600304,0.0,0.938146782443202,P4 oracle
42.54484940717128,0.0,0.937908885452599,P4 oracle
41.62093918109437,0.0,0.9297014392767932,P4 oracle
41.619495975084135,0.0,0.9294635422861901,P4 oracle
40.83838182253685,0.0,0.9220887355774949,P4 oracle
40.829709538436624,0.0,0.9218508385868919,P4 oracle
40.07695326278075,0.0,0.9148328773641013,P4 oracle
40.07045907603575,0.0,0.9145949803734983,P4 oracle
39.91802933606112,0.0,0.9130486499345783,P4 oracle
39.909545778923004,0.0,0.9128107529439753,P4 oracle
36.595524427089046,0.0,0.8799809682407518,P4 oracle
36.58319021694088,0.0,0.8797430712501487,P4 oracle
36.461559791718784,0.0,0.8784346378018318,P4 oracle
36.45500905939057,0.0,0.8781967408112288,P4 oracle
34.4415617735607,0.0,0.853336505293208,P4 oracle
34.429332252095584,0.0,0.853098608302605,P4 oracle
34.305626556100506,0.0,0.8522659688354942,P4 oracle
34.29410829115994,0.0,0.8517901748542881,P4 oracle
33.98801667953585,0.0,0.8475080290234329,P4 oracle
33.97799829979232,0.0,0.8472701320328297,P4 oracle
33.81945809626995,0.0,0.8452480076127037,P4 oracle
33.817161494874654,0.0,0.8450101106221006,P4 oracle
33.75392450988326,0.0,0.8444153681455929,P4 oracle
33.742812165547605,0.0,0.8441774711549899,P4 oracle
33.5471953719925,0.0,0.8417985012489592,P4 oracle
33.53576124436803,0.0,0.8415606042583561,P4 oracle
33.437216384315924,0.0,0.8396574283335316,P4 oracle
33.434835100958615,0.0,0.8394195313429285,P4 oracle
32.38733781421021,0.0,0.8259783513738551,P4 oracle
32.362734993317105,0.0,0.825740454383252,P4 oracle
31.797524936240272,0.0,0.8164624717497324,P4 oracle
31.782930271193862,0.0,0.8162245747591292,P4 oracle
30.67190019522041,0.0,0.8009991673605329,P4 oracle
30.66144035510199,0.0,0.8007612703699298,P4 oracle
29.74084730751072,0.0,0.785654811466635,P4 oracle
29.730481311583283,0.0,0.7854169144760319,P4 oracle
29.182863492104367,0.0,0.7763768288331152,P4 oracle
29.15168371846182,0.0,0.7761389318425123,P4 oracle
28.69088879040683,0.0,0.7678125371714047,P4 oracle
28.676471758569523,0.0,0.7675746401808017,P4 oracle
28.60276678256107,0.0,0.7660283097418817,P4 oracle
28.602629529873397,0.0,0.7657904127512787,P4 oracle
28.36414837383865,0.0,0.7619840609016296,P4 oracle
28.353533540665627,0.0,0.7615082669204234,P4 oracle
27.356293250316924,0.0,0.7436659926251933,P4 oracle
27.351585576033198,0.0,0.7434280956345902,P4 oracle
27.28446784048817,0.0,0.7412870227191626,P4 oracle
27.275132155732148,0.0,0.7410491257285595,P4 oracle
27.239584555955105,0.0,0.7400975377661473,P4 oracle
27.236273721524125,0.0,0.7398596407755442,P4 oracle
26.985641650484524,0.0,0.7339122160104674,P4 oracle
26.974275782443364,0.0,0.7334364220292613,P4 oracle
26.951903789078962,0.0,0.7329606280480552,P4 oracle
26.943852089625093,0.0,0.7327227310574521,P4 oracle
26.81006422992822,0.0,0.7310574521232307,P4 oracle
26.803797872179445,0.0,0.7308195551326275,P4 oracle
26.743149322397837,0.0,0.7296300701796122,P4 oracle
26.742716036167153,0.0,0.7293921731890092,P4 oracle
26.404465914172427,0.0,0.7229689544427262,P4 oracle
26.39523372266351,0.0,0.7227310574521233,P4 oracle
26.148077788974092,0.0,0.7172594266682526,P4 oracle
26.136681848585027,0.0,0.7170215296776496,P4 oracle
26.02973524444551,0.0,0.715118353752825,P4 oracle
26.01701400343636,0.0,0.714880456762222,P4 oracle
25.98553002583847,0.0,0.7144046627810159,P4 oracle
25.97873506731726,0.0,0.7141667657904127,P4 oracle
24.05825772055088,0.0,0.6747948138456048,P4 oracle
24.046762764761155,0.0,0.6745569168550019,P4 oracle
24.002687642075067,0.0,0.6738432258831926,P4 oracle
23.999158763207625,0.0,0.6736053288925895,P4 oracle
23.722195718240748,0.0,0.668609492089925,P4 oracle
23.722040083043606,0.0,0.668371595099322,P4 oracle
23.672900160617864,0.0,0.6670631616510051,P4 oracle
23.671419937667277,0.0,0.666587367669799,P4 oracle
22.418697995440397,0.0,0.6405376471987629,P4 oracle
22.417394197834675,0.0,0.6402997502081599,P4 oracle
21.940084544189727,0.0,0.630308076602831,P4 oracle
21.935411695456985,0.0,0.6300701796122279,P4 oracle
21.808006850143855,0.0,0.6268585702390865,P4 oracle
21.80258889889526,0.0,0.6266206732484834,P4 oracle
20.804564512463315,0.0,0.6052099440942071,P4 oracle
20.8045368710385,0.0,0.6049720471036042,P4 oracle
20.785304460063102,0.0,0.6046152016176995,P4 oracle
20.78231682767685,0.0,0.6043773046270965,P4 oracle
20.132095020014553,0.0,0.5884382062566909,P4 oracle
20.126439937163795,0.0,0.5882003092660878,P4 oracle
20.093808500980934,0.0,0.5876055667895801,P4 oracle
20.088562080223205,0.0,0.587367669798977,P4 oracle
19.825858828525686,0.0,0.5803497085761865,P4 oracle
19.821535428196654,0.0,0.5801118115855834,P4 oracle
19.047145187838538,0.0,0.5625074342809564,P4 oracle
19.046081460979373,0.0,0.5622695372903532,P4 oracle
18.970164402698813,0.0,0.5606042583561318,P4 oracle
18.96839882398015,0.0,0.5603663613655288,P4 oracle
18.098733481380485,0.0,0.5380040442488403,P4 oracle
18.09658434755407,0.0,0.5377661472582371,P4 oracle
17.935447654004957,0.0,0.5321755679790651,P4 oracle
17.93314278560992,0.0,0.531937670988462,P4 oracle
17.7491632036514,0.0,0.5274176281670037,P4 oracle
17.740835258887458,0.0,0.5271797311764006,P4 oracle
17.506817214569296,0.0,0.5225407398596408,P4 oracle
17.499508413631546,0.0,0.5223028428690377,P4 oracle
17.22246511243199,0.0,0.5151659331509457,P4 oracle
17.2176054565393,0.0,0.5149280361603426,P4 oracle
16.962882328781195,0.0,0.5101700963482811,P4 oracle
16.961921384042988,0.0,0.5099321993576782,P4 oracle
16.94786725945415,0.0,0.5098132508623766,P4 oracle
16.947790107326618,0.0,0.5095753538717736,P4 oracle
15.858508683957062,0.0,0.4860235518020697,P4 oracle
15.850083387275312,0.0,0.4857856548114666,P4 oracle
15.35511371459057,0.0,0.47484239324372546,P4 oracle
15.353211464491864,0.0,0.4746044962531224,P4 oracle
15.061995516970313,0.0,0.46651599857261805,P4 oracle
15.049372231674631,0.0,0.466278101582015,P4 oracle
14.476457734720881,0.0,0.45426430355656,P4 oracle
14.466093114084035,0.0,0.45402640656595694,P4 oracle
14.200963065103071,0.0,0.4470084453431664,P4 oracle
14.200336420393107,0.0,0.44677054835256336,P4 oracle
14.182654405897324,0.0,0.44570001189484953,P4 oracle
14.171149742868636,0.0,0.4454621149042465,P4 oracle
13.814439774860567,0.0,0.43606518377542525,P4 oracle
13.807859199362802,0.0,0.4358272867848222,P4 oracle
13.738235860936342,0.0,0.43309147139288684,P4 oracle
13.727374912594598,0.0,0.4328535744022838,P4 oracle
13.411908245029743,0.0,0.4232187462828595,P4 oracle
13.40512301865234,0.0,0.42298084929225643,P4 oracle
13.347024968951967,0.0,0.4215534673486381,P4 oracle
13.346962324811908,0.0,0.421315570358035,P4 oracle
13.171127644686273,0.0,0.416438682050672,P4 oracle
13.169880644255642,0.0,0.41620078506006897,P4 oracle
13.12674781771667,0.0,0.41453550612584755,P4 oracle
13.125704628083085,0.0,0.4142976091352445,P4 oracle
12.832491009672914,0.0,0.40680385393124774,P4 oracle
12.831178404665394,0.0,0.4065659569406447,P4 oracle
12.779376132461556,0.0,0.40371119305340786,P4 oracle
12.774823322835015,0.0,0.4034732960628048,P4 oracle
12.681602113296432,0.0,0.4010943261567741,P4 oracle
12.68119681065555,0.0,0.40085642916617104,P4 oracle
12.609460580595108,0.0,0.3982395622695373,P4 oracle
12.607614097408959,0.0,0.3980016652789342,P4 oracle
11.822876439409612,0.0,0.37623409063875346,P4 oracle
11.822474235916467,0.0,0.3759961936481504,P4 oracle
11.817842590746785,0.0,0.3758772451528488,P4 oracle
11.815933045976543,0.0,0.37563934816224576,P4 oracle
11.80857756140092,0.0,0.3754014511716427,P4 oracle
11.806450762878185,0.0,0.37516355418103964,P4 oracle
11.52179189784136,0.0,0.36850243844415365,P4 oracle
11.518491265654262,0.0,0.3682645414535506,P4 oracle
10.566798105565788,0.0,0.34090638753419766,P4 oracle
10.563188165185252,0.0,0.3406684905435946,P4 oracle
10.183742209023634,0.0,0.32972522897585343,P4 oracle
10.177590086694934,0.0,0.3294873319852504,P4 oracle
10.11860318912482,0.0,0.32782205305102885,P4 oracle
10.115621369349753,0.0,0.3275841560604258,P4 oracle
9.951311630068012,0.0,0.3228262162483645,P4 oracle
9.949921072021617,0.0,0.32258831925776144,P4 oracle
9.85770971448838,0.0,0.3192577613893184,P4 oracle
9.8568455163714,0.0,0.3190198643987153,P4 oracle
9.205424948105161,0.0,0.2993933626739622,P4 oracle
9.200280212613784,0.0,0.29915546568335916,P4 oracle
9.099827241493234,0.0,0.29618175330082075,P4 oracle
9.096520445621252,0.0,0.2959438563102177,P4 oracle
8.95779601312914,0.0,0.2922564529558701,P4 oracle
8.94509780645291,0.0,0.291780658974664,P4 oracle
8.753324486527283,0.0,0.28666587367669794,P4 oracle
8.75102904452693,0.0,0.2864279766860949,P4 oracle
8.731716953285286,0.0,0.28547638872368264,P4 oracle
8.727883384726088,0.0,0.2852384917330796,P4 oracle
8.651204410217638,0.0,0.283335315808255,P4 oracle
8.649783760912864,0.0,0.28309741881765194,P4 oracle
8.494227541508458,0.0,0.27822053051028905,P4 oracle
8.488122674802483,0.0,0.277982633519686,P4 oracle
8.151542282110121,0.0,0.2700130843344831,P4 oracle
8.14996414198875,0.0,0.26977518734388006,P4 oracle
8.058653356836281,0.0,0.26620673248483406,P4 oracle
8.05865231699359,0.0,0.265968835494231,P4 oracle
7.890740096710378,0.0,0.26097299869156654,P4 oracle
7.883424799266329,0.0,0.2607351017009635,P4 oracle
7.098644291829842,0.0,0.23706435113595814,P4 oracle
7.098476198033751,0.0,0.23682645414535508,P4 oracle
7.03188126810776,0.0,0.2349232782205305,P4 oracle
7.024344133319147,0.0,0.23468538122992744,P4 oracle
6.859291690114734,0.0,0.2295705959319615,P4 oracle
6.858743771978922,0.0,0.22933269894135844,P4 oracle
6.634788742025968,0.0,0.2229094801950755,P4 oracle
6.62644377941421,0.0,0.22267158320447245,P4 oracle
6.253947307913565,0.0,0.21053883668371598,P4 oracle
6.251678018591431,0.0,0.21030093969311292,P4 oracle
6.170004482307512,0.0,0.20649458784346375,P4 oracle
6.167632467237205,0.0,0.2062566908528607,P4 oracle
6.059630634354065,0.0,0.20304508147971934,P4 oracle
6.0548227304620355,0.0,0.20280718448911617,P4 oracle
5.603590563023523,0.0,0.1888902105388367,P4 oracle
5.6035440654829,0.0,0.18865231354823364,P4 oracle
5.046500870157068,0.0,0.1715237302248127,P4 oracle
5.0462770398316295,0.0,0.17128583323420954,P4 oracle
4.999284271520953,0.0,0.16926370881408348,P4 oracle
4.997839647759019,0.0,0.16902581182348042,P4 oracle
4.930286028516463,0.0,0.16700368740335436,P4 oracle
4.922379960385143,0.0,0.1667657904127513,P4 oracle
4.730775103752386,0.0,0.1614131081241822,P4 oracle
4.729627251161983,0.0,0.16117521113357913,P4 oracle
4.272853582994529,0.0,0.14797192815510885,P4 oracle
4.271887077679786,0.0,0.14773403116450579,P4 oracle
4.2009689389051275,0.0,0.14559295824907814,P4 oracle
4.186917496578602,0.0,0.14535506125847508,P4 oracle
3.9099162816980915,0.0,0.13667182110146303,P4 oracle
3.9090374115861124,0.0,0.13643392411085997,P4 oracle
3.857738372017039,0.0,0.1333412632330201,P4 oracle
3.852361057246142,0.0,0.13310336624241703,P4 oracle
3.428670888730778,0.0,0.11871059831093134,P4 oracle
3.425566752504025,0.0,0.11847270132032828,P4 oracle
3.422901144589183,0.0,0.1183537528250268,P4 oracle
3.4220661492230207,0.0,0.11799690733912216,P4 oracle
3.0191418773857706,0.0,0.10538836683715946,P4 oracle
3.01105471549228,0.0,0.1051504698465564,P4 oracle
2.4772830808630673,0.0,0.08528607113120024,P4 oracle
2.477060963211816,0.0,0.08504817414059718,P4 oracle
2.4615886619339022,0.0,0.08445343166408947,P4 oracle
2.4554983073465806,0.0,0.08421553467348641,P4 oracle
2.4117535641549566,0.0,0.08255025573926489,P4 oracle
2.4103928211846863,0.0,0.08231235874866183,P4 oracle
2.1680077159456843,0.0,0.07588914000237901,P4 oracle
2.1666555108943406,0.0,0.07565124301177595,P4 oracle
2.0087743544545305,0.0,0.06851433329368384,P4 oracle
2.0071713054829328,0.0,0.06827643630308078,P4 oracle
1.707691488272367,0.0,0.05638158677292737,P4 oracle
1.7072726307228976,0.0,0.0561436897823242,P4 oracle
1.6270378469195634,0.0,0.053883668371595084,P4 oracle
1.6158374068451025,0.0,0.053645771380992024,P4 oracle
1.4295841900199164,0.0,0.046984655644106144,P4 oracle
1.4059300060429827,0.0,0.046746758653503084,P4 oracle
1.1204968522753838,0.0,0.03806351849649103,P4 oracle
1.1177176763104377,0.0,0.037825621505887974,P4 oracle
1.0291315509833225,0.0,0.03485190912334957,P4 oracle
1.027232596992441,0.0,0.03461401213274651,P4 oracle
0.762141705791997,0.0,0.025692874985131398,P4 oracle
0.7594475902544886,0.0,0.02545497799452834,P4 oracle
0.024117136214108825,0.0,0.0007136909718091777,P4 oracle
0.013903778069071393,0.0,0.0004757939812061185,P4 oracle
0.001059350090841349,0.0,0.0,P4 oracle
-0.004249993940447894,0.00043129474682998363,0.0,P4 oracle
-0.005730761235600568,0.000603812645561977,0.0,P4 oracle
-0.37816026174277795,0.00871215388596567,0.0,P4 oracle
-0.3791067178964411,0.008884671784697663,0.0,P4 oracle
-0.4168986965003896,0.00974726127835763,0.0,P4 oracle
-0.4213757507163223,0.009919779177089623,0.0,P4 oracle
-0.8628323151699462,0.02130596049340119,0.0,P4 oracle
-0.8719432519427457,0.021478478392133182,0.0,P4 oracle
-0.9805869834913281,0.024928836366773052,0.0,P4 oracle
-0.9843516559213299,0.025101354265505048,0.0,P4 oracle
-1.1375140979550835,0.02924178383507289,0.0,P4 oracle
-1.1396377411765783,0.029414301733804882,0.0,P4 oracle
-1.5123626280311768,0.038557750366600536,0.0,P4 oracle
-1.5130684116320179,0.038730268265332525,0.0,P4 oracle
-1.6939332073848732,0.044078323126024326,0.0,P4 oracle
-1.698429084490904,0.04425084102475632,0.0,P4 oracle
-1.9632470478162318,0.05080652117657207,0.0,P4 oracle
-1.9648507771724155,0.050979039075304065,0.0,P4 oracle
-2.4539531961774017,0.06158888984732166,0.0,P4 oracle
-2.4603321822421904,0.061761407746053654,0.0,P4 oracle
-2.820881524000079,0.06978349003709135,0.0,P4 oracle
-2.823403600468396,0.06995600793582334,0.0,P4 oracle
-3.5501864890120913,0.08867419994824463,0.0,P4 oracle
-3.5531940854528443,0.08884671784697662,0.0,P4 oracle
-3.6049681102278086,0.09014060208746658,0.0,P4 oracle
-3.6071867508821143,0.09031311998619856,0.0,P4 oracle
-3.7037763544234608,0.09298714741654447,0.0,P4 oracle
-3.7092240828419705,0.09333218321400845,0.0,P4 oracle
-3.813994835652629,0.09600621064435436,0.0,P4 oracle
-3.814295918949636,0.09617872854308634,0.0,P4 oracle
-4.277318793590702,0.1080824635555939,0.0,P4 oracle
-4.2787787212452955,0.10825498145432588,0.0,P4 oracle
-4.665629239843746,0.11713965323902355,0.0,P4 oracle
-4.669216175303028,0.11731217113775554,0.0,P4 oracle
-4.827427507694679,0.1213663417579574,0.0,P4 oracle
-4.828924398449473,0.12153885965668938,0.0,P4 oracle
-4.925322430860273,0.1236090744414733,0.0,P4 oracle
-4.932690213165468,0.12378159234020529,0.0,P4 oracle
-5.130587214138011,0.1284395756059691,0.0,P4 oracle
-5.138968517416075,0.12861209350470112,0.0,P4 oracle
-5.542731294895063,0.1368066936944708,0.0,P4 oracle
-5.543671091012705,0.13697921159320278,0.0,P4 oracle
-5.6077592600735,0.1393944621754507,0.0,P4 oracle
-5.609384235025281,0.1395669800741827,0.0,P4 oracle
-5.685110794966967,0.14137841801086862,0.0,P4 oracle
-5.696215166429404,0.14155093590960063,0.0,P4 oracle
-5.765884110111891,0.14362115069438455,0.0,P4 oracle
-5.7685965912504535,0.14379366859311654,0.0,P4 oracle
-5.77266677383701,0.14387992754248252,0.0,P4 oracle
-5.772855725436827,0.14405244544121454,0.0,P4 oracle
-6.154944338586503,0.1547485551625981,0.0,P4 oracle
-6.16346131785054,0.1549210730613301,0.0,P4 oracle
-6.5441756365184105,0.16371948589666177,0.0,P4 oracle
-6.546020615423451,0.16389200379539376,0.0,P4 oracle
-7.2850339269373805,0.18053998102303115,0.0,P4 oracle
-7.294539946713272,0.18088501682049513,0.0,P4 oracle
-7.524958727344178,0.18787199171914087,0.0,P4 oracle
-7.52612680782952,0.18804450961787286,0.0,P4 oracle
-7.854804278188482,0.1974467350987665,0.0,P4 oracle
-7.8549557422154095,0.1976192529974985,0.0,P4 oracle
-8.1166123225134,0.20400241525058224,0.0,P4 oracle
-8.120528935994148,0.20417493314931423,0.0,P4 oracle
-8.316659079236594,0.20874665746571205,0.0,P4 oracle
-8.321809295912054,0.20891917536444407,0.0,P4 oracle
-8.742463539474592,0.22021909773138962,0.0,P4 oracle
-8.7427652400278,0.22039161563012163,0.0,P4 oracle
-9.254137775478924,0.23264038644009316,0.0,P4 oracle
-9.254607463753711,0.23281290433882515,0.0,P4 oracle
-9.262106080899933,0.23298542223755714,0.0,P4 oracle
-9.26388100666086,0.23315794013628913,0.0,P4 oracle
-9.821251100552253,0.2472181488829466,0.0,P4 oracle
-9.825981180961676,0.2473906667816786,0.0,P4 oracle
-10.212101656444212,0.2568791512119382,0.0,P4 oracle
-10.216528493556531,0.25705166911067023,0.0,P4 oracle
-10.601584626218603,0.26731648408522385,0.0,P4 oracle
-10.602909075242444,0.2674890019839558,0.0,P4 oracle
-11.005481946685222,0.27922021909773137,0.0,P4 oracle
-11.006041322341723,0.2793927369964634,0.0,P4 oracle
-11.036440885543705,0.2801690675407574,0.0,P4 oracle
-11.041327665643514,0.28034158543948934,0.0,P4 oracle
-12.467882457074278,0.31415509359096006,0.0,P4 oracle
-12.474592091916481,0.31432761148969207,0.0,P4 oracle
-12.65472068019153,0.31993444319848185,0.0,P4 oracle
-12.655517117837169,0.3201069610972138,0.0,P4 oracle
-12.773812042559015,0.3230397653756577,0.0,P4 oracle
-12.774621828517162,0.3232122832743897,0.0,P4 oracle
-12.789488512168873,0.3236435780212197,0.0,P4 oracle
-12.789975633180603,0.3238160959199517,0.0,P4 oracle
-12.822856003121878,0.3245924264642457,0.0,P4 oracle
-12.823756977707642,0.32476494436297765,0.0,P4 oracle
-12.993001222035069,0.3293366686793755,0.0,P4 oracle
-12.995405623378577,0.32950918657810746,0.0,P4 oracle
-13.318152733382739,0.3365824204261192,0.0,P4 oracle
-13.322472691165828,0.3367549383248512,0.0,P4 oracle
-13.531870626308844,0.341499180539981,0.0,P4 oracle
-13.534808710176378,0.34167169843871303,0.0,P4 oracle
-13.539303369085502,0.341844216337445,0.0,P4 oracle
-13.544036771974849,0.342016734236177,0.0,P4 oracle
-14.163529126566054,0.3587509704131804,0.0,P4 oracle
-14.163639418891876,0.35892348831191234,0.0,P4 oracle
-14.66276465814487,0.369360821185198,0.0,P4 oracle
-14.669665265257436,0.36953333908392993,0.0,P4 oracle
-15.083247826928806,0.37755542137496767,0.0,P4 oracle
-15.083531832470413,0.37772793927369963,0.0,P4 oracle
-15.205446161147314,0.3809195204002415,0.0,P4 oracle
-15.213910188755882,0.38109203829897353,0.0,P4 oracle
-15.214031847037582,0.3811782972483395,0.0,P4 oracle
-15.215308100658483,0.38135081514707153,0.0,P4 oracle
-15.549013624131295,0.3907530406279652,0.0,P4 oracle
-15.552467104892635,0.39092555852669714,0.0,P4 oracle
-16.76992826710083,0.420426119209868,0.0,P4 oracle
-16.77272183277995,0.4205986371086,0.0,P4 oracle
-17.58453351711688,0.44069697231087723,0.0,P4 oracle
-17.584788347346716,0.44086949020960925,0.0,P4 oracle
-17.596475446256413,0.44138704390580524,0.0,P4 oracle
-17.607005916571325,0.4415595618045372,0.0,P4 oracle
-17.728349217575495,0.4446648839817131,0.0,P4 oracle
-17.731896457573967,0.44483740188044507,0.0,P4 oracle
-18.119277788365395,0.45354955576641076,0.0,P4 oracle
-18.137779650927726,0.4537220736651428,0.0,P4 oracle
-18.224984639528692,0.4555335116018287,0.0,P4 oracle
-18.22629334910438,0.45570602950056066,0.0,P4 oracle
-19.30160003843367,0.4827913396014836,0.0,P4 oracle
-19.305680878618958,0.48296385750021564,0.0,P4 oracle
-19.500385398506758,0.48632795652548955,0.0,P4 oracle
-19.500759266605442,0.4865004744242215,0.0,P4 oracle
-19.900826856043807,0.49538514620891916,0.0,P4 oracle
-19.914404519641728,0.4955576641076512,0.0,P4 oracle
-20.297034602945597,0.5050461485379109,0.0,P4 oracle
-20.30143254886367,0.5052186664366428,0.0,P4 oracle
-20.390823539510308,0.5067713275252308,0.0,P4 oracle
-20.40400090712002,0.5069438454239628,0.0,P4 oracle
-20.513839524484105,0.5090140602087466,0.0,P4 oracle
-20.51996799797145,0.5091865781074787,0.0,P4 oracle
-20.93150126335175,0.5191063572845682,0.0,P4 oracle
-20.938598771438116,0.5192788751833003,0.0,P4 oracle
-21.707266470200437,0.5347192271198137,0.0,P4 oracle
-21.715603449841886,0.5348917450185456,0.0,P4 oracle
-21.855020560505707,0.5384283619425515,0.0,P4 oracle
-21.85578303806901,0.5386008798412836,0.0,P4 oracle
-22.009926299480213,0.5407573535754334,0.0,P4 oracle
-22.01140245801465,0.5409298714741655,0.0,P4 oracle
-22.547455709576795,0.5515397222461831,0.0,P4 oracle
-22.54884021432811,0.551712240144915,0.0,P4 oracle
-23.0503618987226,0.5616320193220047,0.0,P4 oracle
-23.050522970181632,0.5618045372207366,0.0,P4 oracle
-23.31804494897945,0.5675838868282584,0.0,P4 oracle
-23.31826720895141,0.5677564047269904,0.0,P4 oracle
-23.358313746055615,0.5685327352712845,0.0,P4 oracle
-23.358561779703788,0.5687052531700164,0.0,P4 oracle
-23.80366579849811,0.579918916587596,0.0,P4 oracle
-23.804838553388684,0.5800914344863279,0.0,P4 oracle
-24.371566617410565,0.5936340895367894,0.0,P4 oracle
-24.37220863180002,0.5938066074355214,0.0,P4 oracle
-24.733359530773306,0.6013973949797291,0.0,P4 oracle
-24.74487027634283,0.6015699128784612,0.0,P4 oracle
-24.77285938000533,0.6020012076252911,0.0,P4 oracle
-24.776205958175574,0.6021737255240232,0.0,P4 oracle
-24.873612654317437,0.604243940308807,0.0,P4 oracle
-24.875831296850663,0.6044164582075391,0.0,P4 oracle
-24.9213737269044,0.605279047701199,0.0,P4 oracle
-24.922346976411482,0.605451565599931,0.0,P4 oracle
-25.145239864762793,0.6097645130682309,0.0,P4 oracle
-25.148555151390717,0.6099370309669628,0.0,P4 oracle
-25.158890731786165,0.6101958078150608,0.0,P4 oracle
-25.160739798413836,0.6103683257137928,0.0,P4 oracle
-25.289647269979753,0.6123522815492107,0.0,P4 oracle
-25.293460201447814,0.6125247994479427,0.0,P4 oracle
-26.13055035386965,0.6263262313465022,0.0,P4 oracle
-26.134494964498558,0.6264987492452342,0.0,P4 oracle
-26.56060194890013,0.6351246441818339,0.0,P4 oracle
-26.56146741158603,0.6352971620805659,0.0,P4 oracle
-26.803939822354184,0.6390925558526697,0.0,P4 oracle
-26.81492874229596,0.6392650737514017,0.0,P4 oracle
-27.32879579574596,0.6484085223841973,0.0,P4 oracle
-27.334128555140396,0.6485810402829294,0.0,P4 oracle
-27.487408264586605,0.6514275856120072,0.0,P4 oracle
-27.493721457182225,0.6516001035107393,0.0,P4 oracle
-27.568915453150602,0.6526352109031311,0.0,P4 oracle
-27.569668342783643,0.6528077288018632,0.0,P4 oracle
-27.862061587700474,0.6599672215992409,0.0,P4 oracle
-27.874966283471935,0.6601397394979729,0.0,P4 oracle
-27.94900821532063,0.6616061416371949,0.0,P4 oracle
-27.949794687177004,0.6617786595359268,0.0,P4 oracle
-28.229766759776034,0.6664366428016907,0.0,P4 oracle
-28.243865633141212,0.6666091607004226,0.0,P4 oracle
-28.42684693731536,0.6692831881307686,0.0,P4 oracle
-28.42774828569278,0.6694557060295006,0.0,P4 oracle
-28.622732718024594,0.6729923229535064,0.0,P4 oracle
-28.62482004046675,0.6731648408522384,0.0,P4 oracle
-28.73634760584948,0.6747175019408264,0.0,P4 oracle
-28.74194471463255,0.6748900198395583,0.0,P4 oracle
-29.06981541115261,0.6801518157508841,0.0,P4 oracle
-29.077739613229877,0.6804968515483482,0.0,P4 oracle
-29.6087286662027,0.6894677822824118,0.0,P4 oracle
-29.614559809374924,0.6896403001811438,0.0,P4 oracle
-29.739205380320378,0.6917105149659277,0.0,P4 oracle
-29.7471137267014,0.6918830328646597,0.0,P4 oracle
-30.38429183895036,0.7016302941430174,0.0,P4 oracle
-30.39592639778804,0.7018028120417493,0.0,P4 oracle
-30.81218402462426,0.7083584921935651,0.0,P4 oracle
-30.814606576314095,0.7085310100922971,0.0,P4 oracle
-30.860017694214108,0.7091348227378591,0.0,P4 oracle
-30.86088849060112,0.7093073406365911,0.0,P4 oracle
-31.80581907457288,0.7239713620288105,0.0,P4 oracle
-31.809186160290118,0.7241438799275425,0.0,P4 oracle
-32.035763846324656,0.7273354610540843,0.0,P4 oracle
-32.042071080512926,0.7275079789528164,0.0,P4 oracle
-32.11383284230931,0.7292331579401363,0.0,P4 oracle
-32.12397580745646,0.7294056758388683,0.0,P4 oracle
-32.18304254344787,0.7306133011299922,0.0,P4 oracle
-32.18777378490522,0.7307858190287242,0.0,P4 oracle
-32.69559886751772,0.7394979729146899,0.0,P4 oracle
-32.69756952589401,0.7396704908134218,0.0,P4 oracle
-34.14941166209739,0.7621840765979471,0.0,P4 oracle
-34.155768086099826,0.762356594496679,0.0,P4 oracle
-34.243803381737074,0.7642542913827309,0.0,P4 oracle
-34.25065790254209,0.764426809281463,0.0,P4 oracle
-36.33272066575126,0.7950487363063918,0.0,P4 oracle
-36.33915951488515,0.7952212542051238,0.0,P4 oracle
-38.5461795623615,0.8241180022427327,0.0,P4 oracle
-38.55250067888506,0.8242905201414646,0.0,P4 oracle
-38.608771416389544,0.8250668506857587,0.0,P4 oracle
-38.61489877793339,0.8252393685844907,0.0,P4 oracle
-39.06514936638962,0.8304149055464505,0.0,P4 oracle
-39.073605312755944,0.8305874234451824,0.0,P4 oracle
-39.15606735738333,0.8315362718882084,0.0,P4 oracle
-39.16009303701441,0.8317087897869404,0.0,P4 oracle
-39.65457356368946,0.8380919520400242,0.0,P4 oracle
-39.67960800489656,0.8382644699387561,0.0,P4 oracle
-39.89940086924863,0.8409384973691021,0.0,P4 oracle
-39.9005069793594,0.841111015267834,0.0,P4 oracle
-39.95017858355135,0.841714827913396,0.0,P4 oracle
-39.952261790316015,0.841973604761494,0.0,P4 oracle
-40.45657670861934,0.8477529543690158,0.0,P4 oracle
-40.461942303446705,0.8479254722677477,0.0,P4 oracle
-40.49956387021767,0.8486155438626758,0.0,P4 oracle
-40.50457721946521,0.8487880617614078,0.0,P4 oracle
-40.505674821279186,0.8488743207107737,0.0,P4 oracle
-40.51510409866013,0.8490468386095057,0.0,P4 oracle
-40.73099535543928,0.8518071249892176,0.0,P4 oracle
-40.74046627984271,0.8519796428879496,0.0,P4 oracle
-41.908662546447616,0.8646597084447512,0.0,P4 oracle
-41.91340629357056,0.8648322263434831,0.0,P4 oracle
-42.978441379481794,0.8757008539635988,0.0,P4 oracle
-42.99904739610182,0.8758733718623307,0.0,P4 oracle
-44.42623569499435,0.8893297679634262,0.0,P4 oracle
-44.44389082353247,0.8895022858621582,0.0,P4 oracle
-45.86343860364217,0.9010609850772018,0.0,P4 oracle
-45.86872675597317,0.9012335029759337,0.0,P4 oracle
-46.59420883540302,0.9073578883809196,0.0,P4 oracle
-46.60157871812819,0.9075304062796515,0.0,P4 oracle
-46.70605390347852,0.9081342189252135,0.0,P4 oracle
-46.71382401879123,0.9083067368239455,0.0,P4 oracle
-47.364442644498084,0.9146898990770292,0.0,P4 oracle
-47.3766869306394,0.9150349348744933,0.0,P4 oracle
-48.19122993234374,0.9209005434313811,0.0,P4 oracle
-48.191939457268234,0.921073061330113,0.0,P4 oracle
-48.37939734164712,0.9219356508237729,0.0,P4 oracle
-48.38470571354196,0.922108168722505,0.0,P4 oracle
-49.47719174733964,0.9276287414819288,0.0,P4 oracle
-49.487746927870624,0.9278012593806607,0.0,P4 oracle
-50.38346790717239,0.9331493142413525,0.0,P4 oracle
-50.395129340516405,0.9333218321400846,0.0,P4 oracle
-52.28365914137464,0.9436729060640041,0.0,P4 oracle
-52.2938853925848,0.9438454239627362,0.0,P4 oracle
-52.40383527349546,0.9441042008108341,0.0,P4 oracle
-52.419263793120635,0.9442767187095661,0.0,P4 oracle
-54.28856112121345,0.9536789441904597,0.0,P4 oracle
-54.298336054881354,0.9538514620891918,0.0,P4 oracle
-54.67563757369918,0.9561804537220737,0.0,P4 oracle
-54.69912485783399,0.9563529716208057,0.0,P4 oracle
-56.08061082644206,0.9614422496333994,0.0,P4 oracle
-56.08520478793139,0.9616147675321315,0.0,P4 oracle
-56.926856246628645,0.9654964202536013,0.0,P4 oracle
-57.05954599197454,0.9658414560510653,0.0,P4 oracle
-65.79311767638947,0.9884413007849564,0.0,P4 oracle
-65.88699659369404,0.9886138186836885,0.0,P4 oracle
-93.65404380635907,1.0,0.0,P4 oracle
